Saint ID,Saint,Primary Museum Section,Alternative Museum Sections,Museum Section Tier,Museum Section Confidence,Museum Section Rationale,Museum Section Internal Placement Note,Family ID,Curatorial Family,Family Size,Spiritual regions,Sampradaya,Normalized places
recLkf0RWHaSCVa97,Avadhoota Sri Sri Sri Maitraya of Andhra Pradesh,Andhra Avadhuta & Datta-Advaita Lineages,Needs Research,Tertiary,Medium,"Spiritual region maps to Andhra Avadhuta & Datta-Advaita Lineages. Tier proposed as Tertiary because placement is contextual, inferred, or lower-confidence.",,,,,Andhra Pradesh General,(No Sampradaya),"Andhra Pradesh, India"
recFtt4S11S5A4cQ9,"Pujya Sri Premanandagiri Mataji of Kesavadasupalem, Konaseema Ambedkar District, Andhra Pradesh ",Andhra Avadhuta & Datta-Advaita Lineages,Needs Research,Tertiary,Medium,"Spiritual region maps to Andhra Avadhuta & Datta-Advaita Lineages. Tier proposed as Tertiary because placement is contextual, inferred, or lower-confidence.",,,,,Andhra Pradesh General,(No Sampradaya),"Kesavadasupalem, Konaseema Ambedkar District, Andhra Pradesh, India"
rec4bgn1KKkTDDEkG,Sri Amritananda Natha Saraswati of Devipuram,Andhra Avadhuta & Datta-Advaita Lineages,,Secondary,High,Family override from FAM-037 (Sri Amritananda Natha Saraswati Family); family placement takes priority over geography. Explicit archivalist movement override: Sri Amritananda Natha Saraswati of Devipuram belongs only in the Andhra section. Section overridden to Andhra Avadhuta & Datta-Advaita Lineages. Tier proposed as Secondary because the record is a close family/lineage member or direct section fit.,Explicit archivalist movement override: Sri Amritananda Natha Saraswati of Devipuram belongs only in the Andhra section.,FAM-037,,2,Modern Saints,(No Sampradaya),"Devipuram, Visakhapatnam, Andhra Pradesh, India"
recR5Kd2cgPHUzAJy,"Sri Avadhoota Amma of Chivatam, Andhra Pradesh",Andhra Avadhuta & Datta-Advaita Lineages,Needs Research,Tertiary,Medium,"Spiritual region maps to Andhra Avadhuta & Datta-Advaita Lineages. Tier proposed as Tertiary because placement is contextual, inferred, or lower-confidence.",,,,,Andhra Pradesh General,(No Sampradaya),"Chivatam, Andhra Pradesh, India"
rec34uMaOTX1s1j99,"Sri Avadhoota Mahalakshmi Amma of Guntur, Andhra Pradesh",Andhra Avadhuta & Datta-Advaita Lineages,Needs Research,Tertiary,Medium,"Spiritual region maps to Andhra Avadhuta & Datta-Advaita Lineages. Tier proposed as Tertiary because placement is contextual, inferred, or lower-confidence.",,,,,Coastal Andhra,(No Sampradaya),"Guntur, Andhra Pradesh, India"
recTeQpFQWebWkFQu,Sri Avadhoota Sri Agni Baba Garu of Andhra Pradesh,Andhra Avadhuta & Datta-Advaita Lineages,Needs Research,Tertiary,Medium,"Spiritual region maps to Andhra Avadhuta & Datta-Advaita Lineages. Tier proposed as Tertiary because placement is contextual, inferred, or lower-confidence.",,,,,Andhra Pradesh General,(No Sampradaya),"Andhra Pradesh, India"
recwFZ9fwHnPNyKdd,"Sri Avadhoota Sri Padhan Bhajaru Ramaswami Baba of Guntur, Andhra Pradesh ",Andhra Avadhuta & Datta-Advaita Lineages,Needs Research,Tertiary,Medium,"Spiritual region maps to Andhra Avadhuta & Datta-Advaita Lineages. Tier proposed as Tertiary because placement is contextual, inferred, or lower-confidence.",,,,,Coastal Andhra,(No Sampradaya),"Guntur, Andhra Pradesh, India"
recp21sXIcrV1BlgN,"Sri Avadhoota Sudheendra Babu Garu of Undrajavaram, Andhra Pradesh",Andhra Avadhuta & Datta-Advaita Lineages,Needs Research,Tertiary,Medium,"Spiritual region maps to Andhra Avadhuta & Datta-Advaita Lineages. Tier proposed as Tertiary because placement is contextual, inferred, or lower-confidence.",,,,,Andhra Pradesh General,(No Sampradaya),"Undrajavaram, Andhra Pradesh, India"
rec0Yg75hdKUasqV8,"Sri Balayogitalli Devudamma Garu of Indupalli, Andhra Pradesh",Andhra Avadhuta & Datta-Advaita Lineages,Needs Research,Tertiary,Medium,"Spiritual region maps to Andhra Avadhuta & Datta-Advaita Lineages. Tier proposed as Tertiary because placement is contextual, inferred, or lower-confidence.",,,,,Andhra Pradesh General,(No Sampradaya),Andhra Pradesh
receEH3QCEZ6JgXPr,"Sri Bupathiraju Venkata Lakshmi Narasimha Raju Garu (Sri Nanna Garu) of ??, Andhra Pradesh",Andhra Avadhuta & Datta-Advaita Lineages,Needs Research,Tertiary,Medium,"Spiritual region maps to Andhra Avadhuta & Datta-Advaita Lineages. Tier proposed as Tertiary because placement is contextual, inferred, or lower-confidence.",,,,,Andhra Pradesh General,(No Sampradaya),Andhra Pradesh
recwoqG8uSC9Va2Vj,"Sri Bupathiraju Venkata Lakshmi Narasimha Raju Garu (Sri Nanna Garu) of ??, Andhra Pradesh",Andhra Avadhuta & Datta-Advaita Lineages,Needs Research,Tertiary,Medium,"Spiritual region maps to Andhra Avadhuta & Datta-Advaita Lineages. Tier proposed as Tertiary because placement is contextual, inferred, or lower-confidence.",,,,,Andhra Pradesh General,(No Sampradaya),"Andhra Pradesh, India"
recPkeRPJmQuWJBSh,"Sri Golagamudi Venkaiah Swami of Golagamudi, Andhra Pradesh",Andhra Avadhuta & Datta-Advaita Lineages,Needs Research,Tertiary,Medium,"Spiritual region maps to Andhra Avadhuta & Datta-Advaita Lineages. Tier proposed as Tertiary because placement is contextual, inferred, or lower-confidence.",,,,,Andhra Pradesh General,(No Sampradaya),"Golagamudi, Andhra Pradesh, India"
recGNdSReai0re5Hu,Sri Hanumath Kali Vara Prasada Babuji Maharaj,Andhra Avadhuta & Datta-Advaita Lineages,Needs Research,Secondary,Medium,Spiritual region maps to Andhra Avadhuta & Datta-Advaita Lineages. Tier proposed as Secondary because the record is a close family/lineage member or direct section fit.,Family FAM-052 is present but not mapped to a stronger section override; review family tree if this placement feels off.,FAM-052,,2,Coastal Andhra,(No Sampradaya),"Sri Kali Vanashram, Bhimavaram, Andhra Pradesh, India"
recZrKDcgmViS9JoV,"Sri Hazrath Kale Masthan Shavali Baba
Avadoota of ?, Andhra Pradesh ",Andhra Avadhuta & Datta-Advaita Lineages,Needs Research,Tertiary,Medium,"Spiritual region maps to Andhra Avadhuta & Datta-Advaita Lineages. Tier proposed as Tertiary because placement is contextual, inferred, or lower-confidence.",,,,,Andhra Pradesh General,(No Sampradaya),Andhra Pradesh
recdjx3Sy6RzaRQVI,"Sri Kamesh Maharshi Garu of Kamakshi Pitam, 2kms to Clock tower, Amalapuram, Andhra Pradesh ",Andhra Avadhuta & Datta-Advaita Lineages,Needs Research,Tertiary,Medium,"Spiritual region maps to Andhra Avadhuta & Datta-Advaita Lineages. Tier proposed as Tertiary because placement is contextual, inferred, or lower-confidence.",,,,,Andhra Pradesh General,(No Sampradaya),"2kms to Clock tower, Amalapuram, Andhra Pradesh, India"
recO6tszPP3jp6F0m,"Sri Kanakamma Garu of Bharatashramam, 14th line, A.T.Agraharam, Guntur, Andhra Pradesh",Andhra Avadhuta & Datta-Advaita Lineages,Needs Research,Tertiary,Medium,"Spiritual region maps to Andhra Avadhuta & Datta-Advaita Lineages. Tier proposed as Tertiary because placement is contextual, inferred, or lower-confidence.",,,,,Andhra Pradesh General,(No Sampradaya),"A.T.Agraharam, Guntur, Andhra Pradesh, India"
recw4JMQy6FLTjn2p,"Sri Kotta Ramakotaiah of Chinakakani, Mangalagiri, Guntur, Andhra Pradesh",Andhra Avadhuta & Datta-Advaita Lineages,Needs Research,Tertiary,Medium,"Spiritual region maps to Andhra Avadhuta & Datta-Advaita Lineages. Tier proposed as Tertiary because placement is contextual, inferred, or lower-confidence.",,,,,Coastal Andhra,(No Sampradaya),"Guntur, Andhra Pradesh, India"
recKK1KWt4QYdAmcU,Sri Mata Jyotirmayanda Barathi of Andhra Pradesh,Andhra Avadhuta & Datta-Advaita Lineages,Needs Research,Tertiary,Medium,"Spiritual region maps to Andhra Avadhuta & Datta-Advaita Lineages. Tier proposed as Tertiary because placement is contextual, inferred, or lower-confidence.",,,,,Andhra Pradesh General,(No Sampradaya),"Andhra Pradesh, India"
recpVMZF5kNJtG2cL,"Sri Mata Sugnananda Giri Swami of Bharathi Gitashramam, Mamidipalli Village, Andhra Pradesh",Andhra Avadhuta & Datta-Advaita Lineages,Needs Research,Tertiary,Medium,"Spiritual region maps to Andhra Avadhuta & Datta-Advaita Lineages. Tier proposed as Tertiary because placement is contextual, inferred, or lower-confidence.",,,,,Andhra Pradesh General,(No Sampradaya),Andhra Pradesh
recovm4yzDT5NMPN5,"Sri Narasimha Bhakta Keer of Chilakalapudi, Andhra Pradesh",Andhra Avadhuta & Datta-Advaita Lineages,Needs Research,Tertiary,Medium,"Spiritual region maps to Andhra Avadhuta & Datta-Advaita Lineages. Tier proposed as Tertiary because placement is contextual, inferred, or lower-confidence.",,,,,Andhra Pradesh General,(No Sampradaya),"Chilakalapudi, Andhra Pradesh, India"
rec50s7fYDU1tXOHq,"Sri Nirvikalpanandagiri Swami of Sheshachala Ashrama, Nehrunagar, Guntur, Andhra Pradesh ",Andhra Avadhuta & Datta-Advaita Lineages,Needs Research,Tertiary,Medium,"Spiritual region maps to Andhra Avadhuta & Datta-Advaita Lineages. Tier proposed as Tertiary because placement is contextual, inferred, or lower-confidence.",,,,,Coastal Andhra,(No Sampradaya),"Guntur, Andhra Pradesh, India"
recCNbMlJpZj6ddZ2,"Sri Pelluri Venkat Seetaramanjaneya Sharma of Purvashram, near Veera Brahmendra Swami Samadhi, Andhra Pradesh",Andhra Avadhuta & Datta-Advaita Lineages,Needs Research,Tertiary,Medium,"Spiritual region maps to Andhra Avadhuta & Datta-Advaita Lineages. Tier proposed as Tertiary because placement is contextual, inferred, or lower-confidence.",,,,,Andhra Pradesh General,(No Sampradaya),Andhra Pradesh
rec5GvGX2G8pL2JKX,"Sri Potuluri Veerabrahmendhra Swami Varu of Brahmamgari Matam, Kadapa, Andhra Pradesh",Andhra Avadhuta & Datta-Advaita Lineages,Needs Research,Featured,Medium,Spiritual region maps to Andhra Avadhuta & Datta-Advaita Lineages. Explicit archivalist featured saint override: Sri Potuluri Veerabrahmendhra Swami. Tier proposed as Featured because the record appears to anchor or lead a family cluster.,Family FAM-064 is present but not mapped to a stronger section override; review family tree if this placement feels off.,FAM-064,,2,Andhra Pradesh General,(No Sampradaya),"Kadapa, Andhra Pradesh, India"
recutsIc9XZrXmzXY,Sri Prabarkar Garu of Andhra Pradesh,Andhra Avadhuta & Datta-Advaita Lineages,Needs Research,Secondary,Medium,Spiritual region maps to Andhra Avadhuta & Datta-Advaita Lineages. Tier proposed as Secondary because the record is a close family/lineage member or direct section fit.,Family FAM-038 is present but not mapped to a stronger section override; review family tree if this placement feels off.,FAM-038,,2,Andhra Pradesh General,(No Sampradaya),"Andhra Pradesh, India"
recdzV5EUGaiuIsEp,"Sri Prasad Raju Swamiji of Vasishta Ashram, Antarvedi, Andhra Pradesh",Andhra Avadhuta & Datta-Advaita Lineages,Needs Research,Tertiary,Medium,"Spiritual region maps to Andhra Avadhuta & Datta-Advaita Lineages. Tier proposed as Tertiary because placement is contextual, inferred, or lower-confidence.",,,,,Andhra Pradesh General,(No Sampradaya),"Vasishta Ashram, Antarvedi, Andhra Pradesh, India"
recnN6SjH1pOAAXtj,"Sri Prasad Raju Swamiji of VasishtaAshram, Antarvedi, Sakhinetipalle, Konaseema, Andhra Pradesh",Andhra Avadhuta & Datta-Advaita Lineages,Needs Research,Tertiary,Medium,"Spiritual region maps to Andhra Avadhuta & Datta-Advaita Lineages. Tier proposed as Tertiary because placement is contextual, inferred, or lower-confidence.",,,,,Andhra Pradesh General,(No Sampradaya),Andhra Pradesh
rec4mpxiy1KBLcdY7,"Sri Rachakonda Venkata Narasimha Sharma of Duvva, Tanuku, West Godavari, Andhra Pradesh",Andhra Avadhuta & Datta-Advaita Lineages,Needs Research,Tertiary,Medium,"Spiritual region maps to Andhra Avadhuta & Datta-Advaita Lineages. Tier proposed as Tertiary because placement is contextual, inferred, or lower-confidence.",,,,,Andhra Pradesh General,(No Sampradaya),Andhra Pradesh
rec4236mnDNEehcyU,"Sri Ragam Rama Pitchaiah Garu of Sri Ramanama Kshetram, Guntur, Andhra Pradesh",Andhra Avadhuta & Datta-Advaita Lineages,Needs Research,Tertiary,Medium,"Spiritual region maps to Andhra Avadhuta & Datta-Advaita Lineages. Tier proposed as Tertiary because placement is contextual, inferred, or lower-confidence.",,,,,Coastal Andhra,(No Sampradaya),"Guntur, Andhra Pradesh, India"
recKXywibOANlUi7r,"Sri Ramyananda Bharathi Swamini of Guntur, Andhra Pradesh",Andhra Avadhuta & Datta-Advaita Lineages,Needs Research,Secondary,Medium,Spiritual region maps to Andhra Avadhuta & Datta-Advaita Lineages. Tier proposed as Secondary because the record is a close family/lineage member or direct section fit.,Family FAM-068 is present but not mapped to a stronger section override; review family tree if this placement feels off.,FAM-068,,2,Coastal Andhra,(No Sampradaya),"Guntur, Andhra Pradesh, India"
recJpcbax5r8RD2NR,"Sri Rangaiah Swami of Kummara Palli, Jettivaripalle Road, Andhra Pradesh",Andhra Avadhuta & Datta-Advaita Lineages,Needs Research,Tertiary,Medium,"Spiritual region maps to Andhra Avadhuta & Datta-Advaita Lineages. Tier proposed as Tertiary because placement is contextual, inferred, or lower-confidence.",,,,,Andhra Pradesh General,(No Sampradaya),Andhra Pradesh
recDXz1rB8pmUAiM9,"Sri Sadwi Pushpamata of Kaikalur, Krishna district, Eluru, near Guntur, Andhra Pradesh",Andhra Avadhuta & Datta-Advaita Lineages,Needs Research,Secondary,Medium,Spiritual region maps to Andhra Avadhuta & Datta-Advaita Lineages. Tier proposed as Secondary because the record is a close family/lineage member or direct section fit.,Family FAM-069 is present but not mapped to a stronger section override; review family tree if this placement feels off.,FAM-069,,2,Andhra Pradesh General,(No Sampradaya),Andhra Pradesh
recKSXq8hAFlVJpnl,"Sri Siddha Datta Avadhoota of Malleswaram, Andhra Pradesh",Andhra Avadhuta & Datta-Advaita Lineages,Needs Research,Tertiary,Medium,"Spiritual region maps to Andhra Avadhuta & Datta-Advaita Lineages. Tier proposed as Tertiary because placement is contextual, inferred, or lower-confidence.",,,,,Andhra Pradesh General,(No Sampradaya),"Malleswaram, Andhra Pradesh, India"
recvsfoIEOsRMKMsv,"Sri Siddha Datta Avadoota of Malleswaram, Andhra Pradesh",Andhra Avadhuta & Datta-Advaita Lineages,Needs Research,Secondary,Medium,Spiritual region maps to Andhra Avadhuta & Datta-Advaita Lineages. Tier proposed as Secondary because the record is a close family/lineage member or direct section fit.,Family FAM-072 is present but not mapped to a stronger section override; review family tree if this placement feels off.,FAM-072,,2,Andhra Pradesh General,(No Sampradaya),Andhra Pradesh
rec1tbLaeSzcd2o2S,"Sri Siddhaiah Swami of near Paluguvallapalle, Kadapa district, Andhra Pradesh",Andhra Avadhuta & Datta-Advaita Lineages,Needs Research,Secondary,Medium,Spiritual region maps to Andhra Avadhuta & Datta-Advaita Lineages. Tier proposed as Secondary because the record is a close family/lineage member or direct section fit.,Family FAM-064 is present but not mapped to a stronger section override; review family tree if this placement feels off.,FAM-064,,2,Andhra Pradesh General,(No Sampradaya),"Kadapa, Andhra Pradesh, India"
recds79Q1Tt4TrJeV,"Sri Siddheswarananda Bharati Swami of Guntur, Andhra Pradesh",Andhra Avadhuta & Datta-Advaita Lineages,Needs Research,Secondary,Medium,Spiritual region maps to Andhra Avadhuta & Datta-Advaita Lineages. Tier proposed as Secondary because the record is a close family/lineage member or direct section fit.,Family FAM-068 is present but not mapped to a stronger section override; review family tree if this placement feels off.,FAM-068,,2,Coastal Andhra,(No Sampradaya),"Guntur, Andhra Pradesh, India"
recouEy9jFx0IXGrV,"Sri Sitaram of Pedamuttevi, Movva, Krishna, Andhra Pradesh",Andhra Avadhuta & Datta-Advaita Lineages,Needs Research,Tertiary,Medium,"Spiritual region maps to Andhra Avadhuta & Datta-Advaita Lineages. Tier proposed as Tertiary because placement is contextual, inferred, or lower-confidence.",,,,,Andhra Pradesh General,(No Sampradaya),Andhra Pradesh
recksq8naSc1M7D2E,"Sri Sri Krishna Paramahamsa Swami of Malleswaram, Andhra Pradesh",Andhra Avadhuta & Datta-Advaita Lineages,Needs Research,Tertiary,Medium,"Spiritual region maps to Andhra Avadhuta & Datta-Advaita Lineages. Tier proposed as Tertiary because placement is contextual, inferred, or lower-confidence.",,,,,Andhra Pradesh General,(No Sampradaya),"Malleswaram, Andhra Pradesh, India"
recmn633G3pzYKcYx,"Sri Sri Krishna Paramahamsa Swami of Malleswaram, near Siddantam, Andhra Pradesh",Andhra Avadhuta & Datta-Advaita Lineages,Needs Research,Secondary,Medium,Spiritual region maps to Andhra Avadhuta & Datta-Advaita Lineages. Tier proposed as Secondary because the record is a close family/lineage member or direct section fit.,Family FAM-072 is present but not mapped to a stronger section override; review family tree if this placement feels off.,FAM-072,,2,Andhra Pradesh General,(No Sampradaya),Andhra Pradesh
rec6apxyRTbvB8uHO,"Sri Sri Sri Avatar Digambar Bhagavan Ramakrishnananda of Nellore, Andhra Pradesh ",Andhra Avadhuta & Datta-Advaita Lineages,Needs Research,Tertiary,Medium,"Spiritual region maps to Andhra Avadhuta & Datta-Advaita Lineages. Tier proposed as Tertiary because placement is contextual, inferred, or lower-confidence.",,,,,Coastal Andhra,(No Sampradaya),"Nellore, Andhra Pradesh, India"
reckQmTmjq7q6zGQO,"Sri Sri Sri Shiva Satya Balayogi Swami ji of Kondangi Ashram, Kaikalur, Krishna district, Eluru, (near Guntur) Andhra Pradesh",Andhra Avadhuta & Datta-Advaita Lineages,Needs Research,Secondary,Medium,Spiritual region maps to Andhra Avadhuta & Datta-Advaita Lineages. Tier proposed as Secondary because the record is a close family/lineage member or direct section fit.,Family FAM-069 is present but not mapped to a stronger section override; review family tree if this placement feels off.,FAM-069,,2,Andhra Pradesh General,(No Sampradaya),"Kaikalur, Andhra Pradesh, India"
recwijd8VEEsovtX9,"Sri Sriman Samardha Ragam Anjaneyulu Garu of Sri Ramanama Kshetram, Guntur",Andhra Avadhuta & Datta-Advaita Lineages,Needs Research,Tertiary,Medium,"Spiritual region maps to Andhra Avadhuta & Datta-Advaita Lineages. Tier proposed as Tertiary because placement is contextual, inferred, or lower-confidence.",,,,,Coastal Andhra,(No Sampradaya),"Guntur, Andhra Pradesh, India"
recM8jWqlj13XuHnV,Sri Sugunamba Lakshminarayana Maa of Vijayawada Andhra Pradesh,Andhra Avadhuta & Datta-Advaita Lineages,Needs Research,Tertiary,Medium,"Spiritual region maps to Andhra Avadhuta & Datta-Advaita Lineages. Tier proposed as Tertiary because placement is contextual, inferred, or lower-confidence.",,,,,Coastal Andhra,(No Sampradaya),"Vijayawada, Andhra Pradesh, India"
rec3mQlWpwjgaz5ml,Sri Swami Chidananda Saraswati of Vijaywada,Andhra Avadhuta & Datta-Advaita Lineages,Needs Research,Tertiary,Medium,"Spiritual region maps to Andhra Avadhuta & Datta-Advaita Lineages. Tier proposed as Tertiary because placement is contextual, inferred, or lower-confidence.",,,,,Coastal Andhra,(No Sampradaya),"Vijayawada, Andhra Pradesh, India"
recX1z3jvuyqrFX11,Sri Swami Gyaanaprasana of Andhra Pradesh ,Andhra Avadhuta & Datta-Advaita Lineages,Needs Research,Tertiary,Medium,"Spiritual region maps to Andhra Avadhuta & Datta-Advaita Lineages. Tier proposed as Tertiary because placement is contextual, inferred, or lower-confidence.",,,,,Andhra Pradesh General,(No Sampradaya),"Andhra Pradesh, India"
recETDj9Y5smnAYD8,"Sri Swami Jyanananda of Goraganamudi, Near Bhimavaram, Andhra Pradesh",Andhra Avadhuta & Datta-Advaita Lineages,Needs Research,Tertiary,Medium,"Spiritual region maps to Andhra Avadhuta & Datta-Advaita Lineages. Tier proposed as Tertiary because placement is contextual, inferred, or lower-confidence.",,,,,Andhra Pradesh General,(No Sampradaya),"Goraganamudi, Near Bhimavaram, Andhra Pradesh, India"
rech5MQ4nOMgkH1FL,"Sri Swami Kaleshwar of Penukonda, Andhra Pradesh",Andhra Avadhuta & Datta-Advaita Lineages,Needs Research,Tertiary,Medium,"Spiritual region maps to Andhra Avadhuta & Datta-Advaita Lineages. Tier proposed as Tertiary because placement is contextual, inferred, or lower-confidence.",,,,,Andhra Pradesh General,(No Sampradaya),Andhra Pradesh
recUgMlKqOJS67J7l,Sri Swami Nagananda of Bukkapatnam,Andhra Avadhuta & Datta-Advaita Lineages,Needs Research,Tertiary,Medium,"Spiritual region maps to Andhra Avadhuta & Datta-Advaita Lineages. Tier proposed as Tertiary because placement is contextual, inferred, or lower-confidence.",,,,,Andhra Pradesh General,(No Sampradaya),"Bukkapatnam, Andhra Pradesh, India"
recefZSqfNauGblTk,"Sri Swami Vasudevananda Giri of Rajeswari Peetam, Pedapulipaaka, Vijayawada, Penamaluru Mandal, Andhra Pradesh",Andhra Avadhuta & Datta-Advaita Lineages,Needs Research,Tertiary,Medium,"Spiritual region maps to Andhra Avadhuta & Datta-Advaita Lineages. Tier proposed as Tertiary because placement is contextual, inferred, or lower-confidence.",,,,,Coastal Andhra,(No Sampradaya),"Vijayawada, Andhra Pradesh, India"
rec0HQJdjNnHKOmq3,Sri Visuddhananda Saraswathi Garu of Andhra Pradesh,Andhra Avadhuta & Datta-Advaita Lineages,Needs Research,Tertiary,Medium,"Spiritual region maps to Andhra Avadhuta & Datta-Advaita Lineages. Tier proposed as Tertiary because placement is contextual, inferred, or lower-confidence.",,,,,Andhra Pradesh General,(No Sampradaya),"Andhra Pradesh, India"
rec1WWN7Xb1ZRGGhA,Yogini Sri Chandra Kali Prasad Mataji ,Andhra Avadhuta & Datta-Advaita Lineages,Needs Research,Secondary,Medium,Spiritual region maps to Andhra Avadhuta & Datta-Advaita Lineages. Tier proposed as Secondary because the record is a close family/lineage member or direct section fit.,Family FAM-052 is present but not mapped to a stronger section override; review family tree if this placement feels off.,FAM-052,,2,Coastal Andhra,(No Sampradaya),"Sri Kali Vanashram, Bhimavaram, Andhra Pradesh, India"
recZbwL1wz3gD9B70,Khandro Tsering Chödron of Tibet ,"Bengal Shakta, Baul & Modern Saints",Needs Research,Tertiary,Medium,"Spiritual region maps to Bengal Shakta, Baul & Modern Saints. Tier proposed as Tertiary because placement is contextual, inferred, or lower-confidence.",,,,,South Asia,(No Sampradaya),Tibet
recedh4xdQxgmUm1g,Paramacharya Jagadguru Sri Sri  Sri Tiruchi Mahaswamigal of Bangalore,"Bengal Shakta, Baul & Modern Saints",Needs Research,Tertiary,Medium,"Spiritual region maps to Bengal Shakta, Baul & Modern Saints. Tier proposed as Tertiary because placement is contextual, inferred, or lower-confidence.",,,,,Bengaluru Spiritual Sphere,(No Sampradaya),"Bengaluru, Karnataka, India"
rec2Xmz15pP16n1dR,Paramahamsa Sri Swami Nigammananda ji Saraswati Deva of Calcutta,"Bengal Shakta, Baul & Modern Saints",Jagannath-Puri & Odisha,Secondary,High,"Sampradaya maps directly to Bengal Shakta, Baul & Modern Saints. Tier proposed as Secondary because the record is a close family/lineage member or direct section fit.",Family FAM-031 is present but not mapped to a stronger section override; review family tree if this placement feels off.,FAM-031,,2,"Kolkata Spiritual Sphere
Jagannath-Puri Tradition
South Asia","Tantra,Jnana
Shankaracharya Sampradaya","Kolkata, West Bengal, India
Nilachal Math, Puri, Odisha, India
Kutabpur, Bangladesh"
recC3zchheU7N9g2E,Sogyal Rinpoche of Tipet,"Bengal Shakta, Baul & Modern Saints",Needs Research,Tertiary,Medium,"Spiritual region maps to Bengal Shakta, Baul & Modern Saints. Tier proposed as Tertiary because placement is contextual, inferred, or lower-confidence.",,,,,South Asia,(No Sampradaya),Tibet
rec896V7fs1lwnSkY,Sri (Ishwar) Tota Puri Baba of Punjap/ or Puri/ - wandering monk,"Bengal Shakta, Baul & Modern Saints",Jagannath-Puri & Odisha,Featured,High,Family override from FAM-008 (Sri (Ishwar) Tota Puri Baba Family); family placement takes priority over geography. Tier proposed as Featured because the record appears to anchor or lead a family cluster.,"Organize inside Bengal Shakta, Baul & Modern Saints using FAM-008 family context before geography.",FAM-008,,5,Jagannath-Puri Tradition,Satnami Puri Sampradaya,"Punjab, India
Puri, Odisha, India"
recSYEInZCyvDPkGk,"Sri Abhijeet Roy of Khashbagan, Loknath Ashram, Burdwan","Bengal Shakta, Baul & Modern Saints",Girnar & Nath Traditions,Tertiary,Medium,"Spiritual region maps to Bengal Shakta, Baul & Modern Saints. Tier proposed as Tertiary because placement is contextual, inferred, or lower-confidence.",,,,,Bardhaman Region,(No Sampradaya),"Bardwan, West Bengal, India"
recBVn7Vp9onOO9Bh,Sri Anandamoyi Ma of Bangladesh ,"Bengal Shakta, Baul & Modern Saints",,Featured,High,"Family override from FAM-010 (Sri Anandamoyi Ma Family); family placement takes priority over geography. Explicit archivalist featured saint override: Sri Anandamoyi Ma. Explicit archivalist movement override: Sri Anandamoyi Ma belongs only in Bengal Shakta, Baul & Modern Saints. Tier proposed as Featured because the record appears to anchor or lead a family cluster.","Organize inside Bengal Shakta, Baul & Modern Saints using FAM-010 family context before geography.",FAM-010,,5,South Asia,(No Sampradaya),Bangladesh
recZPkXeFQBUFoa19,"Sri Annada Thakur of Addya Peth/ Chittagong  OR Calcutta? , West Bengal ","Bengal Shakta, Baul & Modern Saints",Needs Research,Tertiary,Medium,"Spiritual region maps to Bengal Shakta, Baul & Modern Saints. Tier proposed as Tertiary because placement is contextual, inferred, or lower-confidence.",,,,,Kolkata Spiritual Sphere,(No Sampradaya),"Kolkata, West Bengal, India"
recDNdUifKDuhAqnc,"Sri Atmanand Das Tyagi (Nepali Baba) of Janakpur, Nepal","Bengal Shakta, Baul & Modern Saints",Needs Research,Tertiary,Medium,"Spiritual region maps to Bengal Shakta, Baul & Modern Saints. Tier proposed as Tertiary because placement is contextual, inferred, or lower-confidence.",,,,,South Asia,(No Sampradaya),"Dhanusha Dham, Janakpur, Nepal"
recYRhNt8Q2nMaW19,Sri Avadhuta Ramanand Swami of Bangalore,"Bengal Shakta, Baul & Modern Saints",Needs Research,Tertiary,Medium,"Spiritual region maps to Bengal Shakta, Baul & Modern Saints. Tier proposed as Tertiary because placement is contextual, inferred, or lower-confidence.",,,,,Bengaluru Spiritual Sphere,(No Sampradaya),"Bengaluru, Karnataka, India"
recCIuQTzNZY1KNsQ,Sri Baba Bolanath of Bangladesh,"Bengal Shakta, Baul & Modern Saints",Girnar & Nath Traditions,Secondary,High,Family override from FAM-010 (Sri Anandamoyi Ma Family); family placement takes priority over geography. Tier proposed as Secondary because the record is a close family/lineage member or direct section fit.,"Organize inside Bengal Shakta, Baul & Modern Saints using FAM-010 family context before geography.",FAM-010,,5,South Asia,(No Sampradaya),Bangladesh
recMmZ5qGtbPiHxJz,"Sri Baba Pagla of Ambika Kalna, West Bengal","Bengal Shakta, Baul & Modern Saints",Needs Research,Tertiary,Medium,"Spiritual region maps to Bengal Shakta, Baul & Modern Saints. Tier proposed as Tertiary because placement is contextual, inferred, or lower-confidence.",,,,,West Bengal General,(No Sampradaya),West Bengal
rec093BrDsvyYbvhP,Sri Bamakhepa Baba of Tarapith ,"Bengal Shakta, Baul & Modern Saints",Needs Research,Secondary,Medium,"Spiritual region maps to Bengal Shakta, Baul & Modern Saints. Tier proposed as Secondary because the record is a close family/lineage member or direct section fit.",Family FAM-031 is present but not mapped to a stronger section override; review family tree if this placement feels off.,FAM-031,,2,Shakta Bengal,(No Sampradaya),"Tarapith, West Bengal, India"
recSZ8Fcf0kN0uvm4,Sri Bhakti Vedanta Tridandi Goswami Maharaj of Siliguri (Sri Keshava Goswami Gaudiya Math),"Bengal Shakta, Baul & Modern Saints",Needs Research,Tertiary,Medium,"Spiritual region maps to Bengal Shakta, Baul & Modern Saints. Tier proposed as Tertiary because placement is contextual, inferred, or lower-confidence.",,,,,North Bengal,(No Sampradaya),"Siliguri, West Bengal, India"
rec5Fk0gFRU0FohDv,Sri Bhakti Vedanta Vaman Goswami Maharaj of Siliguri (Sri Shyam sundar Gaudiya Math),"Bengal Shakta, Baul & Modern Saints",Needs Research,Tertiary,Medium,"Spiritual region maps to Bengal Shakta, Baul & Modern Saints. Tier proposed as Tertiary because placement is contextual, inferred, or lower-confidence.",,,,,North Bengal,(No Sampradaya),"Siliguri, West Bengal, India"
recu6BNpxPrBr8SsE,"Sri Chinmoy (Kumar Ghose) of Chittagong, Bangladesh ","Bengal Shakta, Baul & Modern Saints",Needs Research,Tertiary,Medium,"Spiritual region maps to Bengal Shakta, Baul & Modern Saints. Tier proposed as Tertiary because placement is contextual, inferred, or lower-confidence.",,,,,South Asia,(No Sampradaya),"Chittagong, Bangladesh"
recp8UqwZZqAL2Usl,Sri Chun Chun Nath Agori Baba of Kathmandu,"Bengal Shakta, Baul & Modern Saints",Girnar & Nath Traditions,Tertiary,Medium,"Spiritual region maps to Bengal Shakta, Baul & Modern Saints. Tier proposed as Tertiary because placement is contextual, inferred, or lower-confidence.",,,,,South Asia,(No Sampradaya),"Kathmandu, Nepal, Nepal"
rec8JtkUJLI9wSvwu,"Sri Cuddapah Paramahamsa Yogeeshwar Swami of Bangalore, Karnataka","Bengal Shakta, Baul & Modern Saints",Needs Research,Tertiary,Medium,"Spiritual region maps to Bengal Shakta, Baul & Modern Saints. Tier proposed as Tertiary because placement is contextual, inferred, or lower-confidence.",,,,,Bengaluru Spiritual Sphere,(No Sampradaya),"Bengaluru, Karnataka, India"
recXXBTDJy7Tp8LoG,Sri Dadaji Dilip Kumar Roy of Pune ,"Bengal Shakta, Baul & Modern Saints",Maharashtra Guru Lineages,Secondary,High,Virtual curatorial Sri Aurobindo family: Dadaji Dilip Kumar Roy is treated as a disciple of Sri Aurobindo and guru of Indira Devi. Tier proposed as Secondary because the record is a close family/lineage member or direct section fit.,Virtual curatorial Sri Aurobindo family: Dadaji Dilip Kumar Roy is treated as a disciple of Sri Aurobindo and guru of Indira Devi.,FAM-042,CUR-FAM-AUROBINDO-INTEGRAL-YOGA,2,Modern Guru Centers,(No Sampradaya),"Pune, Maharashtra, India"
recbZIJBveOYqWWs5,"Sri Dandi Swami Damodarashram of Addyapeeth, Calcutta","Bengal Shakta, Baul & Modern Saints",Needs Research,Tertiary,Medium,"Spiritual region maps to Bengal Shakta, Baul & Modern Saints. Tier proposed as Tertiary because placement is contextual, inferred, or lower-confidence.",,,,,Kolkata Spiritual Sphere,(No Sampradaya),"Addyapeeth, Kolkata, West Bengal, India"
recsmno4Rquvfnth2,Sri Gajanan Maharaj of Shivpuri,"Bengal Shakta, Baul & Modern Saints",Needs Research,Tertiary,Medium,"Spiritual region maps to Bengal Shakta, Baul & Modern Saints. Tier proposed as Tertiary because placement is contextual, inferred, or lower-confidence.",,,,,South Asia,(No Sampradaya),"Shivapuri, Nepal"
recD9UOKV9Nx2vJlO,"Sri Ganapathi Sachchidananda Swamiji of Datta Peetham, Mysore ","Bengal Shakta, Baul & Modern Saints",Needs Research,Tertiary,Medium,"Spiritual region maps to Bengal Shakta, Baul & Modern Saints. Tier proposed as Tertiary because placement is contextual, inferred, or lower-confidence.",,,,,Bengaluru Spiritual Sphere,(No Sampradaya),"Mekedatu, Karnataka, India
Mysore, Karnataka, India"
recc9hYwqqmB3Di2r,"Sri Gaudi Das Pandit of Ambika Kalna, West Bengal ","Bengal Shakta, Baul & Modern Saints",Needs Research,Tertiary,Medium,"Spiritual region maps to Bengal Shakta, Baul & Modern Saints. Tier proposed as Tertiary because placement is contextual, inferred, or lower-confidence.",,,,,West Bengal General,(No Sampradaya),West Bengal
rec7Jp1JDp4Vm9470,"Sri Govindanand Giri Maharaj of Bongram Ashram, West Bengal","Bengal Shakta, Baul & Modern Saints",Needs Research,Tertiary,Medium,"Spiritual region maps to Bengal Shakta, Baul & Modern Saints. Tier proposed as Tertiary because placement is contextual, inferred, or lower-confidence.",,,,,West Bengal General,(No Sampradaya),West Bengal
recFwJWKusgV51Uso,Sri Haridas Dey of Burdwaan ,"Bengal Shakta, Baul & Modern Saints",Needs Research,Tertiary,Medium,"Spiritual region maps to Bengal Shakta, Baul & Modern Saints. Tier proposed as Tertiary because placement is contextual, inferred, or lower-confidence.",,,,,Bardhaman Region,(No Sampradaya),"Burdwaan, West Bengal, India
Bardwan, West Bengal, India"
recXYK78omBVuEYQM,Sri Indira Devi of Pune,"Bengal Shakta, Baul & Modern Saints",Maharashtra Guru Lineages,Secondary,High,Virtual curatorial Sri Aurobindo family: Indira Devi is treated as a disciple of Dadaji Dilip Kumar Roy. Tier proposed as Secondary because the record is a close family/lineage member or direct section fit.,Virtual curatorial Sri Aurobindo family: Indira Devi is treated as a disciple of Dadaji Dilip Kumar Roy.,FAM-042,CUR-FAM-AUROBINDO-INTEGRAL-YOGA,2,Modern Guru Centers,(No Sampradaya),"Pune, Maharashtra, India"
recvvFRsuylwBC0r3,Sri Kali Shankar Chattapaday of Tarapith,"Bengal Shakta, Baul & Modern Saints",Needs Research,Tertiary,Medium,"Spiritual region maps to Bengal Shakta, Baul & Modern Saints. Tier proposed as Tertiary because placement is contextual, inferred, or lower-confidence.",,,,,Shakta Bengal,(No Sampradaya),"Tarapith, West Bengal, India"
recpyhIScDxJbDdE1,Sri Kamaal Darvesh Dargaah of Shivpuri ,"Bengal Shakta, Baul & Modern Saints",Needs Research,Tertiary,Medium,"Spiritual region maps to Bengal Shakta, Baul & Modern Saints. Tier proposed as Tertiary because placement is contextual, inferred, or lower-confidence.",,,,,South Asia,(No Sampradaya),"Shivapuri, Nepal"
recx3CeojSYmBeHkQ,Sri Karunamayi of Bangalore ,"Bengal Shakta, Baul & Modern Saints",Needs Research,Tertiary,Medium,"Spiritual region maps to Bengal Shakta, Baul & Modern Saints. Tier proposed as Tertiary because placement is contextual, inferred, or lower-confidence.",,,,,Bengaluru Spiritual Sphere,(No Sampradaya),"Bengaluru, Karnataka, India"
recSUU4X56pAqF1JC,Sri Lakshmi Mani Devi of Calcutta ,"Bengal Shakta, Baul & Modern Saints",Needs Research,Secondary,High,Family override from FAM-008 (Sri (Ishwar) Tota Puri Baba Family); family placement takes priority over geography. Tier proposed as Secondary because the record is a close family/lineage member or direct section fit.,"Organize inside Bengal Shakta, Baul & Modern Saints using FAM-008 family context before geography.",FAM-008,,5,Kolkata Spiritual Sphere,(No Sampradaya),"Kolkata, West Bengal, India"
recrWjhRIBpUX7A6J,Sri Lal Baba of Calcutta near Belur Math,"Bengal Shakta, Baul & Modern Saints",Needs Research,Tertiary,Medium,"Spiritual region maps to Bengal Shakta, Baul & Modern Saints. Tier proposed as Tertiary because placement is contextual, inferred, or lower-confidence.",,,,,Kolkata Spiritual Sphere,(No Sampradaya),"Kolkata, West Bengal, India"
recdMxyeocl1lyD6a,Sri Lokanath Baba of Bangladesh,"Bengal Shakta, Baul & Modern Saints",Girnar & Nath Traditions,Tertiary,Medium,"Spiritual region maps to Bengal Shakta, Baul & Modern Saints. Tier proposed as Tertiary because placement is contextual, inferred, or lower-confidence.",,,,,South Asia,(No Sampradaya),Bangladesh
rec8bJoneLtPZ4aZv,Sri Mahan Odukathur Swamigal of Bangalore,"Bengal Shakta, Baul & Modern Saints",Needs Research,Tertiary,Medium,"Spiritual region maps to Bengal Shakta, Baul & Modern Saints. Tier proposed as Tertiary because placement is contextual, inferred, or lower-confidence.",,,,,Bengaluru Spiritual Sphere,(No Sampradaya),"Bengaluru, Karnataka, India"
recXa1fpOwmlwQ4YH,Sri Mahendranath Gupta of Calcutta (or Master Mahasaya) ,"Bengal Shakta, Baul & Modern Saints",Girnar & Nath Traditions,Tertiary,Medium,"Spiritual region maps to Bengal Shakta, Baul & Modern Saints. Tier proposed as Tertiary because placement is contextual, inferred, or lower-confidence.",,,,,Kolkata Spiritual Sphere,(No Sampradaya),"Kolkata, West Bengal, India"
recgjan7BxjyG7CeZ,Sri Manisen of Panihati ,"Bengal Shakta, Baul & Modern Saints",Gaudiya Vaishnava; Jagannath-Puri & Odisha,Secondary,High,Family override from FAM-008 (Sri (Ishwar) Tota Puri Baba Family); family placement takes priority over geography. Tier proposed as Secondary because the record is a close family/lineage member or direct section fit.,"Organize inside Bengal Shakta, Baul & Modern Saints using FAM-008 family context before geography.",FAM-008,,5,Jagannath-Puri Tradition,Gaudiya Vaishnava,"Puri, Odisha, India"
recLT8AYxRj4RaEHW,Sri Mata Mukthambika Devi of Bangalore ,"Bengal Shakta, Baul & Modern Saints",Needs Research,Tertiary,Medium,"Spiritual region maps to Bengal Shakta, Baul & Modern Saints. Tier proposed as Tertiary because placement is contextual, inferred, or lower-confidence.",,,,,Bengaluru Spiritual Sphere,(No Sampradaya),"Bengaluru, Karnataka, India"
recb4HUZeReDXmY7M,Sri Milk Baba of Kathmandu ,"Bengal Shakta, Baul & Modern Saints",Needs Research,Tertiary,Medium,"Spiritual region maps to Bengal Shakta, Baul & Modern Saints. Tier proposed as Tertiary because placement is contextual, inferred, or lower-confidence.",,,,,South Asia,(No Sampradaya),Nepal
recvXsFbwopnW8RTA,"Sri Mirra Alfassa of Auroville, near Puducherry, Tamil Nadu","Bengal Shakta, Baul & Modern Saints",Shaiva Siddhanta & Tamil Traditions,Featured,High,Virtual curatorial Sri Aurobindo family: Sri Mirra Alfassa is treated as Sri Aurobindo's spiritual partner and coworker; Sri Aurobindo is not represented as a saint row because relics are not in the table. Tier proposed as Featured because the record appears to anchor or lead a family cluster.,Virtual curatorial Sri Aurobindo family: Sri Mirra Alfassa is treated as Sri Aurobindo's spiritual partner and coworker; Sri Aurobindo is not represented as a saint row because relics are not in the table.,,CUR-FAM-AUROBINDO-INTEGRAL-YOGA,,Tamil Nadu General,(No Sampradaya),Tamil Nadu
recGTQ2TC1ssjCdZE,"Sri Mithai Baba of Bakreshwar, West Bengal","Bengal Shakta, Baul & Modern Saints",Needs Research,Tertiary,Medium,"Spiritual region maps to Bengal Shakta, Baul & Modern Saints. Tier proposed as Tertiary because placement is contextual, inferred, or lower-confidence.",,,,,West Bengal General,(No Sampradaya),West Bengal
rec0UdBlKfO9mbpZD,"Sri Mokshada Sundari Devi of Kheora, Bangladesh ","Bengal Shakta, Baul & Modern Saints",Needs Research,Tertiary,Medium,"Spiritual region maps to Bengal Shakta, Baul & Modern Saints. Tier proposed as Tertiary because placement is contextual, inferred, or lower-confidence.",,,,,South Asia,(No Sampradaya),Bangladesh
recUHQFRRY8a8a304,Sri Narayan Raju of Mysore,"Bengal Shakta, Baul & Modern Saints",Needs Research,Tertiary,Medium,"Spiritual region maps to Bengal Shakta, Baul & Modern Saints. Tier proposed as Tertiary because placement is contextual, inferred, or lower-confidence.",,,,,Bengaluru Spiritual Sphere,(No Sampradaya),"Mysore, Karnataka, India"
recv7xsxOB32vlFNE,"Sri Nichidatsu Fujii (Fujii Guruji) of Peace, Pagoda, Darjeeling ","Bengal Shakta, Baul & Modern Saints",Needs Research,Tertiary,Medium,"Spiritual region maps to Bengal Shakta, Baul & Modern Saints. Tier proposed as Tertiary because placement is contextual, inferred, or lower-confidence.",,,,,North Bengal,(No Sampradaya),"Darjeeling, West Bengal, India"
recuxjz5o7wTClAy5,"Sri Pandit Mahaveer Prasad Saraswat of Kalimpong (Jagadish Mandir, Strawberry) ","Bengal Shakta, Baul & Modern Saints",Needs Research,Tertiary,Medium,"Spiritual region maps to Bengal Shakta, Baul & Modern Saints. Tier proposed as Tertiary because placement is contextual, inferred, or lower-confidence.",,,,,North Bengal,(No Sampradaya),"Kalimpong, West Bengal, India"
recRivuJkmJR7uYVc,"Sri Paramahamsa Guruji Sri 108 Mangal Das ji Maharaj of Siliguri (Pranaami Road, Pranaami Mandir)","Bengal Shakta, Baul & Modern Saints",Needs Research,Tertiary,Medium,"Spiritual region maps to Bengal Shakta, Baul & Modern Saints. Tier proposed as Tertiary because placement is contextual, inferred, or lower-confidence.",,,,,North Bengal,(No Sampradaya),"Siliguri, West Bengal, India"
recO2Oq0MmSBpw5QK,"Sri Paramahamsa Tibbeti Baba of Syhlet, Bangladesh ","Bengal Shakta, Baul & Modern Saints",Needs Research,Tertiary,Medium,"Spiritual region maps to Bengal Shakta, Baul & Modern Saints. Tier proposed as Tertiary because placement is contextual, inferred, or lower-confidence.",,,,,South Asia,(No Sampradaya),Bangladesh
reckV8sJXL5cq978J,Sri Paramahansa Ramakrishna of Calcutta,"Bengal Shakta, Baul & Modern Saints",Needs Research,Featured,High,Family override from FAM-008 (Sri (Ishwar) Tota Puri Baba Family); family placement takes priority over geography. Explicit archivalist featured saint override: Sri Paramahamsa Ramakrishna. Tier proposed as Featured because the record appears to anchor or lead a family cluster.,"Organize inside Bengal Shakta, Baul & Modern Saints using FAM-008 family context before geography.",FAM-008,,5,Kolkata Spiritual Sphere,(No Sampradaya),"Kolkata, West Bengal, India"
recS8S1NXfk8NgRoq,"Sri Parvathy Baul of Thiruvananthapuram, Kerala (originally from Bengal)","Bengal Shakta, Baul & Modern Saints",Needs Research,Secondary,Medium,Family override from FAM-026 (Baul); family placement takes priority over geography. Tier proposed as Secondary because the record is a close family/lineage member or direct section fit.,"Organize inside Bengal Shakta, Baul & Modern Saints using FAM-026 family context before geography.",FAM-026,,3,"West Bengal General
Kerala General",Baul,"West Bengal, India
Kerala, India"
recEl1aeAqZWFDMSu,Sri Ram Thakur Maharaj of Burdwan ,"Bengal Shakta, Baul & Modern Saints",Needs Research,Tertiary,Medium,"Spiritual region maps to Bengal Shakta, Baul & Modern Saints. Tier proposed as Tertiary because placement is contextual, inferred, or lower-confidence.",,,,,Bardhaman Region,(No Sampradaya),"Burdwaan, West Bengal, India"
recX9wYe8fUdPLhPX,"Sri Rām Thakur of Mirchoba, Chotonilpur, Bardwan, West Bengal","Bengal Shakta, Baul & Modern Saints",Needs Research,Tertiary,Medium,"Spiritual region maps to Bengal Shakta, Baul & Modern Saints. Tier proposed as Tertiary because placement is contextual, inferred, or lower-confidence.",,,,,Bardhaman Region,(No Sampradaya),"Bardwan, West Bengal, India"
recgWx4aYAekvRxg1,"Sri Ramani Mohan Chakrabarti later Bholanath of Haridwar, Dehradun, Uttharkand/ Vikrampur, UP","Bengal Shakta, Baul & Modern Saints",Rishikesh-Haridwar & Himalayan Monastic Lineages; Girnar & Nath Traditions,Secondary,High,Family override from FAM-010 (Sri Anandamoyi Ma Family); family placement takes priority over geography. Tier proposed as Secondary because the record is a close family/lineage member or direct section fit.,"Organize inside Bengal Shakta, Baul & Modern Saints using FAM-010 family context before geography.",FAM-010,,5,Rishikesh-Haridwar Spiritual Corridor,(No Sampradaya),"Haridwar, Uttarakhand, India"
recT2VuCD6lF7YwX0,"Sri Ramdas Babaji of Pathbari Ashram, Calcutta  ","Bengal Shakta, Baul & Modern Saints",Needs Research,Secondary,Medium,"Spiritual region maps to Bengal Shakta, Baul & Modern Saints. Tier proposed as Secondary because the record is a close family/lineage member or direct section fit.",Family FAM-067 is present but not mapped to a stronger section override; review family tree if this placement feels off.,FAM-067,,2,Kolkata Spiritual Sphere,(No Sampradaya),"Kolkata, West Bengal, India"
rec7pUhtDroFBKYZ9,"Sri Ravi Gopalam Nair of Nedumangad, Trivandrum, Kerala","Bengal Shakta, Baul & Modern Saints",Needs Research,Secondary,Medium,Family override from FAM-026 (Baul); family placement takes priority over geography. Explicit archivalist tier override: Sri Ravi Gopalam Nair should be secondary. Tier proposed as Secondary because the record is a close family/lineage member or direct section fit.,"Organize inside Bengal Shakta, Baul & Modern Saints using FAM-026 family context before geography.",FAM-026,,3,Southern Kerala,Baul,"Thiruvananthapuram, Kerala, India"
recQjButx9sSHerz2,"Sri Sadak Ramprasad of Halisahar, Smriti Mandir","Bengal Shakta, Baul & Modern Saints",Needs Research,Tertiary,Medium,"Spiritual region maps to Bengal Shakta, Baul & Modern Saints. Tier proposed as Tertiary because placement is contextual, inferred, or lower-confidence.",,,,,Kolkata Spiritual Sphere,(No Sampradaya),"Halisahar, West Bengal, India"
recm1oj2WvIO91EQB,"Sri Sakalama Mata (Guru Jyothi Pattabhiram) of Ramanagara Channapatna, Bengaluru","Bengal Shakta, Baul & Modern Saints",Needs Research,Tertiary,Medium,"Spiritual region maps to Bengal Shakta, Baul & Modern Saints. Tier proposed as Tertiary because placement is contextual, inferred, or lower-confidence.",,,,,Bengaluru Spiritual Sphere,(No Sampradaya),"Bengaluru, Karnataka, India"
reci9HfgQoLxj6igt,"Sri Shashanko Goshai of Shingar Village of Murshidabad District, West Bengal ","Bengal Shakta, Baul & Modern Saints",Needs Research,Secondary,Medium,Family override from FAM-026 (Baul); family placement takes priority over geography. Explicit archivalist tier override: Sri Shashanko Goshai should be secondary. Tier proposed as Secondary because the record is a close family/lineage member or direct section fit.,"Organize inside Bengal Shakta, Baul & Modern Saints using FAM-026 family context before geography.",FAM-026,,3,West Bengal General,Baul,West Bengal
recBBzVFXryCUzuSy,Sri Shiv Baba of Tarapith ,"Bengal Shakta, Baul & Modern Saints",Needs Research,Tertiary,Medium,"Spiritual region maps to Bengal Shakta, Baul & Modern Saints. Tier proposed as Tertiary because placement is contextual, inferred, or lower-confidence.",,,,,Shakta Bengal,(No Sampradaya),"Tarapith, West Bengal, India"
recXRhjTRnzIkNmfu,"Sri Shiva Bala Yogi Maharaj of Bangaluru, Karnataka","Bengal Shakta, Baul & Modern Saints",Needs Research,Tertiary,Medium,"Spiritual region maps to Bengal Shakta, Baul & Modern Saints. Tier proposed as Tertiary because placement is contextual, inferred, or lower-confidence.",,,,,Bengaluru Spiritual Sphere,(No Sampradaya),"Bengaluru, Karnataka, India"
recrYgHIIdcjcxN2N,"Sri Shrimad Sadhanand Giri Maharaj of Bongram Ashram, West Bengal","Bengal Shakta, Baul & Modern Saints",Needs Research,Tertiary,Medium,"Spiritual region maps to Bengal Shakta, Baul & Modern Saints. Tier proposed as Tertiary because placement is contextual, inferred, or lower-confidence.",,,,,West Bengal General,(No Sampradaya),West Bengal
recfzhFIVbBPDkCYS,"Sri Shrimad Swami Abhayanand Giri Paramahamsa Dev of Om kleem Ashram, Khaja Anowar Berh, Bardwan, West Bengal","Bengal Shakta, Baul & Modern Saints",Needs Research,Tertiary,Medium,"Spiritual region maps to Bengal Shakta, Baul & Modern Saints. Tier proposed as Tertiary because placement is contextual, inferred, or lower-confidence.",,,,,West Bengal General,(No Sampradaya),"Khaja Anowar Berh, Bardwan, West Bengal, India"
recbdw5UUfTtrzYtA,"Sri Shrimad Swami Paramananda of Raina, Burdwan, West Bengal","Bengal Shakta, Baul & Modern Saints",Needs Research,Tertiary,Medium,"Spiritual region maps to Bengal Shakta, Baul & Modern Saints. Tier proposed as Tertiary because placement is contextual, inferred, or lower-confidence.",,,,,Bardhaman Region,(No Sampradaya),"Bardwan, West Bengal, India"
rectvEBy833q3i4L6,"Sri Siddha Bhagwan Das Maharaj of Adhikari Lane, Ambika Kalna, West Bengal","Bengal Shakta, Baul & Modern Saints",Needs Research,Tertiary,Medium,"Spiritual region maps to Bengal Shakta, Baul & Modern Saints. Tier proposed as Tertiary because placement is contextual, inferred, or lower-confidence.",,,,,West Bengal General,(No Sampradaya),West Bengal
recjfGeU4OqaBqtZ2,"Sri Srijivasharan Das of Bangladesh, West Bengal ","Bengal Shakta, Baul & Modern Saints",Needs Research,Tertiary,Medium,"Spiritual region maps to Bengal Shakta, Baul & Modern Saints. Tier proposed as Tertiary because placement is contextual, inferred, or lower-confidence.",,,,,"West Bengal General
South Asia",(No Sampradaya),"West Bengal, India
Bangladesh"
recich5ddJOLsUnVm,Sri Srimad Swami Parang Kush Ramanuj of Calcutta ,"Bengal Shakta, Baul & Modern Saints",Needs Research,Secondary,Medium,"Spiritual region maps to Bengal Shakta, Baul & Modern Saints. Tier proposed as Secondary because the record is a close family/lineage member or direct section fit.",Family FAM-075 is present but not mapped to a stronger section override; review family tree if this placement feels off.,FAM-075,,2,Kolkata Spiritual Sphere,(No Sampradaya),"Kolkata, West Bengal, India"
recSp8gOh0CJjhDej,Sri Swami Kedarnath Maharaj ,"Bengal Shakta, Baul & Modern Saints",Girnar & Nath Traditions,Secondary,High,Family override from FAM-010 (Sri Anandamoyi Ma Family); family placement takes priority over geography. Tier proposed as Secondary because the record is a close family/lineage member or direct section fit.,"Organize inside Bengal Shakta, Baul & Modern Saints using FAM-010 family context before geography.",FAM-010,,5,,(No Sampradaya),
recUpMiPCFIUUARvr,Sri Swami Premananda of Sri Lanka,"Bengal Shakta, Baul & Modern Saints",Needs Research,Tertiary,Medium,"Spiritual region maps to Bengal Shakta, Baul & Modern Saints. Tier proposed as Tertiary because placement is contextual, inferred, or lower-confidence.",,,,,South Asia,(No Sampradaya),Sri Lanka
recbeb6OYMPal5vOs,Sri Swami Raman Kalimuthu Murugesu of Sri Lanka ,"Bengal Shakta, Baul & Modern Saints",Needs Research,Tertiary,Medium,"Spiritual region maps to Bengal Shakta, Baul & Modern Saints. Tier proposed as Tertiary because placement is contextual, inferred, or lower-confidence.",,,,,South Asia,(No Sampradaya),Sri Lanka
recxkPxC2QoDANL81,"Sri Swami Satchidananda Vishudda Deva Maharaj of Nepal, near Bhaktapur","Bengal Shakta, Baul & Modern Saints",Needs Research,Tertiary,Medium,"Spiritual region maps to Bengal Shakta, Baul & Modern Saints. Tier proposed as Tertiary because placement is contextual, inferred, or lower-confidence.",,,,,South Asia,(No Sampradaya),Nepal
rec41qsOfiZMDpPHZ,Sri Swami Shudanshu Maharaj ,"Bengal Shakta, Baul & Modern Saints",Gaudiya Vaishnava,Secondary,High,Family override from FAM-010 (Sri Anandamoyi Ma Family); family placement takes priority over geography. Tier proposed as Secondary because the record is a close family/lineage member or direct section fit.,"Organize inside Bengal Shakta, Baul & Modern Saints using FAM-010 family context before geography.",FAM-010,,5,Gaudiya Vaishnava Heartland,(No Sampradaya),"Serampur, West Bengal, India"
recqrHsjXJuayrZml,Sri Swami Vivekananda of Calcutta & Sri Lokmanya Tilak of (from where?)  ,"Bengal Shakta, Baul & Modern Saints",Needs Research,Secondary,High,Family override from FAM-008 (Sri (Ishwar) Tota Puri Baba Family); family placement takes priority over geography. Explicit archivalist tier override: Sri Swami Vivekananda of Calcutta & Sri Lokmanya Tilak should be secondary and associated with Sri Paramahamsa Ramakrishna. Tier proposed as Secondary because the record is a close family/lineage member or direct section fit.,"Organize inside Bengal Shakta, Baul & Modern Saints using FAM-008 family context before geography.",FAM-008,,5,Kolkata Spiritual Sphere,(No Sampradaya),"Kolkata, West Bengal, India"
reci3dG8UUwzkOaQH,"Sri Thinthini Mouna Guru Swami of Bangalore, Karnataka","Bengal Shakta, Baul & Modern Saints",Needs Research,Tertiary,Medium,"Spiritual region maps to Bengal Shakta, Baul & Modern Saints. Tier proposed as Tertiary because placement is contextual, inferred, or lower-confidence.",,,,,Bengaluru Spiritual Sphere,(No Sampradaya),"Bengaluru, Karnataka, India"
recXLz5Zodri3mnAb,Sri Tiger Baba of Nepal ,"Bengal Shakta, Baul & Modern Saints",Needs Research,Tertiary,Medium,"Spiritual region maps to Bengal Shakta, Baul & Modern Saints. Tier proposed as Tertiary because placement is contextual, inferred, or lower-confidence.",,,,,South Asia,(No Sampradaya),Nepal
recR9qnKtPTNfO82A,Sri Vishudhanand Paramahamsa of Burdwan,"Bengal Shakta, Baul & Modern Saints",Needs Research,Tertiary,Medium,"Spiritual region maps to Bengal Shakta, Baul & Modern Saints. Tier proposed as Tertiary because placement is contextual, inferred, or lower-confidence.",,,,,Bardhaman Region,(No Sampradaya),"Bardwan, West Bengal, India"
recJrmkvOXktLlIrv,Sri Yogi Shiva Mahant of Pashupatinath (Nepal) ,"Bengal Shakta, Baul & Modern Saints",Girnar & Nath Traditions,Tertiary,Medium,"Spiritual region maps to Bengal Shakta, Baul & Modern Saints. Tier proposed as Tertiary because placement is contextual, inferred, or lower-confidence.",,,,,South Asia,(No Sampradaya),"Pashupatinath, Kathmandu, Nepal"
recf5wEqHftBSILAK,"Sri Yogiraj Dr. Ramnath Aghori Baba of Pashupatinath, Kathmandu, Nepal","Bengal Shakta, Baul & Modern Saints",Girnar & Nath Traditions,Tertiary,Medium,"Spiritual region maps to Bengal Shakta, Baul & Modern Saints. Tier proposed as Tertiary because placement is contextual, inferred, or lower-confidence.",,,,,South Asia,(No Sampradaya),"Kathmandu, Nepal, Nepal"
reciI9fE7xVYFuN4u,Sri Yugacharya Sreemat Praanavanandaji Maharaj of Bharat Seva Ashram Sangha (Culcutta) ,"Bengal Shakta, Baul & Modern Saints",Needs Research,Tertiary,Medium,"Spiritual region maps to Bengal Shakta, Baul & Modern Saints. Tier proposed as Tertiary because placement is contextual, inferred, or lower-confidence.",,,,,Kolkata Spiritual Sphere,(No Sampradaya),"Kolkata, West Bengal, India"
rec1I1f3uy3lQHGdq,Anuraagini Dasi - Manju Komalram of Mauritius,Bhakti Marga & Mauritius Lineage,Global & Diaspora Lineages,Secondary,High,Explicit curatorial override for Bhakti Marga and Mauritius lineage grouping. Tier proposed as Secondary because the record is a close family/lineage member or direct section fit.,Keep with the Bhakti Marga and Mauritius lineage group even though the data may otherwise suggest Global or country-based placement.,,,,Global,(No Sampradaya),Mauritius
recU89bn2TqEnfDj1,"Arav Das of Salvador, Brazil ",Bhakti Marga & Mauritius Lineage,Global & Diaspora Lineages,Secondary,High,Explicit curatorial override for Bhakti Marga and Mauritius lineage grouping. Tier proposed as Secondary because the record is a close family/lineage member or direct section fit.,Keep with the Bhakti Marga and Mauritius lineage group even though the data may otherwise suggest Global or country-based placement.,,,,Global,(No Sampradaya),"Salvador, Brazil"
receN3U5MXwhUzrcK,Kaji of Kenya ,Bhakti Marga & Mauritius Lineage,Global & Diaspora Lineages,Secondary,High,Explicit curatorial override for Bhakti Marga and Mauritius lineage grouping. Tier proposed as Secondary because the record is a close family/lineage member or direct section fit.,Keep with the Bhakti Marga and Mauritius lineage group even though the data may otherwise suggest Global or country-based placement.,,,,Global,(No Sampradaya),Kenya
recjH3MaNpMwJPy3C,Mr Natwarlal Shah (Mzee) of Kenya,Bhakti Marga & Mauritius Lineage,Global & Diaspora Lineages,Secondary,High,Explicit curatorial override for Bhakti Marga and Mauritius lineage grouping. Tier proposed as Secondary because the record is a close family/lineage member or direct section fit.,Keep with the Bhakti Marga and Mauritius lineage group even though the data may otherwise suggest Global or country-based placement.,,,,Global,(No Sampradaya),Kenya
recJiKVZT0hFBKm8x,Mrs Kasturben Natwarlal Shah (Mauri) of Kenya,Bhakti Marga & Mauritius Lineage,Global & Diaspora Lineages,Secondary,High,Explicit curatorial override for Bhakti Marga and Mauritius lineage grouping. Tier proposed as Secondary because the record is a close family/lineage member or direct section fit.,Keep with the Bhakti Marga and Mauritius lineage group even though the data may otherwise suggest Global or country-based placement.,,,,Global,(No Sampradaya),Kenya
recMD75hhJgKOo4DU,"Sri Gurudev Veervasantha of Surinam, Mauritius",Bhakti Marga & Mauritius Lineage,Global & Diaspora Lineages,Secondary,High,Explicit curatorial override for Bhakti Marga and Mauritius lineage grouping. Tier proposed as Secondary because the record is a close family/lineage member or direct section fit.,Keep with the Bhakti Marga and Mauritius lineage group even though the data may otherwise suggest Global or country-based placement.,,,,Global,(No Sampradaya),Mauritius
recEQQYgmuQftTjJl,"Sri Mahamandaleshwar 1008 Someshwar Giri Maharaj of Bijolai Ashram, Jodhpur, Rajasthan",Gujarat & Swaminarayan Traditions,Needs Research,Secondary,Medium,Spiritual region maps to Gujarat & Swaminarayan Traditions. Tier proposed as Secondary because the record is a close family/lineage member or direct section fit.,Family FAM-060 is present but not mapped to a stronger section override; review family tree if this placement feels off.,FAM-060,,2,Rajputana Spiritual Centers,(No Sampradaya),"Jodhpur, Rajasthan, India"
recdMAels2akbjDQa,Sri Narendra Kumar Geerjanan (Dinesh) of Rose Hill Mauritius ,Bhakti Marga & Mauritius Lineage,Global & Diaspora Lineages,Secondary,High,Explicit curatorial override for Bhakti Marga and Mauritius lineage grouping. Tier proposed as Secondary because the record is a close family/lineage member or direct section fit.,Keep with the Bhakti Marga and Mauritius lineage group even though the data may otherwise suggest Global or country-based placement.,FAM-062,,2,Global,(No Sampradaya),"Rose Hill, Mauritius"
recyTkjSKsUMkXMGp,"Sri Rashmanee Geerjanan (Manee) of Rose Hill, Mauritius",Bhakti Marga & Mauritius Lineage,Global & Diaspora Lineages,Secondary,High,Explicit curatorial override for Bhakti Marga and Mauritius lineage grouping. Tier proposed as Secondary because the record is a close family/lineage member or direct section fit.,Keep with the Bhakti Marga and Mauritius lineage group even though the data may otherwise suggest Global or country-based placement.,FAM-062,,2,Global,(No Sampradaya),"Rose Hill, Mauritius"
recqFP7HP0TK5Q0xE,"Sri Sri 1008 Paramahamsa Kishan Giri Maharaj of Bijolai Ashram, near Kailana Lake, Jodhpur, Rajasthan ",Gujarat & Swaminarayan Traditions,Needs Research,Secondary,Medium,Spiritual region maps to Gujarat & Swaminarayan Traditions. Tier proposed as Secondary because the record is a close family/lineage member or direct section fit.,Family FAM-060 is present but not mapped to a stronger section override; review family tree if this placement feels off.,FAM-060,,2,Rajputana Spiritual Centers,(No Sampradaya),"Jodhpur, Rajasthan, India"
recags4oiqcsaGmPc,Anant Sri Sampann Sadgurudev Sri Govind Sharan Ji Mahraj of Vrindavan,Braj & Krishna Bhakti,Needs Research,Tertiary,High,"Sampradaya maps directly to Braj & Krishna Bhakti. Tier proposed as Tertiary because placement is contextual, inferred, or lower-confidence.",,,,,Braj Mandal,"Nimbarka Sampradaya
Vaishnava","Vrindavan, Uttar Pradesh, India"
recNYNzrzpmXr2lbV,Banke Bihariji from Vrindavan (deity),Braj & Krishna Bhakti,Needs Research,Featured,Medium,Spiritual region maps to Braj & Krishna Bhakti. Explicit archivalist featured saint override: Banke Bihariji from Vrindavan (deity). Tier proposed as Featured because the record appears to anchor or lead a family cluster.,,,,,Braj Mandal,(No Sampradaya),"Vrindavan, Uttar Pradesh, India"
recZDpbsnZYFhwjOp,Govardhan Shila supposedly from Advaita Acharya (but Guruji said its not!!),Braj & Krishna Bhakti,Needs Research,Featured,Low,"Name/place wording suggests Braj & Krishna Bhakti, but this should be reviewed. Explicit archivalist featured saint override: Govardhan Shila supposedly from Advaita Acharya. Tier proposed as Featured because the record appears to anchor or lead a family cluster.",,,,,,(No Sampradaya),
recwwvwL4vgUnVTCO,"Mahandaleshwar Sri Mahant Tyagi Brijwasi Sri Sarveshwar Das Kathia Babaji Maharaj of Vrindavan (Vrij Mahant Manohar Das Kathia baba ashram, 232,Durgapuram Colony, Panighat Vrindavan (inside the parikama marg))",Braj & Krishna Bhakti,Needs Research,Tertiary,Medium,"Spiritual region maps to Braj & Krishna Bhakti. Tier proposed as Tertiary because placement is contextual, inferred, or lower-confidence.",,,,,Braj Mandal,(No Sampradaya),"Vrindavan, Uttar Pradesh, India"
rec6eQFL3MESDRCxm,Pandit Sri Ananta Das Babaji Maharaj of Radha Kund,Braj & Krishna Bhakti,Needs Research,Tertiary,Medium,"Spiritual region maps to Braj & Krishna Bhakti. Tier proposed as Tertiary because placement is contextual, inferred, or lower-confidence.",,,,,Braj Mandal,(No Sampradaya),"Radha Kund, Govardhan, Uttar Pradesh, India
Vrindavan, Uttar Pradesh, India"
recElWSGbSjVni5mI,Pandit Sri Jagannath Das Bhaktmaliji Maharaj  ,Braj & Krishna Bhakti,Girnar & Nath Traditions,Tertiary,High,"Sampradaya maps directly to Braj & Krishna Bhakti. Tier proposed as Tertiary because placement is contextual, inferred, or lower-confidence.",,,,,,Nimbarka Sampradaya,
recxHe0WZ1ulo1Quh,"Ramtal, Vrindavan (Brick 2700yrs old)",Braj & Krishna Bhakti,Needs Research,Tertiary,Medium,"Spiritual region maps to Braj & Krishna Bhakti. Tier proposed as Tertiary because placement is contextual, inferred, or lower-confidence.",,,,,Braj Mandal,(No Sampradaya),"Vrindavan, Uttar Pradesh, India
Mathura, Uttar Pradesh, India"
reccbl2L3o0VG1vF2,Sri 108 Sadguru Mastram Saheb of Radha Kund ,Braj & Krishna Bhakti,Needs Research,Tertiary,Medium,"Spiritual region maps to Braj & Krishna Bhakti. Tier proposed as Tertiary because placement is contextual, inferred, or lower-confidence.",,,,,Braj Mandal,(No Sampradaya),"Radha Kund, Govardhan, Uttar Pradesh, India"
rec1rC2Ds0JSWSMt7,"Sri Advaita Das of Govardhan Marg - Parikrama Road, near Vrindavan ",Braj & Krishna Bhakti,Needs Research,Tertiary,Medium,"Spiritual region maps to Braj & Krishna Bhakti. Tier proposed as Tertiary because placement is contextual, inferred, or lower-confidence.",,,,,Braj Mandal,Vaishnava,"Govardhan, Uttar Pradesh, India
Vrindavan, Uttar Pradesh, India"
rec59TlK0U02yKqC9,Sri Albeli Sharan ji Maharaj of Vrindavan (Banks of the Yamuna) ,Braj & Krishna Bhakti,Needs Research,Tertiary,Medium,"Spiritual region maps to Braj & Krishna Bhakti. Tier proposed as Tertiary because placement is contextual, inferred, or lower-confidence.",,,,,Braj Mandal,(No Sampradaya),"Vrindavan, Uttar Pradesh, India"
recWhZ375zMon1VZR,Sri Anandi Bai of Vrindavan ,Braj & Krishna Bhakti,Needs Research,Tertiary,Medium,"Spiritual region maps to Braj & Krishna Bhakti. Tier proposed as Tertiary because placement is contextual, inferred, or lower-confidence.",,,,,Braj Mandal,Vaishnava,"Vrindavan, Uttar Pradesh, India"
recx23ZlxPwkU5ZYy,"Sri Ananta Das Babaji of Sri Radha Sarovar (Gahvar Kund), Barsana",Braj & Krishna Bhakti,Needs Research,Tertiary,Medium,"Spiritual region maps to Braj & Krishna Bhakti. Tier proposed as Tertiary because placement is contextual, inferred, or lower-confidence.",,,,,Braj Mandal,(No Sampradaya),"Barsana, Uttar Pradesh, India"
recTlXdHu57FHcvh6,"Sri Anurag Das Baba (Sakhi) of Barsana, Vrindavan ",Braj & Krishna Bhakti,Needs Research,Tertiary,Medium,"Spiritual region maps to Braj & Krishna Bhakti. Tier proposed as Tertiary because placement is contextual, inferred, or lower-confidence.",,,,,Braj Mandal,(No Sampradaya),"Vrindavan, Uttar Pradesh, India
Barsana, Uttar Pradesh, India"
recTIvmCmSVHWspHM,"Sri Atul Krishna Das Maharaj of Shanti Padma Ashram, Brindavan 8 A",Braj & Krishna Bhakti,Needs Research,Tertiary,Medium,"Spiritual region maps to Braj & Krishna Bhakti. Tier proposed as Tertiary because placement is contextual, inferred, or lower-confidence.",,,,,Braj Mandal,(No Sampradaya),"Vrindavan, Uttar Pradesh, India"
rec6mcBjrRieSiRZx,"Sri Baba Ragavindra Das (Australian Baba) of Sri Radha Sarovar (Gahvar Kund), Barsana",Braj & Krishna Bhakti,Needs Research,Tertiary,Medium,"Spiritual region maps to Braj & Krishna Bhakti. Tier proposed as Tertiary because placement is contextual, inferred, or lower-confidence.",,,,,Braj Mandal,Vaishnava,"Barsana, Uttar Pradesh, India"
rec5b3yl4uTKsznpm,Sri Balakrishna Dasji Maharaj of Brindavan ,Braj & Krishna Bhakti,Needs Research,Tertiary,Medium,"Spiritual region maps to Braj & Krishna Bhakti. Tier proposed as Tertiary because placement is contextual, inferred, or lower-confidence.",,,,,Braj Mandal,(No Sampradaya),"Vrindavan, Uttar Pradesh, India"
rec7aLLgDa0jXhEKc,Sri Baldev Das Ji of Dwaraka ,Braj & Krishna Bhakti,Needs Research,Tertiary,Medium,"Spiritual region maps to Braj & Krishna Bhakti. Tier proposed as Tertiary because placement is contextual, inferred, or lower-confidence.",,,,,Krishna-Dwarka Region,(No Sampradaya),"Dwarka, Gujarat, India"
recS2SB8Um7wmJ8Rd,"Sri Bhagavati Dasi of Sant Colony, Vrindavan",Braj & Krishna Bhakti,Needs Research,Tertiary,High,"Sampradaya maps directly to Braj & Krishna Bhakti. Tier proposed as Tertiary because placement is contextual, inferred, or lower-confidence.",,,,,Braj Mandal,Nimbarka Sampradaya,"Vrindavan, Uttar Pradesh, India"
recUBrbp6hmJFTL7p,Sri Bhagawat Sharan Ji Maharaj of Govardhana ,Braj & Krishna Bhakti,Needs Research,Tertiary,High,"Sampradaya maps directly to Braj & Krishna Bhakti. Tier proposed as Tertiary because placement is contextual, inferred, or lower-confidence.",,,,,Braj Mandal,Nimbarka Sampradaya,"Vrindavan, Uttar Pradesh, India"
recG9Kk2TZrIalKaT,Sri Bhatimati Nathia Bai of Vrindavan ,Braj & Krishna Bhakti,Needs Research,Tertiary,Medium,"Spiritual region maps to Braj & Krishna Bhakti. Tier proposed as Tertiary because placement is contextual, inferred, or lower-confidence.",,,,,Braj Mandal,(No Sampradaya),"Vrindavan, Uttar Pradesh, India"
recaclOvEWZldL4On,"Sri Bhutiya Baba of Kamyavan, Vrindavan, Uttar Pradesh",Braj & Krishna Bhakti,Needs Research,Tertiary,Low,"Name/place wording suggests Braj & Krishna Bhakti, but this should be reviewed. Tier proposed as Tertiary because placement is contextual, inferred, or lower-confidence.",,,,,Uttar Pradesh General,(No Sampradaya),"Kamyavan, Vrindavan, Uttar Pradesh, India"
recYLCU4NbKXK09Yf,"Sri Bihari Das ji Maharaj of Mathura, Radhe Baba Gaulok Dham Samiti",Braj & Krishna Bhakti,Needs Research,Tertiary,Medium,"Spiritual region maps to Braj & Krishna Bhakti. Tier proposed as Tertiary because placement is contextual, inferred, or lower-confidence.",,,,,Braj Mandal,(No Sampradaya),"Mathura, Uttar Pradesh, India"
reccSd9i0y1gwYVsN,Sri Brijpaldas of Barsana,Braj & Krishna Bhakti,Needs Research,Tertiary,Medium,"Spiritual region maps to Braj & Krishna Bhakti. Tier proposed as Tertiary because placement is contextual, inferred, or lower-confidence.",,,,,Braj Mandal,(No Sampradaya),"Barsana, Uttar Pradesh, India"
recYz0sAfOqxGX3xd,"Sri Chaitan Baba of Gōvind Kund, Govardhan Parikrama Marg",Braj & Krishna Bhakti,Needs Research,Tertiary,Medium,"Spiritual region maps to Braj & Krishna Bhakti. Tier proposed as Tertiary because placement is contextual, inferred, or lower-confidence.",,,,,Braj Mandal,(No Sampradaya),"Govardhan, Uttar Pradesh, India"
recoPlcDWU0kqRl5v,Sri Chandrashekar Babaji of Brindavan,Braj & Krishna Bhakti,Needs Research,Tertiary,Medium,"Spiritual region maps to Braj & Krishna Bhakti. Tier proposed as Tertiary because placement is contextual, inferred, or lower-confidence.",,,,,Braj Mandal,(No Sampradaya),"Vrindavan, Uttar Pradesh, India"
recn9B0vgsAx6W1Zy,Sri Deenahari Babaji of Vrindavan,Braj & Krishna Bhakti,Needs Research,Tertiary,Medium,"Spiritual region maps to Braj & Krishna Bhakti. Tier proposed as Tertiary because placement is contextual, inferred, or lower-confidence.",,,,,Braj Mandal,(No Sampradaya),"Vrindavan, Uttar Pradesh, India"
rectJk81omsOqa2cD,"Sri Deepanand Baba of Vrindavan, Uttar Pradesh",Braj & Krishna Bhakti,Needs Research,Tertiary,Medium,"Spiritual region maps to Braj & Krishna Bhakti. Tier proposed as Tertiary because placement is contextual, inferred, or lower-confidence.",,,,,Braj Mandal,(No Sampradaya),"Vrindavan, Uttar Pradesh, India"
recy7hwm0zcdVUyC1,Sri Dev Raha Baba of Brindavan  ,Braj & Krishna Bhakti,Needs Research,Tertiary,Medium,"Spiritual region maps to Braj & Krishna Bhakti. Tier proposed as Tertiary because placement is contextual, inferred, or lower-confidence.",,,,,Braj Mandal,(No Sampradaya),"Vrindavan, Uttar Pradesh, India"
recWlq9Oc6I9iEPMh,Sri Devra Hansa Babaji of Brindavan ,Braj & Krishna Bhakti,Needs Research,Tertiary,Medium,"Spiritual region maps to Braj & Krishna Bhakti. Tier proposed as Tertiary because placement is contextual, inferred, or lower-confidence.",,,,,Braj Mandal,(No Sampradaya),"Vrindavan, Uttar Pradesh, India"
recwnoNniYdyJ2hAP,Sri Dhananjaydas Kathia Baba Maharaj of Brindavan ,Braj & Krishna Bhakti,Needs Research,Tertiary,Medium,"Spiritual region maps to Braj & Krishna Bhakti. Tier proposed as Tertiary because placement is contextual, inferred, or lower-confidence.",,,,,Braj Mandal,(No Sampradaya),"Vrindavan, Uttar Pradesh, India"
recXjMRI0bmYSqq5M,Sri Ganshyamdas Babaji Maharaj of Vrindavan ,Braj & Krishna Bhakti,Needs Research,Tertiary,Medium,"Spiritual region maps to Braj & Krishna Bhakti. Tier proposed as Tertiary because placement is contextual, inferred, or lower-confidence.",,,,,Braj Mandal,(No Sampradaya),"Vrindavan, Uttar Pradesh, India"
recuqae8tso98J177,Sri Gargi Mataji of Barsana Parikrama Marg,Braj & Krishna Bhakti,Needs Research,Tertiary,Medium,"Spiritual region maps to Braj & Krishna Bhakti. Tier proposed as Tertiary because placement is contextual, inferred, or lower-confidence.",,,,,Braj Mandal,(No Sampradaya),"Barsana, Uttar Pradesh, India"
recC5TOgPfNAHTvAh,"Sri Gaur Hari Das of Vamshi Vatt, Vraj Bhoomi, near Vrindavan ",Braj & Krishna Bhakti,Needs Research,Tertiary,Medium,"Spiritual region maps to Braj & Krishna Bhakti. Tier proposed as Tertiary because placement is contextual, inferred, or lower-confidence.",,,,,Braj Mandal,(No Sampradaya),"Vamshi Vat, Vrindavan, Uttar Pradesh, India
Vrindavan, Uttar Pradesh, India"
recAEx5Op0jFyV4JI,Sri Gauranga Das Babaji of Vrindavan ,Braj & Krishna Bhakti,Needs Research,Tertiary,Medium,"Spiritual region maps to Braj & Krishna Bhakti. Tier proposed as Tertiary because placement is contextual, inferred, or lower-confidence.",,,,,Braj Mandal,(No Sampradaya),"Vrindavan, Uttar Pradesh, India"
recSNYGyyw23mVVfE,Sri Gaya Prasadji Maharaj,Braj & Krishna Bhakti,Needs Research,Tertiary,Medium,"Spiritual region maps to Braj & Krishna Bhakti. Tier proposed as Tertiary because placement is contextual, inferred, or lower-confidence.",,,,,Braj Mandal,(No Sampradaya),"Vrindavan, Uttar Pradesh, India"
recr59tNcv8rnvu0n,Sri Giriraj Das Babaji of Govardhana ,Braj & Krishna Bhakti,Needs Research,Tertiary,Medium,"Spiritual region maps to Braj & Krishna Bhakti. Tier proposed as Tertiary because placement is contextual, inferred, or lower-confidence.",,,,,Braj Mandal,(No Sampradaya),"Vrindavan, Uttar Pradesh, India"
recy20QZ2gHuWbLpE,"Sri Gopi Baba of Vrindavan, Uttar Pradesh",Braj & Krishna Bhakti,Needs Research,Tertiary,Medium,"Spiritual region maps to Braj & Krishna Bhakti. Tier proposed as Tertiary because placement is contextual, inferred, or lower-confidence.",,,,,Braj Mandal,(No Sampradaya),"Vrindavan, Uttar Pradesh, India"
rec4kdIIun9ooUz82,"Sri Gopinath Das Baba of Sakhet Vat, Vraj Bhoomi, near Vrindavan ",Braj & Krishna Bhakti,Needs Research,Tertiary,Medium,"Spiritual region maps to Braj & Krishna Bhakti. Tier proposed as Tertiary because placement is contextual, inferred, or lower-confidence.",,,,,Braj Mandal,Vaishnava,"Vraj Bhoomi, Uttar Pradesh, India
Vrindavan, Uttar Pradesh, India"
recuVJid8KgYXPf01,Sri Goswami Ballabh Lal Dev of Jaipur ,Braj & Krishna Bhakti,Needs Research,Tertiary,Medium,"Spiritual region maps to Braj & Krishna Bhakti. Tier proposed as Tertiary because placement is contextual, inferred, or lower-confidence.",,,,,Braj Mandal,(No Sampradaya),"Vrindavan, Uttar Pradesh, India"
recvtg4qmPTrKNB5c,"Sri Gurusri Tapasui Bapu (Tapsi Bapu) of Tulsi Chaura, Bhet Dwaraka, Gujarat ",Braj & Krishna Bhakti,Gujarat & Swaminarayan Traditions,Tertiary,Medium,"Spiritual region maps to Braj & Krishna Bhakti. Tier proposed as Tertiary because placement is contextual, inferred, or lower-confidence.",,,,,Krishna-Dwarka Region,(No Sampradaya),"Dwarka, Gujarat, India"
recA3nxFhZ0PDaF78,"Sri Gyaandas ji Maharaj of Vrindavan, Bihar Kunj, U.P. ",Braj & Krishna Bhakti,Needs Research,Tertiary,Medium,"Spiritual region maps to Braj & Krishna Bhakti. Tier proposed as Tertiary because placement is contextual, inferred, or lower-confidence.",,,,,Braj Mandal,(No Sampradaya),"Vrindavan, Uttar Pradesh, India"
recCSq1SKGyVRlhYK,Sri Haridas ji Maharaj of Barsana ,Braj & Krishna Bhakti,Needs Research,Tertiary,Medium,"Spiritual region maps to Braj & Krishna Bhakti. Tier proposed as Tertiary because placement is contextual, inferred, or lower-confidence.",,,,,Braj Mandal,(No Sampradaya),"Barsana, Uttar Pradesh, India"
recBOFf000fRxR9xB,"Sri Haripriya Dasi of Sant Colony, Vrindavan",Braj & Krishna Bhakti,Needs Research,Tertiary,High,"Sampradaya maps directly to Braj & Krishna Bhakti. Tier proposed as Tertiary because placement is contextual, inferred, or lower-confidence.",,,,,Braj Mandal,Nimbarka Sampradaya,"Vrindavan, Uttar Pradesh, India"
recMD8r2e4y1I5cfU,Sri Hathi Baba of Vrindavan,Braj & Krishna Bhakti,Needs Research,Tertiary,Medium,"Spiritual region maps to Braj & Krishna Bhakti. Tier proposed as Tertiary because placement is contextual, inferred, or lower-confidence.",,,,,Braj Mandal,(No Sampradaya),"Vrindavan, Uttar Pradesh, India"
recyCtOnmOZwhVgTI,"Sri Hit Kinkar Sewak Sharanji Maharaj of Attalla Chungi, Vrindavan ",Braj & Krishna Bhakti,Needs Research,Tertiary,Medium,"Spiritual region maps to Braj & Krishna Bhakti. Tier proposed as Tertiary because placement is contextual, inferred, or lower-confidence.",,,,,Braj Mandal,(No Sampradaya),"Vrindavan, Uttar Pradesh, India"
recgxF7UKZcRQkWAM,Sri Hridayanath of Vrindavan (same then Hrydaya Nath Baba),Braj & Krishna Bhakti,Needs Research,Tertiary,Medium,"Spiritual region maps to Braj & Krishna Bhakti. Tier proposed as Tertiary because placement is contextual, inferred, or lower-confidence.",,,,,Braj Mandal,(No Sampradaya),"Vrindavan, Uttar Pradesh, India"
reckSQIxGVy2mjRGw,Sri Hrydaya Nath Baba of Vrindavan,Braj & Krishna Bhakti,Needs Research,Tertiary,Medium,"Spiritual region maps to Braj & Krishna Bhakti. Tier proposed as Tertiary because placement is contextual, inferred, or lower-confidence.",,,,,Braj Mandal,(No Sampradaya),"Vrindavan, Uttar Pradesh, India"
rec2tNtwJKLv2hxcj,"Sri Jugal Das Maharaj of Vamshi Vat, near Vrindavan ",Braj & Krishna Bhakti,Needs Research,Tertiary,Medium,"Spiritual region maps to Braj & Krishna Bhakti. Tier proposed as Tertiary because placement is contextual, inferred, or lower-confidence.",,,,,Braj Mandal,(No Sampradaya),"Vamshi Vat, Vrindavan, Uttar Pradesh, India
Vrindavan, Uttar Pradesh, India"
recjA6O6snsRrdlUA,"Sri Kandas Bapuji of Kandas Bapuji Ashram, Dwaraka ",Braj & Krishna Bhakti,Needs Research,Tertiary,Medium,"Spiritual region maps to Braj & Krishna Bhakti. Tier proposed as Tertiary because placement is contextual, inferred, or lower-confidence.",,,,,Krishna-Dwarka Region,(No Sampradaya),"Dwarka, Gujarat, India"
rec4vALRSNwodo5aX,Sri Kishori Babaji of Barsana ,Braj & Krishna Bhakti,Needs Research,Tertiary,High,"Sampradaya maps directly to Braj & Krishna Bhakti. Tier proposed as Tertiary because placement is contextual, inferred, or lower-confidence.",,,,,Braj Mandal,Nimbarka Sampradaya,"Barsana, Uttar Pradesh, India"
rec4nHxugYAVIdCd2,Sri Kripalu Maharaj of (?),Braj & Krishna Bhakti,Needs Research,Tertiary,Medium,"Spiritual region maps to Braj & Krishna Bhakti. Tier proposed as Tertiary because placement is contextual, inferred, or lower-confidence.",,,,,Braj Mandal,(No Sampradaya),"Vrindavan, Uttar Pradesh, India"
recn3uvyUGvrsL5kk,Sri Kripalu Maharaj of Vrindavan ,Braj & Krishna Bhakti,Needs Research,Tertiary,Medium,"Spiritual region maps to Braj & Krishna Bhakti. Tier proposed as Tertiary because placement is contextual, inferred, or lower-confidence.",,,,,Braj Mandal,(No Sampradaya),"Vrindavan, Uttar Pradesh, India"
rechNsZrAAHvPvA8L,Sri Krishna Dasji Maharaj of Govardhana,Braj & Krishna Bhakti,Needs Research,Tertiary,Medium,"Spiritual region maps to Braj & Krishna Bhakti. Tier proposed as Tertiary because placement is contextual, inferred, or lower-confidence.",,,,,Braj Mandal,(No Sampradaya),"Vrindavan, Uttar Pradesh, India"
recLf7ixrMj4BUke5,Sri Krishnapriya Kishori of Vrindavan ,Braj & Krishna Bhakti,Needs Research,Tertiary,Medium,"Spiritual region maps to Braj & Krishna Bhakti. Tier proposed as Tertiary because placement is contextual, inferred, or lower-confidence.",,,,,Braj Mandal,(No Sampradaya),"Vrindavan, Uttar Pradesh, India"
rec82hFqcoW0N6dUe,Sri Kunja Bihari Das of Vrindavan ,Braj & Krishna Bhakti,Needs Research,Tertiary,Medium,"Spiritual region maps to Braj & Krishna Bhakti. Tier proposed as Tertiary because placement is contextual, inferred, or lower-confidence.",,,,,Braj Mandal,(No Sampradaya),"Vrindavan, Uttar Pradesh, India"
recTHrXspmkdeNlxT,"Sri Lakshman Das Tyagi Maharaj (Birjo Baba) of Hathkauli, Mathura ",Braj & Krishna Bhakti,Needs Research,Tertiary,Medium,"Spiritual region maps to Braj & Krishna Bhakti. Tier proposed as Tertiary because placement is contextual, inferred, or lower-confidence.",,,,,Braj Mandal,(No Sampradaya),"Mathura, Uttar Pradesh, India"
recltmpQpPqJARXr6,"Sri Lal Baba of Vamshi Vat, near Vrindavan ",Braj & Krishna Bhakti,Needs Research,Tertiary,Medium,"Spiritual region maps to Braj & Krishna Bhakti. Tier proposed as Tertiary because placement is contextual, inferred, or lower-confidence.",,,,,Braj Mandal,(No Sampradaya),"Vamshi Vat, Vrindavan, Uttar Pradesh, India
Vrindavan, Uttar Pradesh, India"
reckJqVswMXRwc2uA,Sri Lala Babu of Brindavan ,Braj & Krishna Bhakti,Needs Research,Tertiary,Medium,"Spiritual region maps to Braj & Krishna Bhakti. Tier proposed as Tertiary because placement is contextual, inferred, or lower-confidence.",,,,,Braj Mandal,(No Sampradaya),"Vrindavan, Uttar Pradesh, India"
reclOBBadwRlyUAwc,"Sri Madan Mohan Dasji of Bihari Van, near Brindavan ",Braj & Krishna Bhakti,Needs Research,Tertiary,Medium,"Spiritual region maps to Braj & Krishna Bhakti. Tier proposed as Tertiary because placement is contextual, inferred, or lower-confidence.",,,,,Braj Mandal,Sri Haridas Sampradaya,"Vrindavan, Uttar Pradesh, India"
recYhFy1wEWE4YN6A,"Sri Mahadev of Vrindavan, Uttar Pradesh",Braj & Krishna Bhakti,Needs Research,Tertiary,Medium,"Spiritual region maps to Braj & Krishna Bhakti. Tier proposed as Tertiary because placement is contextual, inferred, or lower-confidence.",,,,,Braj Mandal,(No Sampradaya),"Vrindavan, Uttar Pradesh, India"
recPXA2z64STAw7mj,"Sri Mahant Chaitanya Das Bapu, Jamnagar, Gujarat",Braj & Krishna Bhakti,Gujarat & Swaminarayan Traditions,Tertiary,Medium,"Spiritual region maps to Braj & Krishna Bhakti. Tier proposed as Tertiary because placement is contextual, inferred, or lower-confidence.",,,,,Krishna-Dwarka Region,Ravi Bhan Sampradaya,"Jamnagar, Gujarat, India"
rec42M1Ol2VVxBKZN,"Sri Mauni Baba of Vrindavan, Uttar Pradesh (The silent One)",Braj & Krishna Bhakti,Needs Research,Tertiary,Medium,"Spiritual region maps to Braj & Krishna Bhakti. Tier proposed as Tertiary because placement is contextual, inferred, or lower-confidence.",,,,,Braj Mandal,(No Sampradaya),"Vrindavan, Uttar Pradesh, India"
receUmjyw5DxHquLX,"Sri Mauni Baba of Vrindavan, Uttar Pradesh (The silent Saint)",Braj & Krishna Bhakti,Needs Research,Tertiary,Medium,"Spiritual region maps to Braj & Krishna Bhakti. Tier proposed as Tertiary because placement is contextual, inferred, or lower-confidence.",,,,,Braj Mandal,(No Sampradaya),"Vrindavan, Uttar Pradesh, India"
rec8gBJsufVbExGIk,Sri Mukund Sharan ji of Barsana ,Braj & Krishna Bhakti,Needs Research,Tertiary,High,"Sampradaya maps directly to Braj & Krishna Bhakti. Tier proposed as Tertiary because placement is contextual, inferred, or lower-confidence.",,,,,Braj Mandal,Nimbarka Sampradaya,"Vrindavan, Uttar Pradesh, India
Barsana, Uttar Pradesh, India"
recKmkFiAMnWtMGo9,Sri Murari Das Babaji of Vrindavan ,Braj & Krishna Bhakti,Needs Research,Tertiary,Medium,"Spiritual region maps to Braj & Krishna Bhakti. Tier proposed as Tertiary because placement is contextual, inferred, or lower-confidence.",,,,,Braj Mandal,(No Sampradaya),"Vrindavan, Uttar Pradesh, India"
rec6tqmpxSSstOnAr,Sri Nanda Lal Baba Dasji of Radha Kund,Braj & Krishna Bhakti,Needs Research,Tertiary,Medium,"Spiritual region maps to Braj & Krishna Bhakti. Tier proposed as Tertiary because placement is contextual, inferred, or lower-confidence.",,,,,Braj Mandal,(No Sampradaya),"Radha Kund, Govardhan, Uttar Pradesh, India
Vrindavan, Uttar Pradesh, India"
rec5kC0WPXiXYelqp,Sri Nar Hari Das ji of Vrindavan,Braj & Krishna Bhakti,Needs Research,Tertiary,Medium,"Spiritual region maps to Braj & Krishna Bhakti. Tier proposed as Tertiary because placement is contextual, inferred, or lower-confidence.",,,,,Braj Mandal,(No Sampradaya),"Vrindavan, Uttar Pradesh, India"
reckGjYeZvXHbhnQP,"Sri Narayan Das of Vrindavan, Uttar Pradesh",Braj & Krishna Bhakti,Needs Research,Tertiary,Medium,"Spiritual region maps to Braj & Krishna Bhakti. Tier proposed as Tertiary because placement is contextual, inferred, or lower-confidence.",,,,,Braj Mandal,(No Sampradaya),"Vrindavan, Uttar Pradesh, India"
rec4X5zisKGrxiShz,Sri Narayan Maharaj of Mathura,Braj & Krishna Bhakti,Needs Research,Tertiary,Medium,"Spiritual region maps to Braj & Krishna Bhakti. Tier proposed as Tertiary because placement is contextual, inferred, or lower-confidence.",,,,,Braj Mandal,(No Sampradaya),"Mathura, Uttar Pradesh, India"
rec0qNQ06e49fFCVU,"Sri Natha Bapa of Vasoya, Jamnagar, Gujarat",Braj & Krishna Bhakti,Girnar & Nath Traditions,Tertiary,Medium,"Spiritual region maps to Braj & Krishna Bhakti. Tier proposed as Tertiary because placement is contextual, inferred, or lower-confidence.",,,,,Krishna-Dwarka Region,(No Sampradaya),"Jamnagar, Gujarat, India"
rec6hHwCPZlG7imPh,"Sri Nityanand Ji Maharaj of Sanyasi Ashram, Dwaraka, Gujarat",Braj & Krishna Bhakti,Gujarat & Swaminarayan Traditions,Tertiary,Medium,"Spiritual region maps to Braj & Krishna Bhakti. Tier proposed as Tertiary because placement is contextual, inferred, or lower-confidence.",,,,,Krishna-Dwarka Region,(No Sampradaya),"Dwarka, Gujarat, India"
recQuRVSuL2XlmuDH,Sri Nityananda Das of Vrindavan ,Braj & Krishna Bhakti,Needs Research,Tertiary,Medium,"Spiritual region maps to Braj & Krishna Bhakti. Tier proposed as Tertiary because placement is contextual, inferred, or lower-confidence.",,,,,Braj Mandal,(No Sampradaya),"Vrindavan, Uttar Pradesh, India"
recjniR3isfH2T1Bc,Sri Pagal Babaji Maharaj of Vrindavan ,Braj & Krishna Bhakti,Needs Research,Tertiary,Medium,"Spiritual region maps to Braj & Krishna Bhakti. Tier proposed as Tertiary because placement is contextual, inferred, or lower-confidence.",,,,,Braj Mandal,(No Sampradaya),"Vrindavan, Uttar Pradesh, India"
recTMiPzRn7lSQwey,Sri Pagal Das Babaji of Radha Kund,Braj & Krishna Bhakti,Needs Research,Tertiary,Medium,"Spiritual region maps to Braj & Krishna Bhakti. Tier proposed as Tertiary because placement is contextual, inferred, or lower-confidence.",,,,,Braj Mandal,Vaishnava,"Radha Kund, Govardhan, Uttar Pradesh, India"
recArd2WMWc2wQbcJ,Sri Panduranga (deity) from Vrindavan ,Braj & Krishna Bhakti,Needs Research,Tertiary,Medium,"Spiritual region maps to Braj & Krishna Bhakti. Tier proposed as Tertiary because placement is contextual, inferred, or lower-confidence.",,,,,Braj Mandal,(No Sampradaya),"Vrindavan, Uttar Pradesh, India"
recnGWguvlWIIZYaa,"Sri Parampujya Sri Sri 1008 Sri Hridayananda Das Babaji Maharaj of Vrindavan, Uttar Pradesh",Braj & Krishna Bhakti,Needs Research,Tertiary,Medium,"Spiritual region maps to Braj & Krishna Bhakti. Tier proposed as Tertiary because placement is contextual, inferred, or lower-confidence.",,,,,Braj Mandal,(No Sampradaya),"Vrindavan, Uttar Pradesh, India"
recjUsnOqeSQMW1ie,Sri Prabhu Datta Brahamchariji ,Braj & Krishna Bhakti,Needs Research,Tertiary,Medium,"Spiritual region maps to Braj & Krishna Bhakti. Tier proposed as Tertiary because placement is contextual, inferred, or lower-confidence.",,,,,Braj Mandal,(No Sampradaya),"Vrindavan, Uttar Pradesh, India"
recdJqZtqntKdukGi,Sri Praduman Pratap Singh of Vrindavan ,Braj & Krishna Bhakti,Needs Research,Tertiary,Medium,"Spiritual region maps to Braj & Krishna Bhakti. Tier proposed as Tertiary because placement is contextual, inferred, or lower-confidence.",,,,,Braj Mandal,(No Sampradaya),"Vrindavan, Uttar Pradesh, India"
recC8pT2zrt13T629,Sri Prankrishna Das Baba of Radha Kund,Braj & Krishna Bhakti,Needs Research,Tertiary,Medium,"Spiritual region maps to Braj & Krishna Bhakti. Tier proposed as Tertiary because placement is contextual, inferred, or lower-confidence.",,,,,Braj Mandal,Vaishnava,"Govardhan, Uttar Pradesh, India
Vrindavan, Uttar Pradesh, India"
rec5uQS2pz9kEuGon,"Sri Prashant Das Baba of Vrindavan, Uttar Pradesh",Braj & Krishna Bhakti,Needs Research,Tertiary,Medium,"Spiritual region maps to Braj & Krishna Bhakti. Tier proposed as Tertiary because placement is contextual, inferred, or lower-confidence.",,,,,Braj Mandal,(No Sampradaya),"Vrindavan, Uttar Pradesh, India"
recjCHsWkWsKvE0UI,"Sri Priya Charan Das Baba of Govardhan, Vrindavan",Braj & Krishna Bhakti,Needs Research,Tertiary,Medium,"Spiritual region maps to Braj & Krishna Bhakti. Tier proposed as Tertiary because placement is contextual, inferred, or lower-confidence.",,,,,Braj Mandal,(No Sampradaya),"Govardhan, Uttar Pradesh, India
Vrindavan, Uttar Pradesh, India"
recyyiy9MkoJX6hJx,Sri Priyasharan Baba of Vrindavan,Braj & Krishna Bhakti,Needs Research,Tertiary,Medium,"Spiritual region maps to Braj & Krishna Bhakti. Tier proposed as Tertiary because placement is contextual, inferred, or lower-confidence.",,,,,Braj Mandal,(No Sampradaya),"Vrindavan, Uttar Pradesh, India"
recwlct6RplW4XEhj,Sri Radha Raman (deity in Vrindavan) ,Braj & Krishna Bhakti,Needs Research,Featured,Medium,Spiritual region maps to Braj & Krishna Bhakti. Explicit archivalist featured saint override: Sri Radha Raman (deity in Vrindavan). Tier proposed as Featured because the record appears to anchor or lead a family cluster.,,,,,Braj Mandal,(No Sampradaya),"Vrindavan, Uttar Pradesh, India"
recMSoLuciPELbyyu,"Sri Radhavallabha Baba of Kadam Kandi, Vraj Bhoomi, near Vrindavan ",Braj & Krishna Bhakti,Needs Research,Tertiary,Medium,"Spiritual region maps to Braj & Krishna Bhakti. Tier proposed as Tertiary because placement is contextual, inferred, or lower-confidence.",,,,,Braj Mandal,"Vallabha Sampradaya
Vaishnava","Vraj Bhoomi, Uttar Pradesh, India
Vrindavan, Uttar Pradesh, India"
rec0xhml6GdZu7cPV,Sri Radhe Baba of Mathura,Braj & Krishna Bhakti,Needs Research,Tertiary,Medium,"Spiritual region maps to Braj & Krishna Bhakti. Tier proposed as Tertiary because placement is contextual, inferred, or lower-confidence.",,,,,Braj Mandal,(No Sampradaya),"Mathura, Uttar Pradesh, India"
recd8RpQYPYNsQ1XA,"Sri Radhikadas ji Maharaj of Vamshi Vat, near Vrindavan ",Braj & Krishna Bhakti,Needs Research,Tertiary,Medium,"Spiritual region maps to Braj & Krishna Bhakti. Tier proposed as Tertiary because placement is contextual, inferred, or lower-confidence.",,,,,Braj Mandal,Vaishnava,"Vamshi Vat, Vrindavan, Uttar Pradesh, India
Vrindavan, Uttar Pradesh, India"
recOh5YsioR2xo9uv,Sri Raghunath Das Goswami of Radha Kund,Braj & Krishna Bhakti,Girnar & Nath Traditions,Tertiary,Medium,"Spiritual region maps to Braj & Krishna Bhakti. Tier proposed as Tertiary because placement is contextual, inferred, or lower-confidence.",,,,,Braj Mandal,(No Sampradaya),"West Bengal
Radha Kund, Govardhan, Uttar Pradesh, India"
recWdITS0bLJSxgVM,Sri Raja Ram Baba of Barsana Parikrama Marg,Braj & Krishna Bhakti,Needs Research,Tertiary,Medium,"Spiritual region maps to Braj & Krishna Bhakti. Tier proposed as Tertiary because placement is contextual, inferred, or lower-confidence.",,,,,Braj Mandal,(No Sampradaya),"Barsana, Uttar Pradesh, India"
recqhQyifno0E9FZt,Sri Ramdas Baba of Mathura ,Braj & Krishna Bhakti,Needs Research,Tertiary,Medium,"Spiritual region maps to Braj & Krishna Bhakti. Tier proposed as Tertiary because placement is contextual, inferred, or lower-confidence.",,,,,Braj Mandal,(No Sampradaya),"Mathura, Uttar Pradesh, India"
recQl9WkwYiow0BRF,"Sri Ramdas Baba of Vamshi Vat, near Vrindavan ",Braj & Krishna Bhakti,Needs Research,Tertiary,Medium,"Spiritual region maps to Braj & Krishna Bhakti. Tier proposed as Tertiary because placement is contextual, inferred, or lower-confidence.",,,,,Braj Mandal,Vaishnava,"Vamshi Vat, Vrindavan, Uttar Pradesh, India
Vrindavan, Uttar Pradesh, India"
reccicav89HsNJlCr,"Sri Ramdas Babaji of Charan Pahadi, near Vrindavan",Braj & Krishna Bhakti,Needs Research,Tertiary,Medium,"Spiritual region maps to Braj & Krishna Bhakti. Tier proposed as Tertiary because placement is contextual, inferred, or lower-confidence.",,,,,Braj Mandal,(No Sampradaya),"Vrindavan, Uttar Pradesh, India
Charan Pahadi, Barsana, Uttar Pradesh, India"
recUcPmjGo7mUDsSK,"Sri Ramdas ji Maharaj of Vamshi Vat, near Vrindavan",Braj & Krishna Bhakti,Needs Research,Tertiary,Medium,"Spiritual region maps to Braj & Krishna Bhakti. Tier proposed as Tertiary because placement is contextual, inferred, or lower-confidence.",,,,,Braj Mandal,(No Sampradaya),"Vamshi Vat, Vrindavan, Uttar Pradesh, India
Vrindavan, Uttar Pradesh, India"
reck86EKve5tFAi6R,Sri Ramdas Tyagi Baba of Barsana (near Barsana Parikrama road) ,Braj & Krishna Bhakti,Needs Research,Tertiary,Medium,"Spiritual region maps to Braj & Krishna Bhakti. Tier proposed as Tertiary because placement is contextual, inferred, or lower-confidence.",,,,,Braj Mandal,(No Sampradaya),"Barsana, Uttar Pradesh, India"
rechEgcxIpn8wJYwn,Sri Ramdevanand Saraswati of Vrindavan ,Braj & Krishna Bhakti,Needs Research,Tertiary,Medium,"Spiritual region maps to Braj & Krishna Bhakti. Tier proposed as Tertiary because placement is contextual, inferred, or lower-confidence.",,,,,Braj Mandal,(No Sampradaya),"Vrindavan, Uttar Pradesh, India"
recGwFSR5sfdlhTMT,Sri Rami Mataji of Dwaraka (near Kandas Bapuji Ashram) ,Braj & Krishna Bhakti,Needs Research,Tertiary,Medium,"Spiritual region maps to Braj & Krishna Bhakti. Tier proposed as Tertiary because placement is contextual, inferred, or lower-confidence.",,,,,Krishna-Dwarka Region,(No Sampradaya),"Dwarka, Gujarat, India"
recAODr4cE5dA0DTg,"Sri Rasheshwari Baba of Surya Kund at village Dhawara, near Barsana ",Braj & Krishna Bhakti,Needs Research,Tertiary,Medium,"Spiritual region maps to Braj & Krishna Bhakti. Tier proposed as Tertiary because placement is contextual, inferred, or lower-confidence.",,,,,Braj Mandal,(No Sampradaya),"Barsana, Uttar Pradesh, India"
recV5620566xzDihs,Sri Rupkishor Das Babaji of Vrindavan,Braj & Krishna Bhakti,Needs Research,Tertiary,High,"Sampradaya maps directly to Braj & Krishna Bhakti. Tier proposed as Tertiary because placement is contextual, inferred, or lower-confidence.",,,,,Braj Mandal,Nimbarka Sampradaya,"Vrindavan, Uttar Pradesh, India"
recUha5G2Ph73NiGe,"Sri Shanilalta Baba Aghori of Vrindavan (Parikrama marg, near Radha Vallabha temple)",Braj & Krishna Bhakti,Needs Research,Tertiary,Medium,"Spiritual region maps to Braj & Krishna Bhakti. Tier proposed as Tertiary because placement is contextual, inferred, or lower-confidence.",,,,,Braj Mandal,(No Sampradaya),"Vrindavan, Uttar Pradesh, India"
recyyGtf6Nn5dWTyW,"Sri Siddhanath Chinnakunjammal of Vrindavan, Uttar Pradesh",Braj & Krishna Bhakti,Needs Research,Tertiary,Medium,"Spiritual region maps to Braj & Krishna Bhakti. Tier proposed as Tertiary because placement is contextual, inferred, or lower-confidence.",,,,,Braj Mandal,(No Sampradaya),"Vrindavan, Uttar Pradesh, India"
recXPuLdP5ogPQGKS,Sri Sita Didi of Vrindavan,Braj & Krishna Bhakti,Needs Research,Tertiary,Medium,"Spiritual region maps to Braj & Krishna Bhakti. Tier proposed as Tertiary because placement is contextual, inferred, or lower-confidence.",,,,,Braj Mandal,(No Sampradaya),"Vrindavan, Uttar Pradesh, India"
recr0IW26sqLI5tHu,"Sri Sitaram Kabir Das Bapu (Lakhar Das) of Panch Mukhi Hanuman Mandir, Dwaraka ",Braj & Krishna Bhakti,Needs Research,Tertiary,Medium,"Spiritual region maps to Braj & Krishna Bhakti. Tier proposed as Tertiary because placement is contextual, inferred, or lower-confidence.",,,,,Krishna-Dwarka Region,Kabir Panti,"Dwarka, Gujarat, India"
recDT8u9BBJyXriUu,Sri Siyaram Baba of Vraj Bhoomi (born),Braj & Krishna Bhakti,Needs Research,Tertiary,Medium,"Spiritual region maps to Braj & Krishna Bhakti. Tier proposed as Tertiary because placement is contextual, inferred, or lower-confidence.",,,,,Braj Mandal,(No Sampradaya),"Vraj Bhoomi, Uttar Pradesh, India"
recarvbfUWSXTbPPM,Sri Sri 1008 Acharya Goswami Sri Milan Bihari Ji Maharaj of Gopal Mandir Brindavan ,Braj & Krishna Bhakti,Needs Research,Tertiary,Medium,"Spiritual region maps to Braj & Krishna Bhakti. Tier proposed as Tertiary because placement is contextual, inferred, or lower-confidence.",,,,,Braj Mandal,(No Sampradaya),"Vrindavan, Uttar Pradesh, India"
reckiBqaVHGNB0KAP,"Sri Sri 1008 Mahant Guru Sri Prasad Das Ji of Prachin Anusuya Mandir, Chitrakoot",Braj & Krishna Bhakti,Rama & Avadh,Tertiary,High,"Sampradaya maps directly to Braj & Krishna Bhakti. Tier proposed as Tertiary because placement is contextual, inferred, or lower-confidence.",,,,,Uttar Pradesh General,Nimbarka Sampradaya,"Chitrakoot, Uttar Pradesh, India"
recpT01HyezKTKppi,"Sri Sri 1008 Vishudhanand Puriji Maharaj (Hanuman Baba) of Keshi Ghat, Vrindavan",Braj & Krishna Bhakti,Needs Research,Tertiary,Medium,"Spiritual region maps to Braj & Krishna Bhakti. Tier proposed as Tertiary because placement is contextual, inferred, or lower-confidence.",,,,,Braj Mandal,(No Sampradaya),"Keshi Ghat, Vrindavan, Uttar Pradesh, India"
recrJuM5i9L9T7hui,"Sri Sri 108 Kishor Das Maharaj of Chintaharan Mahadev, Gokul",Braj & Krishna Bhakti,Needs Research,Tertiary,Medium,"Spiritual region maps to Braj & Krishna Bhakti. Tier proposed as Tertiary because placement is contextual, inferred, or lower-confidence.",,,,,Braj Mandal,(No Sampradaya),"Gokul, Uttar Pradesh, India
Vrindavan, Uttar Pradesh, India"
recDGMad2d2BHUE0r,"Sri Sri 108 Madhav Dasji Maharaj of Vrindavan/ Barsana, U.P. ",Braj & Krishna Bhakti,Needs Research,Tertiary,Medium,"Spiritual region maps to Braj & Krishna Bhakti. Tier proposed as Tertiary because placement is contextual, inferred, or lower-confidence.",,,,,Braj Mandal,(No Sampradaya),"Vrindavan, Uttar Pradesh, India
Barsana, Uttar Pradesh, India"
recCAwBjWoFjwHeow,Sri Sri 108 Mahatyagi Baba Mangal Das ji Maharaj of Radhakund,Braj & Krishna Bhakti,Needs Research,Tertiary,Medium,"Spiritual region maps to Braj & Krishna Bhakti. Tier proposed as Tertiary because placement is contextual, inferred, or lower-confidence.",,,,,Braj Mandal,(No Sampradaya),"Radha Kund, Govardhan, Uttar Pradesh, India"
recDC1QAGrFX5MCh0,"Sri Sri 108 Sri Kishori Das ji Maharaj of Vimala Kund at Kama Van, Vraj Bhoomi, near Vrindavan ",Braj & Krishna Bhakti,Needs Research,Tertiary,Medium,"Spiritual region maps to Braj & Krishna Bhakti. Tier proposed as Tertiary because placement is contextual, inferred, or lower-confidence.",,,,,Braj Mandal,(No Sampradaya),"Vraj Bhoomi, Uttar Pradesh, India
Vrindavan, Uttar Pradesh, India"
rec7zbeymH6f0hJH1,Sri Sri Krishna Dasji Maharaj of Radha Kund,Braj & Krishna Bhakti,Needs Research,Tertiary,Medium,"Spiritual region maps to Braj & Krishna Bhakti. Tier proposed as Tertiary because placement is contextual, inferred, or lower-confidence.",,,,,Braj Mandal,(No Sampradaya),"Vrindavan, Uttar Pradesh, India"
recILaP0Ev8VszgWL,"Sri Sri Raghav das ji Maharaj of Vamshi Vat, Vrindavan ",Braj & Krishna Bhakti,Needs Research,Tertiary,Medium,"Spiritual region maps to Braj & Krishna Bhakti. Tier proposed as Tertiary because placement is contextual, inferred, or lower-confidence.",,,,,Braj Mandal,(No Sampradaya),"Vamshi Vat, Vrindavan, Uttar Pradesh, India
Vrindavan, Uttar Pradesh, India"
rec2kY7DzT3Kldfoc,Sri Sudama Das ji,Braj & Krishna Bhakti,Needs Research,Tertiary,Medium,"Family override from FAM-076 (Sri Sudama Das ji Family); family placement takes priority over geography. Needs-research override: Sri Sudama Das ji family should be proposed for Braj & Krishna, but remain tertiary. Tier proposed as Tertiary because placement is contextual, inferred, or lower-confidence.",Organize inside Braj & Krishna Bhakti using FAM-076 family context before geography.,FAM-076,,2,,(No Sampradaya),
reca69ZkG7n2a7yYY,Sri Surdasji of ???,Braj & Krishna Bhakti,Needs Research,Featured,High,"No strong family, sampradaya, or spiritual-region section could be inferred. Explicit archivalist featured saint override: Sri Surdas Ji. Section also overridden to Braj & Krishna Bhakti. Tier proposed as Featured because the record appears to anchor or lead a family cluster.",Explicit archivalist featured saint override: Sri Surdas Ji.,,,,,(No Sampradaya),
rectt7X59r1jM3LQ6,Sri Sushila Mataji of Vrindavan (behind Chaar Sampraday Ashram) ,Braj & Krishna Bhakti,Needs Research,Tertiary,Medium,"Spiritual region maps to Braj & Krishna Bhakti. Tier proposed as Tertiary because placement is contextual, inferred, or lower-confidence.",,,,,Braj Mandal,(No Sampradaya),"Vrindavan, Uttar Pradesh, India"
recu5aN4OfzptkLFs,"Sri Swami 108 Vidyanand ji Maharaj of Katyayani Peeth, Vrindavan ",Braj & Krishna Bhakti,Needs Research,Tertiary,Medium,"Spiritual region maps to Braj & Krishna Bhakti. Tier proposed as Tertiary because placement is contextual, inferred, or lower-confidence.",,,,,Braj Mandal,(No Sampradaya),"Vrindavan, Uttar Pradesh, India"
rec9s8V6nRU4YOcwj,Sri Swami Bon Maharaj of Vrindavan,Braj & Krishna Bhakti,Needs Research,Tertiary,Medium,"Spiritual region maps to Braj & Krishna Bhakti. Tier proposed as Tertiary because placement is contextual, inferred, or lower-confidence.",,,,,Braj Mandal,(No Sampradaya),"Vrindavan, Uttar Pradesh, India"
recnk1IXIvGI54Mll,"Sri Swami Ishwar Puriji of Jagannath Mandir, Jagannath Gath, Brindavan ",Braj & Krishna Bhakti,Girnar & Nath Traditions,Tertiary,Medium,"Spiritual region maps to Braj & Krishna Bhakti. Tier proposed as Tertiary because placement is contextual, inferred, or lower-confidence.",,,,,Braj Mandal,(No Sampradaya),"Vrindavan, Uttar Pradesh, India"
rec6S1CQt0w8YmPjm,"Sri Swami Keshavanandji of Katyayani Peeth, Vrindavan ",Braj & Krishna Bhakti,Needs Research,Tertiary,Medium,"Spiritual region maps to Braj & Krishna Bhakti. Tier proposed as Tertiary because placement is contextual, inferred, or lower-confidence.",,,,,Braj Mandal,(No Sampradaya),"Vrindavan, Uttar Pradesh, India"
rec6YZs1zGqm2SaxC,"Sri Tyagi Baba of Vrindavan, Uttar Pradesh",Braj & Krishna Bhakti,Needs Research,Tertiary,Medium,"Spiritual region maps to Braj & Krishna Bhakti. Tier proposed as Tertiary because placement is contextual, inferred, or lower-confidence.",,,,,Braj Mandal,(No Sampradaya),"Vrindavan, Uttar Pradesh, India"
recQMK24q4pZThT4d,Sri Uma Kumar of Radha Kund ,Braj & Krishna Bhakti,Needs Research,Tertiary,Medium,"Spiritual region maps to Braj & Krishna Bhakti. Tier proposed as Tertiary because placement is contextual, inferred, or lower-confidence.",,,,,Braj Mandal,(No Sampradaya),"Radha Kund, Govardhan, Uttar Pradesh, India"
recL6pd3mneBukCEb,Sri Usha Mataji of Vrindavan ,Braj & Krishna Bhakti,Needs Research,Tertiary,Medium,"Spiritual region maps to Braj & Krishna Bhakti. Tier proposed as Tertiary because placement is contextual, inferred, or lower-confidence.",,,,,Braj Mandal,(No Sampradaya),"Vrindavan, Uttar Pradesh, India"
recf5TVTPdhQ9I3fG,"Sri Venodanandji Maharaj (also known as Langta Baba) of Shanti Ashram, Brindavan",Braj & Krishna Bhakti,Needs Research,Tertiary,Medium,"Spiritual region maps to Braj & Krishna Bhakti. Tier proposed as Tertiary because placement is contextual, inferred, or lower-confidence.",,,,,Braj Mandal,(No Sampradaya),"Vrindavan, Uttar Pradesh, India"
reczRfQkE1ZCipgUT,"Sri Vikash Anand Goswami of Basak Para, Navadwip ",Braj & Krishna Bhakti,Gaudiya Vaishnava,Tertiary,High,"Sampradaya maps directly to Braj & Krishna Bhakti. Tier proposed as Tertiary because placement is contextual, inferred, or lower-confidence.",,,,,Gaudiya Vaishnava Heartland,Nimbarka Sampradaya,"Navadwip, West Bengal, India"
recRilUnKZLBWeHqG,Sri Vishnu Das Babaji of Vrindavan,Braj & Krishna Bhakti,Ramanandi,Secondary,Medium,Family override from FAM-076 (Sri Sudama Das ji Family); family placement takes priority over geography. Tier proposed as Secondary because the record is a close family/lineage member or direct section fit.,Organize inside Braj & Krishna Bhakti using FAM-076 family context before geography.,FAM-076,,2,Braj Mandal,Ramanandi Sampradaya,"Vrindavan, Uttar Pradesh, India"
recW7KxJ0OxE6NQUZ,Sri Yamuna Jivan Prabhu of Kusum Sarovar ,Braj & Krishna Bhakti,Needs Research,Tertiary,Medium,"Spiritual region maps to Braj & Krishna Bhakti. Tier proposed as Tertiary because placement is contextual, inferred, or lower-confidence.",,,,,Braj Mandal,(No Sampradaya),"Kusum Sarovar, Govardhan, Uttar Pradesh, India"
recSUaw6o0jRfF08q,Mokkalana ,Buddhist Saints,Needs Research,Tertiary,High,"Sampradaya maps directly to Buddhist Saints. Tier proposed as Tertiary because placement is contextual, inferred, or lower-confidence.",,,,,,Buddhism,
recX2VUC6rvHjV8Fe,Salibutr ,Buddhist Saints,Needs Research,Tertiary,High,"Sampradaya maps directly to Buddhist Saints. Tier proposed as Tertiary because placement is contextual, inferred, or lower-confidence.",,,,,,Buddhism,
rec4V2uLs4HP4Ps3d,Sri Gauthama Buddha,Buddhist Saints,Needs Research,Featured,High,Sampradaya maps directly to Buddhist Saints. Curatorial cluster anchor: Gautama Buddha should feature in the Buddhist Saints section. Tier proposed as Featured because the record appears to anchor or lead a family cluster.,,,,,Bihar General,Buddhism,"Bodh Gaya, Bihar, India"
recBnLw7Q3ZLCbck4,Unknown Buddhist Saint relic  ,Buddhist Saints,Needs Research,Tertiary,Low,"Name/place wording suggests Buddhist Saints, but this should be reviewed. Tier proposed as Tertiary because placement is contextual, inferred, or lower-confidence.",,,,,,(No Sampradaya),
rec5JjRvSJBDOBCAo,"Bhagavan Sri Sri Sri Vishwayogi Vashwamjee Maharaj of Guntur, near Vijayawada, Andhra Pradesh",Datta Tradition,Andhra Avadhuta & Datta-Advaita Lineages,Tertiary,High,"Sampradaya maps directly to Datta Tradition. Tier proposed as Tertiary because placement is contextual, inferred, or lower-confidence.",,,,,Coastal Andhra,Datta Sampradaya,"Vijayawada, Andhra Pradesh, India"
rec2H25WTkUXoX3wl,Dattatreya (Girnar) ,Datta Tradition,Girnar & Nath Traditions,Featured,High,Family override from FAM-003 (Dattatreya Incarnations & Lineages); family placement takes priority over geography. Tier proposed as Featured because the record appears to anchor or lead a family cluster.,Organize inside Datta Tradition using FAM-003 family context before geography.,FAM-003,,11,Girnar & Nath Tradition,(No Sampradaya),"Girnar, Gujarat, India"
recFWaxngpSGzkYQS,Maharishi Mahesh Yogi of Jabalpur,Datta Tradition,Needs Research,Tertiary,Medium,"Spiritual region maps to Datta Tradition. Tier proposed as Tertiary because placement is contextual, inferred, or lower-confidence.",,,,,Narmada & Datta Region,(No Sampradaya),"Jabalpur, Madhya Pradesh, India"
recVNNh7e8ifVyQnO,Sri Avadhuta Pitchamma of Kurumaddali,Datta Tradition,Needs Research,Tertiary,Medium,"Spiritual region maps to Datta Tradition. Tier proposed as Tertiary because placement is contextual, inferred, or lower-confidence.",,,,,Datta & Advaita Belt,(No Sampradaya),"Kurumaddali, Andhra Pradesh, India"
rec6IMLj9eDVWGP71,Sri Avadhuta Polai Tata Swami Venkatapalem,Datta Tradition,Needs Research,Secondary,Medium,Spiritual region maps to Datta Tradition. Tier proposed as Secondary because the record is a close family/lineage member or direct section fit.,Family FAM-038 is present but not mapped to a stronger section override; review family tree if this placement feels off.,FAM-038,,2,Datta & Advaita Belt,(No Sampradaya),"Venkatapalem, Andhra Pradesh, India"
recuSAdjFSdPqNnfE,Sri Baba Ram Sanehi of Jabalpur,Datta Tradition,Needs Research,Tertiary,Medium,"Spiritual region maps to Datta Tradition. Tier proposed as Tertiary because placement is contextual, inferred, or lower-confidence.",,,,,Narmada & Datta Region,(No Sampradaya),"Jabalpur, Madhya Pradesh, India"
recUzBdPjfszv1w8D,Sri Ballapa Maharaj of Akkalkot ,Datta Tradition,Needs Research,Secondary,High,Family override from FAM-003 (Dattatreya Incarnations & Lineages); family placement takes priority over geography. Tier proposed as Secondary because the record is a close family/lineage member or direct section fit.,Organize inside Datta Tradition using FAM-003 family context before geography.,FAM-003,,11,Datta Sampradaya Belt,(No Sampradaya),"Akkalkot, Maharashtra, India"
recdtwvbxtQysRy3D,Sri Balmukunda Avadhut Maharaj of Kolhapur,Datta Tradition,Needs Research,Tertiary,Medium,"Spiritual region maps to Datta Tradition. Tier proposed as Tertiary because placement is contextual, inferred, or lower-confidence.",,,,,Datta Sampradaya Belt,(No Sampradaya),"Kolhapur, Maharashtra, India"
recCXTEbnox9nOG4W,Sri Chille Maharaj of Kohlapur,Datta Tradition,Needs Research,Tertiary,Medium,"Spiritual region maps to Datta Tradition. Tier proposed as Tertiary because placement is contextual, inferred, or lower-confidence.",,,,,Datta Sampradaya Belt,(No Sampradaya),"Paijarwadi, Maharashtra, India
Kolhapur, Maharashtra, India"
recEGuGQQ4N4EXAil,Sri Dattatreya Sonar of Mungurwadi,Datta Tradition,Needs Research,Secondary,High,Family override from FAM-003 (Dattatreya Incarnations & Lineages); family placement takes priority over geography. Tier proposed as Secondary because the record is a close family/lineage member or direct section fit.,Organize inside Datta Tradition using FAM-003 family context before geography.,FAM-003,,11,,(No Sampradaya),
recneBQ4cSLNVqSSq,"Sri Devakinandashrama Swami of Ashramam Undi, Billakurru, 10kms to Kottapet Mandal, Kothapeta, Konaseema, Andhra Pradesh ",Datta Tradition,Needs Research,Tertiary,Medium,"Spiritual region maps to Datta Tradition. Tier proposed as Tertiary because placement is contextual, inferred, or lower-confidence.",,,,,Datta Sampradaya Belt,(No Sampradaya),"Andhra Pradesh
Kolhapur, Maharashtra, India"
recVkkhtVH8yfppid,Sri Dutta Das of Kolhapur ,Datta Tradition,Needs Research,Secondary,Medium,Spiritual region maps to Datta Tradition. Tier proposed as Secondary because the record is a close family/lineage member or direct section fit.,Family FAM-045 is present but not mapped to a stronger section override; review family tree if this placement feels off.,FAM-045,,2,Datta Sampradaya Belt,(No Sampradaya),"Kolhapur, Maharashtra, India"
recmGMLa0E8bmx9MQ,Sri Gagangiri Maharaj of Kolhapur,Datta Tradition,Needs Research,Tertiary,Medium,"Spiritual region maps to Datta Tradition. Tier proposed as Tertiary because placement is contextual, inferred, or lower-confidence.",,,,,Datta Sampradaya Belt,(No Sampradaya),"Kolhapur, Maharashtra, India"
recWCBILl4t5fUT1c,Sri Gangadhara Maharaj of Akkalkot,Datta Tradition,Needs Research,Secondary,High,Family override from FAM-003 (Dattatreya Incarnations & Lineages); family placement takes priority over geography. Tier proposed as Secondary because the record is a close family/lineage member or direct section fit.,Organize inside Datta Tradition using FAM-003 family context before geography.,FAM-003,,11,Datta Sampradaya Belt,(No Sampradaya),"Akkalkot, Maharashtra, India"
recrMH17Ga8tP11z0,Sri Gawdi Baba of Narsobawadi,Datta Tradition,Needs Research,Secondary,High,Family override from FAM-003 (Dattatreya Incarnations & Lineages); family placement takes priority over geography. Tier proposed as Secondary because the record is a close family/lineage member or direct section fit.,Organize inside Datta Tradition using FAM-003 family context before geography.,FAM-003,,11,Datta Sampradaya Belt,(No Sampradaya),"Narsobawadi, Maharashtra, India"
recKqavgeeeOGQzAk,Sri Jnaneshwar Hari Katkar Maharaj of Kolhapur,Datta Tradition,Needs Research,Tertiary,Medium,"Spiritual region maps to Datta Tradition. Tier proposed as Tertiary because placement is contextual, inferred, or lower-confidence.",,,,,Datta Sampradaya Belt,(No Sampradaya),"Kolhapur, Maharashtra, India"
rec8dNXWS2LIRcLGe,Sri Krishna Saraswati Datt Maharaj of Kolhapur,Datta Tradition,Needs Research,Secondary,Medium,Spiritual region maps to Datta Tradition. Tier proposed as Secondary because the record is a close family/lineage member or direct section fit.,Family FAM-059 is present but not mapped to a stronger section override; review family tree if this placement feels off.,FAM-059,,2,Datta Sampradaya Belt,(No Sampradaya),"Kolhapur, Maharashtra, India"
recYjuNIXQc57GQyJ,"Sri Madhavnath Sangwadekar Maharaj of Vishwapandari Ashram, Kolhapur",Datta Tradition,Girnar & Nath Traditions,Tertiary,Medium,"Spiritual region maps to Datta Tradition. Tier proposed as Tertiary because placement is contextual, inferred, or lower-confidence.",,,,,Datta Sampradaya Belt,(No Sampradaya),"Kolhapur, Maharashtra, India
Vishwapandari Ashram, Kolhapur, Maharashtra, India"
reccorfTb0jN9XUyn,"Sri Maha Daba Patil of Narasimha Wadi, Kolhapur, Maharashtra ",Datta Tradition,Needs Research,Tertiary,Medium,"Spiritual region maps to Datta Tradition. Tier proposed as Tertiary because placement is contextual, inferred, or lower-confidence.",,,,,Datta Sampradaya Belt,(No Sampradaya),"Kolhapur, Maharashtra, India
Narasimha Wadi, Maharashtra, India"
rec542avx5EJLdPqI,"Sri Narasimha Saraswati 
of Lad-Karanja, Washim, Vidarbha, Maharashtra",Datta Tradition,Maharashtra Guru Lineages,Featured,High,Family override from FAM-003 (Dattatreya Incarnations & Lineages); family placement takes priority over geography. Tier proposed as Featured because the record appears to anchor or lead a family cluster.,Organize inside Datta Tradition using FAM-003 family context before geography.,FAM-003,,11,Maharashtra General,(No Sampradaya),"Washim, Vidarbha, Maharashtra, India"
recEvPtUXEpvPZtBk,"Sri Narasimha Saraswati of Narasimha Wadi, Kolhapur,  Maharashtra ",Datta Tradition,Needs Research,Featured,High,Family override from FAM-003 (Dattatreya Incarnations & Lineages); family placement takes priority over geography. Tier proposed as Featured because the record appears to anchor or lead a family cluster.,Organize inside Datta Tradition using FAM-003 family context before geography.,FAM-003,,11,Datta Sampradaya Belt,(No Sampradaya),"Kolhapur, Maharashtra, India"
recToCTKv11kDx7Ax,Sri Narayan Das Maharaj of Kolhapur,Datta Tradition,Needs Research,Secondary,Medium,Spiritual region maps to Datta Tradition. Tier proposed as Secondary because the record is a close family/lineage member or direct section fit.,Family FAM-045 is present but not mapped to a stronger section override; review family tree if this placement feels off.,FAM-045,,2,Datta Sampradaya Belt,(No Sampradaya),"Kolhapur, Maharashtra, India"
recKmUNZB0LwvnQYV,Sri Pant Maharaj of Balekundri/ Mungarwadi,Datta Tradition,Needs Research,Secondary,High,Family override from FAM-003 (Dattatreya Incarnations & Lineages); family placement takes priority over geography. Tier proposed as Secondary because the record is a close family/lineage member or direct section fit.,Organize inside Datta Tradition using FAM-003 family context before geography.,FAM-003,,11,Veerashaiva / Lingayat Belt,(No Sampradaya),"Balekundri, Karnataka, India
Maharashtra"
recFMiA1H4ZW1r0gq,"Sri Rajyogi Gajanan Maharaj of Kolhapur, Maharashtra ",Datta Tradition,Needs Research,Tertiary,Medium,"Spiritual region maps to Datta Tradition. Tier proposed as Tertiary because placement is contextual, inferred, or lower-confidence.",,,,,Datta Sampradaya Belt,(No Sampradaya),"Kolhapur, Maharashtra, India"
recb0bxlGKljLlnHX,Sri Ramanand Maharaj of Kolhapur,Datta Tradition,Needs Research,Tertiary,Medium,"Spiritual region maps to Datta Tradition. Tier proposed as Tertiary because placement is contextual, inferred, or lower-confidence.",,,,,Datta Sampradaya Belt,(No Sampradaya),"Kolhapur, Maharashtra, India"
recaUt3hYFYOke7zb,"Sri Samarth Sadguru Vishvanath Maharaj of Karavir, Kolhapur (Village Bachani)",Datta Tradition,Girnar & Nath Traditions,Tertiary,Medium,"Spiritual region maps to Datta Tradition. Tier proposed as Tertiary because placement is contextual, inferred, or lower-confidence.",,,,,Datta Sampradaya Belt,(No Sampradaya),"Kolhapur, Maharashtra, India"
recSx9QQVGLugLNjG,Sri Shankarnath Raval Maharaj of Kolhapur,Datta Tradition,Girnar & Nath Traditions,Tertiary,Medium,"Spiritual region maps to Datta Tradition. Tier proposed as Tertiary because placement is contextual, inferred, or lower-confidence.",,,,,Datta Sampradaya Belt,(No Sampradaya),"Kolhapur, Maharashtra, India"
recDvvnxk6XDW7DC8,Sri Siddheshwar Maharaj of Kolhapur,Datta Tradition,Needs Research,Tertiary,Medium,"Spiritual region maps to Datta Tradition. Tier proposed as Tertiary because placement is contextual, inferred, or lower-confidence.",,,,,Datta Sampradaya Belt,(No Sampradaya),"Kolhapur, Maharashtra, India"
rec6yrEBBbpSoujJY,"Sri Sita Ram Das of Bhimbetka Caves, Bhopal",Datta Tradition,Needs Research,Tertiary,Medium,"Spiritual region maps to Datta Tradition. Tier proposed as Tertiary because placement is contextual, inferred, or lower-confidence.",,,,,Narmada & Datta Region,(No Sampradaya),"Bhimbetka, Raisen, Madhya Pradesh, India"
recAlb0YE5eJvpr0X,"Sri Sri Sri Swami Poornananda of Srisailam, Madurai, Tamil Nadu",Datta Tradition,Needs Research,Tertiary,Medium,"Spiritual region maps to Datta Tradition. Tier proposed as Tertiary because placement is contextual, inferred, or lower-confidence.",,,,,"Southern Pilgrimage Circuit
Datta & Advaita Belt",(No Sampradaya),"Madurai, Tamil Nadu, India
Srisailam, Andhra Pradesh, India"
recJlxMVAhiEXIlDH,Sri Swami Shamanand ji of Gokarna,Datta Tradition,Needs Research,Tertiary,Medium,"Spiritual region maps to Datta Tradition. Tier proposed as Tertiary because placement is contextual, inferred, or lower-confidence.",,,,,Coastal & Datta Traditions,(No Sampradaya),"Gokarna, Karnataka, India"
recEhlZJadMj1ae8L,Sri Tembe Swami ,Datta Tradition,Girnar & Nath Traditions,Secondary,High,Family override from FAM-003 (Dattatreya Incarnations & Lineages); family placement takes priority over geography. Tier proposed as Secondary because the record is a close family/lineage member or direct section fit.,Organize inside Datta Tradition using FAM-003 family context before geography.,FAM-003,,11,"Modern Guru Centers
Narmada Region
Nath & Shaiva Maharashtra",(No Sampradaya),"Mangaon, Maharashtra, India
Garudeshwar, Gujarat, India
Hingoli, Maharashtra, India"
recAdoHb834kJnkig,Swami Samarth Maharaj of Akkalkot,Datta Tradition,Needs Research,Featured,High,Family override from FAM-003 (Dattatreya Incarnations & Lineages); family placement takes priority over geography. Tier proposed as Featured because the record appears to anchor or lead a family cluster.,Organize inside Datta Tradition using FAM-003 family context before geography.,FAM-003,,11,Datta Sampradaya Belt,(No Sampradaya),"Akkalkot, Maharashtra, India"
recZ8dSUCZSv0HSTl,Yogananda Swami,Datta Tradition,Needs Research,Secondary,High,Family override from FAM-003 (Dattatreya Incarnations & Lineages); family placement takes priority over geography. Tier proposed as Secondary because the record is a close family/lineage member or direct section fit.,Organize inside Datta Tradition using FAM-003 family context before geography.,FAM-003,,11,,(No Sampradaya),
recdWTI4NXwgPek2O,A. C. Bhaktivedanta Swami Prabhupada,Gaudiya Vaishnava,Braj & Krishna Bhakti,Secondary,High,Family override from FAM-001 (Gaudiya Math); family placement takes priority over geography. Tier proposed as Secondary because the record is a close family/lineage member or direct section fit.,Organize inside Gaudiya Vaishnava using FAM-001 family context before geography.,FAM-001,,16,Braj Mandal,Brahma-Madhva-Gaudiya Sampradaya???,"Vrindavan, Uttar Pradesh, India"
rec4ZYq1brPdqn8Px,Bhaktisiddhanta Sarasvati Thakura Goswami,Gaudiya Vaishnava,Jagannath-Puri & Odisha,Secondary,High,Family override from FAM-001 (Gaudiya Math); family placement takes priority over geography. Tier proposed as Secondary because the record is a close family/lineage member or direct section fit.,Organize inside Gaudiya Vaishnava using FAM-001 family context before geography.,FAM-001,,16,"Coastal Odisha
Jagannath-Puri Tradition",Gaudiya Vaishnava,"Cuttack, Odisha, India
Puri, Odisha, India"
recVcmAKuNX8Dpp54,Brahmachari Sri Anilananda Maharaj of Serampur ,Gaudiya Vaishnava,Needs Research,Tertiary,Medium,"Spiritual region maps to Gaudiya Vaishnava. Tier proposed as Tertiary because placement is contextual, inferred, or lower-confidence.",,,,,Gaudiya Vaishnava Heartland,(No Sampradaya),"Serampur, West Bengal, India"
recBvAIzHPy3xmzNr,Goswamis of Vrindavan ,Gaudiya Vaishnava,Braj & Krishna Bhakti,Featured,High,Family override from FAM-005 (Sri Chaitanya Mahaprabhu Family); family placement takes priority over geography. Explicit archivalist featured saint override: Goswamis of Vrindavan. Tier proposed as Featured because the record appears to anchor or lead a family cluster.,Organize inside Gaudiya Vaishnava using FAM-005 family context before geography.,FAM-005,,9,Braj Mandal,(No Sampradaya),"Vrindavan, Uttar Pradesh, India"
rec5r3QLGKrjYa5y6,Mahant Sri Bhakticharandas Maharaj of Baleshwar,Gaudiya Vaishnava,Jagannath-Puri & Odisha,Tertiary,High,"Sampradaya maps directly to Gaudiya Vaishnava. Tier proposed as Tertiary because placement is contextual, inferred, or lower-confidence.",,,,,Coastal Odisha,Gaudiya Vaishnava,"Baleshwar (Balasore), Odisha, India"
recajHedfWqHODkDT,"Om Vishnupad 108 Sri Sri Bhakti Suhrid Akinchan Goswami Maharaj of Sri Sri Gaur Nitynanda, Mayapur ",Gaudiya Vaishnava,Needs Research,Tertiary,Medium,"Spiritual region maps to Gaudiya Vaishnava. Tier proposed as Tertiary because placement is contextual, inferred, or lower-confidence.",,,,,Gaudiya Vaishnava Heartland,(No Sampradaya),"Mayapur, West Bengal, India"
recMF6lJ4Vq5sZPUN,"Om Vishnupad Tridandi Swami 108 Sri Srimat Bhakti Sravan Tirtha Goswami Maharaj of Bhubaneshwar, Orissa",Gaudiya Vaishnava,Jagannath-Puri & Odisha,Tertiary,High,"Family override from FAM-001 (Gaudiya Math); family placement takes priority over geography. Explicit archivalist tier override: Gaudiya Math-associated monk should be tertiary. Tier proposed as Tertiary because placement is contextual, inferred, or lower-confidence.",Organize inside Gaudiya Vaishnava using FAM-001 family context before geography.,FAM-001,,16,Coastal Odisha,Gaudiya Vaishnava,"Bhubaneswar, Odisha, India"
rec4uzk83q3AtQGgi,Parivrajak Acharyabarya Jagadguru Sri Srimad Bhakti Saura Bhaktisara Goswami  of Mayapur,Gaudiya Vaishnava,Needs Research,Tertiary,High,"Sampradaya maps directly to Gaudiya Vaishnava. Tier proposed as Tertiary because placement is contextual, inferred, or lower-confidence.",,,,,Gaudiya Vaishnava Heartland,Gaudiya Vaishnava,"Mayapur, West Bengal, India"
recDl64QxLXGrq0xE,Prathap Chandra Goswami of Navadwip,Gaudiya Vaishnava,Needs Research,Tertiary,High,"Sampradaya maps directly to Gaudiya Vaishnava. Tier proposed as Tertiary because placement is contextual, inferred, or lower-confidence.",,,,,Gaudiya Vaishnava Heartland,Gaudiya Vaishnava,"Navadwip, West Bengal, India"
recIc6Bef1qpL1bD5,Sri 108 Sri Sripad Srila Bhakti Dayita Madhav Goswami Maharaj of Mayapur,Gaudiya Vaishnava,Needs Research,Tertiary,High,"Sampradaya maps directly to Gaudiya Vaishnava. Tier proposed as Tertiary because placement is contextual, inferred, or lower-confidence.",,,,,Gaudiya Vaishnava Heartland,Gaudiya Vaishnava,"Mayapur, West Bengal, India"
recRc97ygtRl5l7Kr,Sri Achyutananda Das Maharaj of Jagatsinghpur ,Gaudiya Vaishnava,Jagannath-Puri & Odisha,Tertiary,High,"Sampradaya maps directly to Gaudiya Vaishnava. Tier proposed as Tertiary because placement is contextual, inferred, or lower-confidence.",,,,,Coastal Odisha,Gaudiya Vaishnava,"Jagatsinghpur, Odisha, India"
rec1mXGzzcIe1YtQv,"Sri Advaita Babaji Maharaj of Cuttack, Orissa ",Gaudiya Vaishnava,Jagannath-Puri & Odisha,Tertiary,High,"Sampradaya maps directly to Gaudiya Vaishnava. Tier proposed as Tertiary because placement is contextual, inferred, or lower-confidence.",,,,,Coastal Odisha,Gaudiya Vaishnava,"Cuttack, Odisha, India"
recesQ60HFL3g884S,"Sri Advaita Kulchara Muni Prabhupad Shrila Nikunj Gopal Goswami of Basak Para, Navadwip ",Gaudiya Vaishnava,Needs Research,Tertiary,Medium,"Spiritual region maps to Gaudiya Vaishnava. Tier proposed as Tertiary because placement is contextual, inferred, or lower-confidence.",,,,,Gaudiya Vaishnava Heartland,(No Sampradaya),"Navadwip, West Bengal, India"
recu0OJ76jqCF2Wmj,"Sri Aindra Prabhu of Arlington, USA",Gaudiya Vaishnava,Global & Diaspora Lineages,Secondary,High,Family override from FAM-001 (Gaudiya Math); family placement takes priority over geography. Tier proposed as Secondary because the record is a close family/lineage member or direct section fit.,Organize inside Gaudiya Vaishnava using FAM-001 family context before geography.,FAM-001,,16,Global,Gaudiya Vaishnava,USA
rec419YldTnqJc6lM,Sri Akinchana Krishna Das of Navadwip (??),Gaudiya Vaishnava,Needs Research,Tertiary,Medium,"Spiritual region maps to Gaudiya Vaishnava. Tier proposed as Tertiary because placement is contextual, inferred, or lower-confidence.",,,,,Gaudiya Vaishnava Heartland,(No Sampradaya),"Navadwip, West Bengal, India"
recBKQN1E2ZnGxh8H,Sri Amita Adhikari of Navadwip ,Gaudiya Vaishnava,Needs Research,Tertiary,Medium,"Spiritual region maps to Gaudiya Vaishnava. Tier proposed as Tertiary because placement is contextual, inferred, or lower-confidence.",,,,,Gaudiya Vaishnava Heartland,Advaita Acharya Sampradaya,"Navadwip, West Bengal, India"
recVnva3yyGuxFvmY,"Sri Anant Das Baba of Gopinath Gaudiya Math, Vrindavan ",Gaudiya Vaishnava,Braj & Krishna Bhakti,Tertiary,Medium,"Spiritual region maps to Gaudiya Vaishnava. Tier proposed as Tertiary because placement is contextual, inferred, or lower-confidence.",,,,,Gaudiya Vaishnava Heartland,(No Sampradaya),"Mayapur, West Bengal, India"
recyu7A0Cmfh0EA9N,"Sri Aoudolom Maharaj of Cuttack, Orissa ",Gaudiya Vaishnava,Jagannath-Puri & Odisha,Tertiary,High,"Family override from FAM-001 (Gaudiya Math); family placement takes priority over geography. Explicit archivalist tier override: Cuttack/Orissa Gaudiya Math-associated monk should be tertiary. Tier proposed as Tertiary because placement is contextual, inferred, or lower-confidence.",Organize inside Gaudiya Vaishnava using FAM-001 family context before geography.,FAM-001,,16,Coastal Odisha,Gaudiya Vaishnava,"Cuttack, Odisha, India"
recjkjWrWLFHgg5IV,Sri Badai Chand Goswami of Gaur Goranga Mandir (the house of Vishnupriya) Navadwip ,Gaudiya Vaishnava,Needs Research,Tertiary,Medium,"Spiritual region maps to Gaudiya Vaishnava. Tier proposed as Tertiary because placement is contextual, inferred, or lower-confidence.",,,,,Gaudiya Vaishnava Heartland,(No Sampradaya),"Navadwip, West Bengal, India"
recsRbIOXNQYU4GBd,"Sri Balabhadra Das Maharaj of Puri, Orissa ",Gaudiya Vaishnava,Jagannath-Puri & Odisha,Tertiary,High,"Sampradaya maps directly to Gaudiya Vaishnava. Tier proposed as Tertiary because placement is contextual, inferred, or lower-confidence.",,,,,Jagannath-Puri Tradition,Gaudiya Vaishnava,"Puri, Odisha, India"
rec3ulkcd4vs7FA6v,"Sri Balak Siddha Mahatma Srila Yadav Chandra Rai (Balak Sadhu) of Jagannath Bari, Navadwip   ",Gaudiya Vaishnava,Sri Vaishnava & South Indian Vaishnava Traditions; Girnar & Nath Traditions,Secondary,High,Family override from FAM-001 (Gaudiya Math); family placement takes priority over geography. Explicit archivalist tier override: Balak Sadhu should be secondary in Gaudiya context. Tier proposed as Secondary because the record is a close family/lineage member or direct section fit.,Organize inside Gaudiya Vaishnava using FAM-001 family context before geography.,FAM-001,,16,Gaudiya Vaishnava Heartland,Sri Vaishnava,"Navadwip, West Bengal, India"
recNmKsCz7Kg7x7Dr,Sri Baya Baba (Sri Srimad 108 Sachinandan Das Baba) of Bengal ,Gaudiya Vaishnava,"Jagannath-Puri & Odisha; Bengal Shakta, Baul & Modern Saints",Secondary,High,Family override from FAM-002 (Sri Jagad Bandhu Sundar Family); family placement takes priority over geography. Tier proposed as Secondary because the record is a close family/lineage member or direct section fit.,Organize inside Gaudiya Vaishnava using FAM-002 family context before geography.,FAM-002,,12,"West Bengal General
Odisha General",Gaudiya Vaishnava,"West Bengal, India
Odisha, India"
recDske4jSTiuYtga,"Sri Bhakti Pradeep Tirtha Goswami Maharaj of Cuttack, Orissa",Gaudiya Vaishnava,Jagannath-Puri & Odisha,Tertiary,High,"Family override from FAM-001 (Gaudiya Math); family placement takes priority over geography. Explicit archivalist tier override: Cuttack/Orissa Gaudiya Math-associated monk should be tertiary. Tier proposed as Tertiary because placement is contextual, inferred, or lower-confidence.",Organize inside Gaudiya Vaishnava using FAM-001 family context before geography.,FAM-001,,16,Coastal Odisha,Gaudiya Vaishnava,"Cuttack, Odisha, India"
recv7456zY968qEFJ,"Sri Bhakti Prajnana Keshav Goswami of Gaudiya Math, Mathura",Gaudiya Vaishnava,Braj & Krishna Bhakti,Tertiary,High,"Sampradaya maps directly to Gaudiya Vaishnava. Tier proposed as Tertiary because placement is contextual, inferred, or lower-confidence.",,,,,Braj Mandal,Gaudiya Vaishnava,"Mathura, Uttar Pradesh, India"
reccRAlL008YucnZG,"Sri Bhakti Prasad Puri Goswami Maharaj of Cuttack, Orissa 18 C",Gaudiya Vaishnava,Jagannath-Puri & Odisha,Tertiary,High,"Family override from FAM-001 (Gaudiya Math); family placement takes priority over geography. Explicit archivalist tier override: Cuttack/Orissa Gaudiya Math-associated monk should be tertiary. Tier proposed as Tertiary because placement is contextual, inferred, or lower-confidence.",Organize inside Gaudiya Vaishnava using FAM-001 family context before geography.,FAM-001,,16,Coastal Odisha,Gaudiya Vaishnava,"Cuttack, Odisha, India"
reckHUfQ5SSZ3CGWg,"Sri Bhakti Sri Rupesh Bhagavat Goswami Maharaj of Cuttack, Orissa ",Gaudiya Vaishnava,Jagannath-Puri & Odisha,Tertiary,High,"Family override from FAM-001 (Gaudiya Math); family placement takes priority over geography. Explicit archivalist tier override: Cuttack/Orissa Gaudiya Math-associated monk should be tertiary. Tier proposed as Tertiary because placement is contextual, inferred, or lower-confidence.",Organize inside Gaudiya Vaishnava using FAM-001 family context before geography.,FAM-001,,16,Coastal Odisha,Gaudiya Vaishnava,"Cuttack, Odisha, India"
rec8kLoCs2julYZOc,"Sri Bhakti Sumit Paribrajak Maharaj of Cuttack, Orissa",Gaudiya Vaishnava,Jagannath-Puri & Odisha,Tertiary,High,"Family override from FAM-001 (Gaudiya Math); family placement takes priority over geography. Explicit archivalist tier override: Cuttack/Orissa Gaudiya Math-associated monk should be tertiary. Tier proposed as Tertiary because placement is contextual, inferred, or lower-confidence.",Organize inside Gaudiya Vaishnava using FAM-001 family context before geography.,FAM-001,,16,Coastal Odisha,Gaudiya Vaishnava,"Cuttack, Odisha, India"
rec9fZun1s41EybhH,"Sri Bhakti Vinod Thakur of Mayapur, West Bengal  ",Gaudiya Vaishnava,"Bengal Shakta, Baul & Modern Saints",Tertiary,High,"Sampradaya maps directly to Gaudiya Vaishnava. Tier proposed as Tertiary because placement is contextual, inferred, or lower-confidence.",,,,,Gaudiya Vaishnava Heartland,Gaudiya Vaishnava,"Mayapur, West Bengal, India"
reckMBC141nW5gI18,Sri Bhakti Vistar Vishnu Goswami Maharaj of Mayapur ,Gaudiya Vaishnava,Needs Research,Tertiary,High,"Sampradaya maps directly to Gaudiya Vaishnava. Tier proposed as Tertiary because placement is contextual, inferred, or lower-confidence.",,,,,Gaudiya Vaishnava Heartland,Gaudiya Vaishnava,"Mayapur, West Bengal, India"
rec4OqIqWOTDRvYLU,Sri Binod Bihari Das Babaji of Barsana,Gaudiya Vaishnava,Braj & Krishna Bhakti,Secondary,Medium,Family override from FAM-023 (Sri Sri Bhaktivedanta Baman Goswami Maharaj Family); family placement takes priority over geography. Tier proposed as Secondary because the record is a close family/lineage member or direct section fit.,Organize inside Gaudiya Vaishnava using FAM-023 family context before geography.,FAM-023,,3,Braj Mandal,(No Sampradaya),"Barsana, Uttar Pradesh, India
Vrindavan, Uttar Pradesh, India"
rec6oroPzhoYjST6b,"Sri Brajendra Lala Goswami of Navadwip Dham, West Bengal ",Gaudiya Vaishnava,"Bengal Shakta, Baul & Modern Saints",Tertiary,High,"Sampradaya maps directly to Gaudiya Vaishnava. Tier proposed as Tertiary because placement is contextual, inferred, or lower-confidence.",,,,,Gaudiya Vaishnava Heartland,Nityananda Sampradaya,"Navadwip, West Bengal, India"
recuGDRayeoOlxRO9,"Sri Chaitanya Charan Das of Puri, Orissa ",Gaudiya Vaishnava,Jagannath-Puri & Odisha,Tertiary,High,"Sampradaya maps directly to Gaudiya Vaishnava. Tier proposed as Tertiary because placement is contextual, inferred, or lower-confidence.",,,,,Jagannath-Puri Tradition,Gaudiya Vaishnava,"Puri, Odisha, India"
recgLvBMiGOevOuZM,Sri Chaitanya Mahaprabhu of Puri/ Navadwip,Gaudiya Vaishnava,Needs Research,Featured,High,Family override from FAM-005 (Sri Chaitanya Mahaprabhu Family); family placement takes priority over geography. Explicit archivalist featured saint override: Sri Chaitanya Mahaprabhu. Tier proposed as Featured because the record appears to anchor or lead a family cluster.,Organize inside Gaudiya Vaishnava using FAM-005 family context before geography.,FAM-005,,9,"Jagannath-Puri Tradition
Gaudiya Vaishnava Heartland",Gaudiya Vaishnava,"Puri, Odisha, India
Navadwip, West Bengal, India"
rec9iOaPtSzM2pvmx,Sri Chand Kazi of Mayapur ,Gaudiya Vaishnava,Needs Research,Tertiary,Medium,"Spiritual region maps to Gaudiya Vaishnava. Tier proposed as Tertiary because placement is contextual, inferred, or lower-confidence.",,,,,Gaudiya Vaishnava Heartland,(No Sampradaya),"Mayapur, West Bengal, India"
rec5ZWg6A1QYWN7Mt,Sri Darbesh Nabi Khepa of Mayapur ,Gaudiya Vaishnava,Needs Research,Tertiary,Medium,"Spiritual region maps to Gaudiya Vaishnava. Tier proposed as Tertiary because placement is contextual, inferred, or lower-confidence.",,,,,Gaudiya Vaishnava Heartland,(No Sampradaya),"Mayapur, West Bengal, India"
recIv4yKRknjgONrZ,"Sri Dhanamamjari Devi of Sonar Mandir, Navadwip, West Bengal ",Gaudiya Vaishnava,"Bengal Shakta, Baul & Modern Saints",Tertiary,High,"Sampradaya maps directly to Gaudiya Vaishnava. Tier proposed as Tertiary because placement is contextual, inferred, or lower-confidence.",,,,,Gaudiya Vaishnava Heartland,Shyamananda Sampradaya,"Navadwip, West Bengal, India"
recjEQvrerGobZcVO,Sri Gaura Kishor Das Babaji of Navadwip ,Gaudiya Vaishnava,Needs Research,Secondary,High,Family override from FAM-001 (Gaudiya Math); family placement takes priority over geography. Tier proposed as Secondary because the record is a close family/lineage member or direct section fit.,Organize inside Gaudiya Vaishnava using FAM-001 family context before geography.,FAM-001,,16,Gaudiya Vaishnava Heartland,(No Sampradaya),"Navadwip, West Bengal, India"
rec7064CikptruWW3,Sri Gopala Bhatta Goswami of Vrindavan,Gaudiya Vaishnava,Braj & Krishna Bhakti,Secondary,High,Family override from FAM-005 (Sri Chaitanya Mahaprabhu Family); family placement takes priority over geography. Tier proposed as Secondary because the record is a close family/lineage member or direct section fit.,Organize inside Gaudiya Vaishnava using FAM-005 family context before geography.,FAM-005,,9,Braj Mandal,(No Sampradaya),"Vrindavan, Uttar Pradesh, India"
rec1bOVrWmAFek7Tn,Sri Harendranath Mukarji of Panihati ,Gaudiya Vaishnava,Girnar & Nath Traditions,Secondary,High,Family override from FAM-002 (Sri Jagad Bandhu Sundar Family); family placement takes priority over geography. Tier proposed as Secondary because the record is a close family/lineage member or direct section fit.,Organize inside Gaudiya Vaishnava using FAM-002 family context before geography.,FAM-002,,12,Gaudiya Vaishnava Heartland,Gaudiya Vaishnava,"Panihati, West Bengal, India"
recd2UE4TEFj2dmoP,"Sri Haridas Thakur of Siddha Bakul Math, Puri ",Gaudiya Vaishnava,Jagannath-Puri & Odisha,Tertiary,High,"Sampradaya maps directly to Gaudiya Vaishnava. Tier proposed as Tertiary because placement is contextual, inferred, or lower-confidence.",,,,,Jagannath-Puri Tradition,Gaudiya Vaishnava,"Puri, Odisha, India"
rechBZw1LyW9TTX9L,Sri Hemalata Thakurani of ??? ,Gaudiya Vaishnava,"Bengal Shakta, Baul & Modern Saints",Secondary,High,Family override from FAM-005 (Sri Chaitanya Mahaprabhu Family); family placement takes priority over geography. Tier proposed as Secondary because the record is a close family/lineage member or direct section fit.,Organize inside Gaudiya Vaishnava using FAM-005 family context before geography.,FAM-005,,9,West Bengal General,(No Sampradaya),"West Bengal, India"
recScF5b1ChfaQuFr,Sri Hum Itho Ikaan Sidap of Manipur ,Gaudiya Vaishnava,Needs Research,Tertiary,High,"No strong family, sampradaya, or spiritual-region section could be inferred. Needs-research override: Sri Hum Itho Ikaan Sidap family should be proposed for Gaudiya, but remain tertiary. Section overridden to Gaudiya Vaishnava. Tier proposed as Tertiary because placement is contextual, inferred, or lower-confidence.","Needs-research override: Sri Hum Itho Ikaan Sidap family should be proposed for Gaudiya, but remain tertiary.",FAM-053,,2,Manipur General,(No Sampradaya),Manipur
recKh2RvgoYZimvdt,Sri Jagad Bandhu Sundar of Faridpur ,Gaudiya Vaishnava,"Bengal Shakta, Baul & Modern Saints",Featured,High,Family override from FAM-002 (Sri Jagad Bandhu Sundar Family); family placement takes priority over geography. Tier proposed as Featured because the record appears to anchor or lead a family cluster.,Organize inside Gaudiya Vaishnava using FAM-002 family context before geography.,FAM-002,,12,South Asia,(No Sampradaya),Bangladesh
recHtWkpayatvf2d1,Sri Jagadananda Pandit of Puri ,Gaudiya Vaishnava,Jagannath-Puri & Odisha,Tertiary,High,"Sampradaya maps directly to Gaudiya Vaishnava. Tier proposed as Tertiary because placement is contextual, inferred, or lower-confidence.",,,,,Jagannath-Puri Tradition,Gaudiya Vaishnava,"Puri, Odisha, India"
recs5oR89BMYi1sGB,"Sri Jagannath Das Babaji of Navadwip Dham, West Bengal ",Gaudiya Vaishnava,Girnar & Nath Traditions,Featured,High,Family override from FAM-001 (Gaudiya Math); family placement takes priority over geography. Tier proposed as Featured because the record appears to anchor or lead a family cluster.,Organize inside Gaudiya Vaishnava using FAM-001 family context before geography.,FAM-001,,16,Gaudiya Vaishnava Heartland,Gaudiya Vaishnava,"Navadwip, West Bengal, India"
recrlwdicIYg2eixj,Sri Jagannatha Das of Puri ,Gaudiya Vaishnava,Jagannath-Puri & Odisha; Girnar & Nath Traditions,Tertiary,High,"Sampradaya maps directly to Gaudiya Vaishnava. Tier proposed as Tertiary because placement is contextual, inferred, or lower-confidence.",,,,,Jagannath-Puri Tradition,Gaudiya Vaishnava,"Puri, Odisha, India"
reczcdKSdHDeOlHdt,Sri Jiva Goswami of Vrindavan,Gaudiya Vaishnava,Braj & Krishna Bhakti,Secondary,High,Family override from FAM-005 (Sri Chaitanya Mahaprabhu Family); family placement takes priority over geography. Tier proposed as Secondary because the record is a close family/lineage member or direct section fit.,Organize inside Gaudiya Vaishnava using FAM-005 family context before geography.,FAM-005,,9,Braj Mandal,Gaudiya Vaishnava,"Vrindavan, Uttar Pradesh, India"
recZQoZ10WJGCQxUR,"Sri Jiva Krishnadas Babaji of Pathbari Ashram, Calcutta ",Gaudiya Vaishnava,"Bengal Shakta, Baul & Modern Saints",Secondary,High,Sampradaya maps directly to Gaudiya Vaishnava. Tier proposed as Secondary because the record is a close family/lineage member or direct section fit.,Family FAM-055 is present but not mapped to a stronger section override; review family tree if this placement feels off.,FAM-055,,2,Kolkata Spiritual Sphere,Gaudiya Vaishnava,"Kolkata, West Bengal, India"
recNQgFzR8Aq8vwY6,Sri Jyotir Maa of Shantipur ,Gaudiya Vaishnava,Needs Research,Tertiary,Medium,"Spiritual region maps to Gaudiya Vaishnava. Tier proposed as Tertiary because placement is contextual, inferred, or lower-confidence.",,,,,Gaudiya Vaishnava Heartland,(No Sampradaya),"Shantipur, West Bengal, India"
reccnulmO6FScVCsI,"Sri Krishna Chaitanya Das Babaji Maharaj of Navadwip, West Bengal 19 A",Gaudiya Vaishnava,"Bengal Shakta, Baul & Modern Saints",Featured,Medium,Family override from FAM-058 (Sri Krishna Chaitanya Das Babaji Maharaj Family); family placement takes priority over geography. Tier proposed as Featured because the record appears to anchor or lead a family cluster.,Organize inside Gaudiya Vaishnava using FAM-058 family context before geography.,FAM-058,,2,Gaudiya Vaishnava Heartland,(No Sampradaya),"Navadwip, West Bengal, India"
recL5wb5a9ffIoqO9,"Sri Krishna Das Goswami of Kanopriya Mandir , Navadwip, West Bengal  / or is the baby krishna from Akinchana Krishna Das??",Gaudiya Vaishnava,"Bengal Shakta, Baul & Modern Saints",Tertiary,Medium,"Spiritual region maps to Gaudiya Vaishnava. Tier proposed as Tertiary because placement is contextual, inferred, or lower-confidence.",,,,,Gaudiya Vaishnava Heartland,(No Sampradaya),"Navadwip, West Bengal, India"
recSLQO2o5c8gbzEc,Sri Krishna Jeevan Das Babaji of Pathbari Ashram,Gaudiya Vaishnava,Needs Research,Tertiary,Medium,"Spiritual region maps to Gaudiya Vaishnava. Tier proposed as Tertiary because placement is contextual, inferred, or lower-confidence.",,,,,Gaudiya Vaishnava Heartland,(No Sampradaya),"Baranagar, West Bengal, India"
recvIK4EYJwVrkvk5,"Sri Krishnananda Das Babaji of Pathbari Ashram, Calcutta 14 D",Gaudiya Vaishnava,"Bengal Shakta, Baul & Modern Saints",Secondary,High,Family override from FAM-002 (Sri Jagad Bandhu Sundar Family); family placement takes priority over geography. Tier proposed as Secondary because the record is a close family/lineage member or direct section fit.,Organize inside Gaudiya Vaishnava using FAM-002 family context before geography.,FAM-002,,12,Kolkata Spiritual Sphere,Gaudiya Vaishnava,"Kolkata, West Bengal, India"
recFh4kJRO5WJaJKW,"Sri Lalita Sakhi Dasi of Samaj Bari Ashram, Navadwip",Gaudiya Vaishnava,Needs Research,Tertiary,High,"Sampradaya maps directly to Gaudiya Vaishnava. Tier proposed as Tertiary because placement is contextual, inferred, or lower-confidence.",,,,,Gaudiya Vaishnava Heartland,Nityananda Sampradaya,"Navadwip, West Bengal, India"
recsmmsRLMaknhBgv,"Sri Madani Skinchan Maharaj of Sri Sri Gaur Nityananda Mandir, Mayapur Dham, West Bengal",Gaudiya Vaishnava,"Bengal Shakta, Baul & Modern Saints",Tertiary,High,"Sampradaya maps directly to Gaudiya Vaishnava. Tier proposed as Tertiary because placement is contextual, inferred, or lower-confidence.",,,,,Gaudiya Vaishnava Heartland,Gaudiya Vaishnava,"Mayapur, West Bengal, India"
recsYELxoJkSd4fJB,Sri Mahanambrata Brahmachari of Bangladesh ,Gaudiya Vaishnava,"Bengal Shakta, Baul & Modern Saints",Secondary,High,Family override from FAM-002 (Sri Jagad Bandhu Sundar Family); family placement takes priority over geography. Tier proposed as Secondary because the record is a close family/lineage member or direct section fit.,Organize inside Gaudiya Vaishnava using FAM-002 family context before geography.,FAM-002,,12,South Asia,Gaudiya Vaishnava,Bangladesh
recmJs0NX4r3MNORL,Sri Murali Das Babaji Maharaj of Pathbari Ashram,Gaudiya Vaishnava,Needs Research,Secondary,High,Family override from FAM-002 (Sri Jagad Bandhu Sundar Family); family placement takes priority over geography. Tier proposed as Secondary because the record is a close family/lineage member or direct section fit.,Organize inside Gaudiya Vaishnava using FAM-002 family context before geography.,FAM-002,,12,Gaudiya Vaishnava Heartland,(No Sampradaya),"Baranagar, West Bengal, India"
recyL3SDKfJkAJ073,"Sri Narotamdas Babaji of near Pathbari Ashram, Calcutta ",Gaudiya Vaishnava,"Bengal Shakta, Baul & Modern Saints",Tertiary,High,"Sampradaya maps directly to Gaudiya Vaishnava. Tier proposed as Tertiary because placement is contextual, inferred, or lower-confidence.",,,,,Kolkata Spiritual Sphere,Gaudiya Vaishnava,"Kolkata, West Bengal, India"
rec0VzPagH6fmjpjT,Sri Navadwip Chandra Goswami of Navadwip ,Gaudiya Vaishnava,Needs Research,Tertiary,Medium,"Spiritual region maps to Gaudiya Vaishnava. Tier proposed as Tertiary because placement is contextual, inferred, or lower-confidence.",,,,,Gaudiya Vaishnava Heartland,(No Sampradaya),"Navadwip, West Bengal, India"
rechCBShnGGDqzWpU,"Sri Nima Krishna Goswami of Basak Para, Navadwip",Gaudiya Vaishnava,Needs Research,Tertiary,High,"Sampradaya maps directly to Gaudiya Vaishnava. Tier proposed as Tertiary because placement is contextual, inferred, or lower-confidence.",,,,,Gaudiya Vaishnava Heartland,Shyamananda Sampradaya,"Navadwip, West Bengal, India"
recyG2prFIlU68xEL,Sri Nithyaleela Prabistha Om Vishnupad Van Maharaj of Mayapur  (or Sri Srila Bhakti Hriday Bon Maharaj),Gaudiya Vaishnava,Needs Research,Tertiary,High,"Sampradaya maps directly to Gaudiya Vaishnava. Tier proposed as Tertiary because placement is contextual, inferred, or lower-confidence.",,,,,Gaudiya Vaishnava Heartland,Gaudiya Vaishnava,"Mayapur, West Bengal, India"
rec9JbqcBrrgJwX8G,Sri Nitya Mayanand Avadhoot of Navadwip ,Gaudiya Vaishnava,Needs Research,Tertiary,Medium,"Spiritual region maps to Gaudiya Vaishnava. Tier proposed as Tertiary because placement is contextual, inferred, or lower-confidence.",,,,,Gaudiya Vaishnava Heartland,Avadhoot Sampradaya,"Navadwip, West Bengal, India"
rec0OP1dCSvyKBTCm,Sri Nityananda Das Babaji of Calcutta ,Gaudiya Vaishnava,"Bengal Shakta, Baul & Modern Saints",Secondary,High,Sampradaya maps directly to Gaudiya Vaishnava. Tier proposed as Secondary because the record is a close family/lineage member or direct section fit.,Family FAM-055 is present but not mapped to a stronger section override; review family tree if this placement feels off.,FAM-055,,2,Kolkata Spiritual Sphere,Gaudiya Vaishnava,"Kolkata, West Bengal, India"
recK4u1sUzyWGtVTu,Sri Nityananda Prabhu of Navadwip,Gaudiya Vaishnava,Needs Research,Featured,High,Family override from FAM-005 (Sri Chaitanya Mahaprabhu Family); family placement takes priority over geography. Explicit archivalist featured saint override: Nityananda Prabhu. Tier proposed as Featured because the record appears to anchor or lead a family cluster.,Organize inside Gaudiya Vaishnava using FAM-005 family context before geography.,FAM-005,,9,Gaudiya Vaishnava Heartland,(No Sampradaya),"Navadwip, West Bengal, India"
recVN6Ty3682Uz2g4,"Sri Paramanand Das of Puri, Orissa ",Gaudiya Vaishnava,Jagannath-Puri & Odisha,Tertiary,High,"Sampradaya maps directly to Gaudiya Vaishnava. Tier proposed as Tertiary because placement is contextual, inferred, or lower-confidence.",,,,,Jagannath-Puri Tradition,Gaudiya Vaishnava,"Puri, Odisha, India"
reccJ4FERQ4WpHl8w,Sri Praanagopal Goswami of Navadwip ,Gaudiya Vaishnava,Needs Research,Featured,High,Sampradaya maps directly to Gaudiya Vaishnava. Explicit archivalist featured saint override: Sri Pranagopal Goswami. Tier proposed as Featured because the record appears to anchor or lead a family cluster.,,,,,Gaudiya Vaishnava Heartland,Nityananda Sampradaya,"Navadwip, West Bengal, India"
reczeHFHcOxxGRx3N,"Sri Prabhupad Sri Manmohan Goswami of Ranir Chaura, 2nd lane Navadwip Dham, West Bengal",Gaudiya Vaishnava,"Bengal Shakta, Baul & Modern Saints",Tertiary,Medium,"Spiritual region maps to Gaudiya Vaishnava. Tier proposed as Tertiary because placement is contextual, inferred, or lower-confidence.",,,,,Gaudiya Vaishnava Heartland,(No Sampradaya),"Navadwip, West Bengal, India"
recseCcZfyiPXe8GD,"Sri Prabhupad Srimad Jay Nitai Das Babaji of Navadwip, West Bengal ",Gaudiya Vaishnava,"Bengal Shakta, Baul & Modern Saints",Tertiary,High,"Family override from FAM-001 (Gaudiya Math); family placement takes priority over geography. Explicit archivalist tier override: Navadwip Gaudiya Math-associated monk should be tertiary. Tier proposed as Tertiary because placement is contextual, inferred, or lower-confidence.",Organize inside Gaudiya Vaishnava using FAM-001 family context before geography.,FAM-001,,16,Gaudiya Vaishnava Heartland,Nityananda Sampradaya,"Navadwip, West Bengal, India"
recX4WYW37PCx1WYX,Sri Priyanath Goswami of Navadwip ,Gaudiya Vaishnava,Girnar & Nath Traditions,Tertiary,High,"Sampradaya maps directly to Gaudiya Vaishnava. Tier proposed as Tertiary because placement is contextual, inferred, or lower-confidence.",,,,,Gaudiya Vaishnava Heartland,Nityananda Sampradaya,"Navadwip, West Bengal, India"
recSddYwfXb751bOE,Sri Pujyapada Madan Mohan Dasadikari Prabhu of Mayapur ,Gaudiya Vaishnava,Needs Research,Tertiary,High,"Sampradaya maps directly to Gaudiya Vaishnava. Tier proposed as Tertiary because placement is contextual, inferred, or lower-confidence.",,,,,Gaudiya Vaishnava Heartland,Gaudiya Vaishnava,"Mayapur, West Bengal, India"
reco84eCakzUdrmmP,Sri Radha Raman Charan Das of Bengal  ,Gaudiya Vaishnava,"Bengal Shakta, Baul & Modern Saints",Featured,High,Family override from FAM-002 (Sri Jagad Bandhu Sundar Family); family placement takes priority over geography. Explicit archivalist featured saint override: Sri Radharamana Charan Das. Tier proposed as Featured because the record appears to anchor or lead a family cluster.,Organize inside Gaudiya Vaishnava using FAM-002 family context before geography.,FAM-002,,12,South Asia,(No Sampradaya),Bangladesh
recdZ4gLlftNNFEFx,Sri Radhika Maharaj of Navadwip,Gaudiya Vaishnava,Needs Research,Tertiary,Medium,"Spiritual region maps to Gaudiya Vaishnava. Tier proposed as Tertiary because placement is contextual, inferred, or lower-confidence.",,,,,Gaudiya Vaishnava Heartland,(No Sampradaya),"Navadwip, West Bengal, India"
recw1An6SyOyNl4Mu,"Sri Raghav Pandit of Panihati, Raguhpavan ",Gaudiya Vaishnava,Needs Research,Tertiary,High,"Sampradaya maps directly to Gaudiya Vaishnava. Tier proposed as Tertiary because placement is contextual, inferred, or lower-confidence.",,,,,Gaudiya Vaishnava Heartland,Gaudiya Vaishnava,"Panihati, West Bengal, India"
rec72DZPKexDMty7G,Sri Rajarshi Banamali Roy of Vrindavan ,Gaudiya Vaishnava,Braj & Krishna Bhakti,Secondary,High,Family override from FAM-002 (Sri Jagad Bandhu Sundar Family); family placement takes priority over geography. Tier proposed as Secondary because the record is a close family/lineage member or direct section fit.,Organize inside Gaudiya Vaishnava using FAM-002 family context before geography.,FAM-002,,12,Braj Mandal,(No Sampradaya),"Vrindavan, Uttar Pradesh, India
Radha Kund, Govardhan, Uttar Pradesh, India"
recOs3jGNyfMlakIB,Sri Rajarshi Banamali Roy of Vrindavan ,Gaudiya Vaishnava,Braj & Krishna Bhakti,Secondary,High,Family override from FAM-002 (Sri Jagad Bandhu Sundar Family); family placement takes priority over geography. Tier proposed as Secondary because the record is a close family/lineage member or direct section fit.,Organize inside Gaudiya Vaishnava using FAM-002 family context before geography.,FAM-002,,12,Braj Mandal,(No Sampradaya),"Vrindavan, Uttar Pradesh, India
Radha Kund, Govardhan, Uttar Pradesh, India"
recqPwPML5FbWMvaV,Sri Ramdas Babaji Maharaj of Bengal ,Gaudiya Vaishnava,"Bengal Shakta, Baul & Modern Saints",Secondary,High,Family override from FAM-002 (Sri Jagad Bandhu Sundar Family); family placement takes priority over geography. Tier proposed as Secondary because the record is a close family/lineage member or direct section fit.,Organize inside Gaudiya Vaishnava using FAM-002 family context before geography.,FAM-002,,12,South Asia,(No Sampradaya),Bangladesh
recEs8hxZ2fBFWcEI,Sri Sachinandan Das Babaji Maharaj of Navadwip  ,Gaudiya Vaishnava,Needs Research,Tertiary,High,"Sampradaya maps directly to Gaudiya Vaishnava. Tier proposed as Tertiary because placement is contextual, inferred, or lower-confidence.",,,,,Gaudiya Vaishnava Heartland,Shyamananda Sampradaya,"Navadwip, West Bengal, India"
recorynJGbwBdQWvr,"Sri Sadhananda Das of Vamshi Vatt, Vraj Bhoomi, near Vrindavan ",Gaudiya Vaishnava,Braj & Krishna Bhakti,Tertiary,High,"Sampradaya maps directly to Gaudiya Vaishnava. Tier proposed as Tertiary because placement is contextual, inferred, or lower-confidence.",,,,,Braj Mandal,Gaudiya Vaishnava,"Vrindavan, Uttar Pradesh, India"
rec7cV8OOW6dYau1K,Sri Sankaranya Puri Goswami of Navadwip ( Sri Yogendranath Goswami ) ,Gaudiya Vaishnava,Girnar & Nath Traditions,Featured,High,Family override from FAM-002 (Sri Jagad Bandhu Sundar Family); family placement takes priority over geography. Tier proposed as Featured because the record appears to anchor or lead a family cluster.,Organize inside Gaudiya Vaishnava using FAM-002 family context before geography.,FAM-002,,12,Gaudiya Vaishnava Heartland,Nityananda Sampradaya,"Navadwip, West Bengal, India"
recCtoBgaO6q9LlU9,Sri Sarvabhauma Bhattacharya of Puri,Gaudiya Vaishnava,Jagannath-Puri & Odisha,Secondary,High,Family override from FAM-005 (Sri Chaitanya Mahaprabhu Family); family placement takes priority over geography. Tier proposed as Secondary because the record is a close family/lineage member or direct section fit.,Organize inside Gaudiya Vaishnava using FAM-005 family context before geography.,FAM-005,,9,Jagannath-Puri Tradition,Gaudiya Vaishnava,"Puri, Odisha, India"
rec5IIcrl7ssQtJyf,Sri Shrila Nityaleela Prabista Om Vishnupad Bhakti Prapanna Parbrajak Goswami Maharaj ,Gaudiya Vaishnava,Needs Research,Tertiary,High,"Sampradaya maps directly to Gaudiya Vaishnava. Tier proposed as Tertiary because placement is contextual, inferred, or lower-confidence.",,,,,Gaudiya Vaishnava Heartland,Gaudiya Vaishnava,"Mayapur, West Bengal, India"
reccJXiq8YBXjpayo,"Sri Shyamdas Baba of Vraj Bhoomi near Vrindavan (Near Nikunj - meeting place of Radha and Krishna half way between Barsana and Nandgaon, in the fields (Domilivan))",Gaudiya Vaishnava,Braj & Krishna Bhakti,Tertiary,High,"Sampradaya maps directly to Gaudiya Vaishnava. Tier proposed as Tertiary because placement is contextual, inferred, or lower-confidence.",,,,,Braj Mandal,Gaudiya Vaishnava,"Vraj Bhoomi, Uttar Pradesh, India
Vrindavan, Uttar Pradesh, India
Barsana, Uttar Pradesh, India
Nandgaon, Uttar Pradesh, India"
rec5JPQTiDggYfE4n,"Sri Sitalcharan Das Babaji Maharaj of Nityagor Ashram, Gudivada (close to Vijayawada)",Gaudiya Vaishnava,Andhra Avadhuta & Datta-Advaita Lineages,Tertiary,High,"Sampradaya maps directly to Gaudiya Vaishnava. Tier proposed as Tertiary because placement is contextual, inferred, or lower-confidence.",,,,,Coastal Andhra,Gaudiya Vaishnava,"Nityagor Ashram, Gudivada, Andhra Pradesh, India"
recdHeSKJd6wfLiaq,Sri SitaRamDas Omkarnath of Puri/Navadwip ,Gaudiya Vaishnava,Girnar & Nath Traditions,Tertiary,Medium,"Spiritual region maps to Gaudiya Vaishnava. Tier proposed as Tertiary because placement is contextual, inferred, or lower-confidence.",,,,,"Jagannath-Puri Tradition
Gaudiya Vaishnava Heartland","Jaiguru Sampradaya
Akhil Bharat Jaiguri Sampradaya","Puri, Odisha, India
Navadwip, West Bengal, India"
recKEsKy2qc2E0bGP,"Sri Sri 108 Chakradhar Das Maharaj of Cuttack, Orissa ",Gaudiya Vaishnava,Jagannath-Puri & Odisha,Tertiary,High,"Sampradaya maps directly to Gaudiya Vaishnava. Tier proposed as Tertiary because placement is contextual, inferred, or lower-confidence.",,,,,Coastal Odisha,Gaudiya Vaishnava,"Cuttack, Odisha, India"
recRoVxSYIxoob8sJ,"Sri Sri 108 Mahant Lakshman Das Ji of Puri, Orissa ",Gaudiya Vaishnava,Jagannath-Puri & Odisha,Tertiary,High,"Sampradaya maps directly to Gaudiya Vaishnava. Tier proposed as Tertiary because placement is contextual, inferred, or lower-confidence.",,,,,Jagannath-Puri Tradition,Gaudiya Vaishnava,"Puri, Odisha, India"
recqIwxHUPhbdDOGa,"Sri Sri 108 Mauni Baba of Basak Para, Navadwip",Gaudiya Vaishnava,Needs Research,Tertiary,Medium,"Spiritual region maps to Gaudiya Vaishnava. Tier proposed as Tertiary because placement is contextual, inferred, or lower-confidence.",,,,,Gaudiya Vaishnava Heartland,(No Sampradaya),"Navadwip, West Bengal, India"
recmwyrwop3tdIv90,"Sri Sri 108 Sri Jamuna Das Babaji of Radha Giridhari Ashram, Janmasthan, Navadwip, West Bengal",Gaudiya Vaishnava,"Bengal Shakta, Baul & Modern Saints",Tertiary,Medium,"Spiritual region maps to Gaudiya Vaishnava. Tier proposed as Tertiary because placement is contextual, inferred, or lower-confidence.",,,,,Gaudiya Vaishnava Heartland,(No Sampradaya),"Navadwip, West Bengal, India"
recCnkObcmH34kMNn,"Sri Sri Amaresh Kumar Ganguly of Nandakishor Bhaktha Nivas Ashram, Mayapur, West Bengal ",Gaudiya Vaishnava,"Bengal Shakta, Baul & Modern Saints",Tertiary,High,"Sampradaya maps directly to Gaudiya Vaishnava. Tier proposed as Tertiary because placement is contextual, inferred, or lower-confidence.",,,,,Gaudiya Vaishnava Heartland,Gaudiya Vaishnava,"Mayapur, West Bengal, India"
recOOzk45gQj2o287,"Sri Sri Amaresh Kumar Ganguly of Nandakishor Bhaktha Nivas Ashram, Mayapur, West Bengal ",Gaudiya Vaishnava,"Bengal Shakta, Baul & Modern Saints",Tertiary,High,"Sampradaya maps directly to Gaudiya Vaishnava. Tier proposed as Tertiary because placement is contextual, inferred, or lower-confidence.",,,,,Gaudiya Vaishnava Heartland,Gaudiya Vaishnava,"Mayapur, West Bengal, India"
recF52jndG5wSaY9c,"Sri Sri Bhaktivedanta Baman Goswami Maharaj of Navadwip ,",Gaudiya Vaishnava,Needs Research,Featured,Medium,Family override from FAM-023 (Sri Sri Bhaktivedanta Baman Goswami Maharaj Family); family placement takes priority over geography. Tier proposed as Featured because the record appears to anchor or lead a family cluster.,Organize inside Gaudiya Vaishnava using FAM-023 family context before geography.,FAM-023,,3,Gaudiya Vaishnava Heartland,(No Sampradaya),"Navadwip, West Bengal, India"
recxVwC57pIeYTxW3,Sri Sri Nigmanand Goswami of Mayapur ,Gaudiya Vaishnava,Needs Research,Tertiary,High,"Sampradaya maps directly to Gaudiya Vaishnava. Tier proposed as Tertiary because placement is contextual, inferred, or lower-confidence.",,,,,Gaudiya Vaishnava Heartland,Gaudiya Vaishnava,"Mayapur, West Bengal, India"
receKwP5AatQcIms7,Sri Sri Nitya Gopal Avadhoot Maharaj of (Maha Nirvana Math;) Navadwip ,Gaudiya Vaishnava,Needs Research,Secondary,Medium,Spiritual region maps to Gaudiya Vaishnava. Tier proposed as Secondary because the record is a close family/lineage member or direct section fit.,Family FAM-073 is present but not mapped to a stronger section override; review family tree if this placement feels off.,FAM-073,,2,Gaudiya Vaishnava Heartland,Avadhoot Sampradaya,"Navadwip, West Bengal, India"
rec1rr4Ktv320QXvd,Sri Sri Nityaleela Prabistha Bhaktivijay Sagar Goswami Maharaj of Mayapur,Gaudiya Vaishnava,Needs Research,Tertiary,High,"Sampradaya maps directly to Gaudiya Vaishnava. Tier proposed as Tertiary because placement is contextual, inferred, or lower-confidence.",,,,,Gaudiya Vaishnava Heartland,Gaudiya Vaishnava,"Mayapur, West Bengal, India"
reckCzqScd99ZzKth,Sri Sri Siddha Chaitanya Das Babaji of Navadwip ,Gaudiya Vaishnava,Needs Research,Featured,Medium,Family override from FAM-074 (Sri Sri Siddha Chaitanya Das Babaji Family); family placement takes priority over geography. Tier proposed as Featured because the record appears to anchor or lead a family cluster.,Organize inside Gaudiya Vaishnava using FAM-074 family context before geography.,FAM-074,,2,Gaudiya Vaishnava Heartland,Gaudiya Vaishnava,"Navadwip, West Bengal, India"
recDvSBJ3DhGH8STC,Sri Srila Bhaktalok Paramahamsa Dev Goswami Maharaj of Mayapur 24 A,Gaudiya Vaishnava,Needs Research,Tertiary,High,"Sampradaya maps directly to Gaudiya Vaishnava. Tier proposed as Tertiary because placement is contextual, inferred, or lower-confidence.",,,,,Gaudiya Vaishnava Heartland,Gaudiya Vaishnava,"Mayapur, West Bengal, India"
recVBH9QlLXVBdYW9,Sri Srila Krishnadas Babaji of Navadwip,Gaudiya Vaishnava,Needs Research,Secondary,Medium,Family override from FAM-074 (Sri Sri Siddha Chaitanya Das Babaji Family); family placement takes priority over geography. Tier proposed as Secondary because the record is a close family/lineage member or direct section fit.,Organize inside Gaudiya Vaishnava using FAM-074 family context before geography.,FAM-074,,2,Gaudiya Vaishnava Heartland,Gaudiya Vaishnava,"Navadwip, West Bengal, India"
recsy2wkjoTURVDaG,Sri Srila Srimad Bhakti Kamal Madhusudan Goswami Maharaj of Mayapur ,Gaudiya Vaishnava,Needs Research,Tertiary,High,"Family override from FAM-001 (Gaudiya Math); family placement takes priority over geography. Explicit archivalist tier override: Mayapur Gaudiya Math-associated monk should be tertiary. Tier proposed as Tertiary because placement is contextual, inferred, or lower-confidence.",Organize inside Gaudiya Vaishnava using FAM-001 family context before geography.,FAM-001,,16,Gaudiya Vaishnava Heartland,Gaudiya Vaishnava,"Mayapur, West Bengal, India"
rec0SGXTdsSl2P73u,"Sri Srimad Balaananda Brahmachari Maharaj of Premashram in Rishra, Ujjain, Narmada Region ",Gaudiya Vaishnava,Needs Research,Tertiary,Medium,"Spiritual region maps to Gaudiya Vaishnava. Tier proposed as Tertiary because placement is contextual, inferred, or lower-confidence.",,,,,Gaudiya Vaishnava Heartland,Saivates - Brahmachria Tradition,"Rishra, West Bengal, India"
rectTDL0YBu5LYFMT,"Sri Srimad Bhakti Amrit Avdhoot Maharaj of Sri Sri Gaur Nitynanda Mandir, Mayapur Dham, West  ",Gaudiya Vaishnava,Needs Research,Tertiary,Medium,"Spiritual region maps to Gaudiya Vaishnava. Tier proposed as Tertiary because placement is contextual, inferred, or lower-confidence.",,,,,Gaudiya Vaishnava Heartland,(No Sampradaya),"Mayapur, West Bengal, India"
recKGgwcgPuqHViQf,"Sri Srimad Bhakti Arnav Paramarthi Maharaj of Sri Sri Gaur Nityananda Mandir, Mayapur Dham,  ",Gaudiya Vaishnava,Needs Research,Tertiary,Medium,"Spiritual region maps to Gaudiya Vaishnava. Tier proposed as Tertiary because placement is contextual, inferred, or lower-confidence.",,,,,Gaudiya Vaishnava Heartland,(No Sampradaya),"Mayapur, West Bengal, India"
recJ3aBvnSJBFARPp,Sri Srimad Bhakti Bhichar Yayavar Goswami Maharaj of Mayapur,Gaudiya Vaishnava,Needs Research,Tertiary,High,"Sampradaya maps directly to Gaudiya Vaishnava. Tier proposed as Tertiary because placement is contextual, inferred, or lower-confidence.",,,,,Gaudiya Vaishnava Heartland,Gaudiya Vaishnava,"Mayapur, West Bengal, India"
recXZDTaMq5srfDv2,Sri Srimad Bhakti Kumud Santa Goswami Maharaj of Puri/Mayapur ,Gaudiya Vaishnava,Needs Research,Tertiary,High,"Sampradaya maps directly to Gaudiya Vaishnava. Tier proposed as Tertiary because placement is contextual, inferred, or lower-confidence.",,,,,"Gaudiya Vaishnava Heartland
Jagannath-Puri Tradition",Gaudiya Vaishnava,"Mayapur, West Bengal, India
Puri, Odisha, India"
recNqB17mPt800csa,"Sri Srimad Bhakti Saranga Goswami Maharaj of Sri Chaitanya Saraswati Math, Mayapur",Gaudiya Vaishnava,Needs Research,Tertiary,High,"Sampradaya maps directly to Gaudiya Vaishnava. Tier proposed as Tertiary because placement is contextual, inferred, or lower-confidence.",,,,,Gaudiya Vaishnava Heartland,Gaudiya Vaishnava,"Mayapur, West Bengal, India"
rec04l9qkmMIbbo2J,"Sri Srimad Bhakti Vaibhav Puri Goswami Maharaj of Berhampur, Puri, (Orrissa)",Gaudiya Vaishnava,Jagannath-Puri & Odisha,Tertiary,High,"Sampradaya maps directly to Gaudiya Vaishnava. Tier proposed as Tertiary because placement is contextual, inferred, or lower-confidence.",,,,,Odisha General,Gaudiya Vaishnava,"Berhampur, Puri, Odisha, India"
rec3J8BiVe9xTnSWx,"Sri Srimad Bhakti Vedanta Narayan Goswami Maharaj of Koler Danga lane, Navadwip, Nadia,  ",Gaudiya Vaishnava,Needs Research,Tertiary,High,"Sampradaya maps directly to Gaudiya Vaishnava. Tier proposed as Tertiary because placement is contextual, inferred, or lower-confidence.",,,,,Gaudiya Vaishnava Heartland,Gaudiya Vaishnava,"Navadwip, West Bengal, India"
recAUwgVurFzQ4eQH,"Sri Srimad Gaurgovinda Ananda Bhagvat Swamiji of Ramsita Phara, Navadwip Dham, West ",Gaudiya Vaishnava,Needs Research,Tertiary,Medium,"Spiritual region maps to Gaudiya Vaishnava. Tier proposed as Tertiary because placement is contextual, inferred, or lower-confidence.",,,,,Gaudiya Vaishnava Heartland,(No Sampradaya),"Navadwip, West Bengal, India"
recf4vRbtCanSjor4,Sri Srimad Kishorikishorananda Das Babaji Maharaj Goswami of Navadwip (Tinkodi Baba) ,Gaudiya Vaishnava,Needs Research,Featured,Medium,Family override from FAM-023 (Sri Sri Bhaktivedanta Baman Goswami Maharaj Family); family placement takes priority over geography. Tier proposed as Featured because the record appears to anchor or lead a family cluster.,Organize inside Gaudiya Vaishnava using FAM-023 family context before geography.,FAM-023,,3,Gaudiya Vaishnava Heartland,Nityananda Sampradaya,"Navadwip, West Bengal, India"
rec1r3rtk9HfJiU4d,Sri Srimad Madhusudan Das Babaji Maharaj of Pathbari Ashram ,Gaudiya Vaishnava,Needs Research,Secondary,Medium,Spiritual region maps to Gaudiya Vaishnava. Tier proposed as Secondary because the record is a close family/lineage member or direct section fit.,Family FAM-067 is present but not mapped to a stronger section override; review family tree if this placement feels off.,FAM-067,,2,Gaudiya Vaishnava Heartland,(No Sampradaya),"Baranagar, West Bengal, India"
recx5AJ8L5CdLzJJy,"Sri Srimad Tarananda Bramachari of Premashram in Rishra, Ujjain, Narmada Region ",Gaudiya Vaishnava,Needs Research,Tertiary,Medium,"Spiritual region maps to Gaudiya Vaishnava. Tier proposed as Tertiary because placement is contextual, inferred, or lower-confidence.",,,,,Gaudiya Vaishnava Heartland,Saivates - Brahmachria Tradition,"Rishra, West Bengal, India"
recxGk0T57mUVNbn8,"Sri Srimad Van Vihari Das Babaji Maharaj of Sri Sri Gaur Nityananda Mandir, Mayapur Dham, West  ",Gaudiya Vaishnava,Needs Research,Tertiary,High,"Sampradaya maps directly to Gaudiya Vaishnava. Tier proposed as Tertiary because placement is contextual, inferred, or lower-confidence.",,,,,Gaudiya Vaishnava Heartland,Gaudiya Vaishnava,"Mayapur, West Bengal, India"
receYXrNaTeGyvi3M,"Sri Srimat Bhakti Pramod Paryajak Maharaj of Bhubaneswar, Tridandi Gaudiya Math ",Gaudiya Vaishnava,Jagannath-Puri & Odisha,Tertiary,High,"Family override from FAM-001 (Gaudiya Math); family placement takes priority over geography. Explicit archivalist tier override: Tridandi Gaudiya Math-associated monk should be tertiary. Tier proposed as Tertiary because placement is contextual, inferred, or lower-confidence.",Organize inside Gaudiya Vaishnava using FAM-001 family context before geography.,FAM-001,,16,Coastal Odisha,Gaudiya Vaishnava,"Bhubaneswar, Odisha, India"
recsygmC7mtnPPp1W,"Sri Srimat Govardhandas Babaji of Puri, Orissa ",Gaudiya Vaishnava,Jagannath-Puri & Odisha; Braj & Krishna Bhakti,Secondary,High,Family override from FAM-002 (Sri Jagad Bandhu Sundar Family); family placement takes priority over geography. Tier proposed as Secondary because the record is a close family/lineage member or direct section fit.,Organize inside Gaudiya Vaishnava using FAM-002 family context before geography.,FAM-002,,12,Jagannath-Puri Tradition,Gaudiya Vaishnava,"Puri, Odisha, India"
recHsKZhvosClISUN,Sri Srimat Swami Nityapadanand Avadhoot of Navadwip ,Gaudiya Vaishnava,Needs Research,Secondary,Medium,Spiritual region maps to Gaudiya Vaishnava. Tier proposed as Secondary because the record is a close family/lineage member or direct section fit.,Family FAM-073 is present but not mapped to a stronger section override; review family tree if this placement feels off.,FAM-073,,2,Gaudiya Vaishnava Heartland,Avadhoot Sampradaya,"Navadwip, West Bengal, India"
recJepdkXi90kdROh,Sri Srinivasa Acharya of Vrindavan ,Gaudiya Vaishnava,Braj & Krishna Bhakti,Secondary,High,Family override from FAM-005 (Sri Chaitanya Mahaprabhu Family); family placement takes priority over geography. Tier proposed as Secondary because the record is a close family/lineage member or direct section fit.,Organize inside Gaudiya Vaishnava using FAM-005 family context before geography.,FAM-005,,9,Braj Mandal,(No Sampradaya),"Vrindavan, Uttar Pradesh, India"
recMajTBqEWnjz0II,Sri Sripad Bimala Charandas of Puri,Gaudiya Vaishnava,Jagannath-Puri & Odisha,Tertiary,High,"Sampradaya maps directly to Gaudiya Vaishnava. Tier proposed as Tertiary because placement is contextual, inferred, or lower-confidence.",,,,,Jagannath-Puri Tradition,Gaudiya Vaishnava,"Puri, Odisha, India"
rec9M9RT7Uh7tJpus,"Sri Subadra Dasi of Peeth Tola, Navadwip ",Gaudiya Vaishnava,Needs Research,Tertiary,High,"Sampradaya maps directly to Gaudiya Vaishnava. Tier proposed as Tertiary because placement is contextual, inferred, or lower-confidence.",,,,,Gaudiya Vaishnava Heartland,Shyamananda Sampradaya,"Navadwip, West Bengal, India"
recPX35zXqDW7g5y6,Sri Sumanta Goswami of Mayapur ,Gaudiya Vaishnava,Needs Research,Tertiary,Medium,"Spiritual region maps to Gaudiya Vaishnava. Tier proposed as Tertiary because placement is contextual, inferred, or lower-confidence.",,,,,Gaudiya Vaishnava Heartland,(No Sampradaya),"Mayapur, West Bengal, India"
recozhkjd7tfSJLxO,Sri Tridandi Swami Srimad Bhakti Pramod Puri Goswami Maharaj of Mayapur ,Gaudiya Vaishnava,Needs Research,Tertiary,High,"Family override from FAM-001 (Gaudiya Math); family placement takes priority over geography. Explicit archivalist tier override: Mayapur Gaudiya Math-associated monk should be tertiary. Tier proposed as Tertiary because placement is contextual, inferred, or lower-confidence.",Organize inside Gaudiya Vaishnava using FAM-001 family context before geography.,FAM-001,,16,Gaudiya Vaishnava Heartland,Gaudiya Vaishnava,"Mayapur, West Bengal, India"
reczpRoU3454ShsPN,Sri Vaishnav Charana Das Babaji Panchatirtha of Pathbari Ashram ,Gaudiya Vaishnava,Needs Research,Tertiary,High,"Sampradaya maps directly to Gaudiya Vaishnava. Tier proposed as Tertiary because placement is contextual, inferred, or lower-confidence.",,,,,Gaudiya Vaishnava Heartland,Gaudiya Vaishnava,"Baranagar, West Bengal, India"
recwXgwhRieoQeKxm,Sri Vishnupriya Devi of Navadwip ,Gaudiya Vaishnava,Needs Research,Featured,High,Family override from FAM-005 (Sri Chaitanya Mahaprabhu Family); family placement takes priority over geography. Tier proposed as Featured because the record appears to anchor or lead a family cluster.,Organize inside Gaudiya Vaishnava using FAM-005 family context before geography.,FAM-005,,9,Gaudiya Vaishnava Heartland,(No Sampradaya),"Navadwip, West Bengal, India"
recrEYRZ9hjV39ORO,"Sri Vishwambhar Das Ji  Maharaj of Navadwip Dham, West Bengal ",Gaudiya Vaishnava,"Bengal Shakta, Baul & Modern Saints",Secondary,Medium,Family override from FAM-058 (Sri Krishna Chaitanya Das Babaji Maharaj Family); family placement takes priority over geography. Tier proposed as Secondary because the record is a close family/lineage member or direct section fit.,Organize inside Gaudiya Vaishnava using FAM-058 family context before geography.,FAM-058,,2,Gaudiya Vaishnava Heartland,Gopal Bhatta Sampradaya,"Navadwip, West Bengal, India"
recdeumoWEFEGaqan,Sri Vivekpandhudas Bramhachari of Navadwip ,Gaudiya Vaishnava,Needs Research,Tertiary,High,"Sampradaya maps directly to Gaudiya Vaishnava. Tier proposed as Tertiary because placement is contextual, inferred, or lower-confidence.",,,,,Gaudiya Vaishnava Heartland,Gaudiya Vaishnava,"Navadwip, West Bengal, India"
rectUKjbXmy98h6Ri,"Ambaji Temple, Girnar (prasad)",Girnar & Nath Traditions,Needs Research,Tertiary,Medium,"Spiritual region maps to Girnar & Nath Traditions. Tier proposed as Tertiary because placement is contextual, inferred, or lower-confidence.",,,,,Girnar & Nath Tradition,(No Sampradaya),"Girnar, Gujarat, India"
rec9tlMYs18pQEtrJ,Dhuninath,Girnar & Nath Traditions,Needs Research,Tertiary,Low,"Name/place wording suggests Girnar & Nath Traditions, but this should be reviewed. Tier proposed as Tertiary because placement is contextual, inferred, or lower-confidence.",,,,,,(No Sampradaya),
recM7Xp5Vw9pFy2Hs,Girnar ,Girnar & Nath Traditions,Needs Research,Tertiary,Low,"Name/place wording suggests Girnar & Nath Traditions, but this should be reviewed. Tier proposed as Tertiary because placement is contextual, inferred, or lower-confidence.",,,,,,(No Sampradaya),
reciCgTBOFewUOtUD,Mahant Sri Brahma Gyaniji Maharaj of Girnar,Girnar & Nath Traditions,Needs Research,Tertiary,Medium,"Spiritual region maps to Girnar & Nath Traditions. Tier proposed as Tertiary because placement is contextual, inferred, or lower-confidence.",,,,,Girnar & Nath Tradition,(No Sampradaya),"Girnar, Gujarat, India"
recW6X0bCtTKEJnYI,Mahant Sri Hardev Giri of Girnar,Girnar & Nath Traditions,Needs Research,Tertiary,Medium,"Spiritual region maps to Girnar & Nath Traditions. Tier proposed as Tertiary because placement is contextual, inferred, or lower-confidence.",,,,,Girnar & Nath Tradition,(No Sampradaya),"Girnar, Gujarat, India"
recboMF9NVJkTqy5M,Mahant Sri Kanbharti of Girnar,Girnar & Nath Traditions,Needs Research,Tertiary,Medium,"Spiritual region maps to Girnar & Nath Traditions. Tier proposed as Tertiary because placement is contextual, inferred, or lower-confidence.",,,,,Girnar & Nath Tradition,(No Sampradaya),"Girnar, Gujarat, India"
rec041caipfsm61E9,"Mahant Sri Komalanand Giriji Maharaj of Muchukunda Goofa, Girnar ",Girnar & Nath Traditions,Needs Research,Secondary,Medium,Spiritual region maps to Girnar & Nath Traditions. Tier proposed as Secondary because the record is a close family/lineage member or direct section fit.,Family FAM-027 is present but not mapped to a stronger section override; review family tree if this placement feels off.,FAM-027,,2,Girnar & Nath Tradition,(No Sampradaya),"Girnar, Gujarat, India"
reckcSgfFkGseVhhC,Mahant Sri Madhu Giri of Girnar,Girnar & Nath Traditions,Needs Research,Tertiary,Medium,"Spiritual region maps to Girnar & Nath Traditions. Tier proposed as Tertiary because placement is contextual, inferred, or lower-confidence.",,,,,Girnar & Nath Tradition,(No Sampradaya),"Girnar, Gujarat, India"
recCS06A5SE7baG0N,Mahant Sri Mahakal Giriji Maharaj of Girnar,Girnar & Nath Traditions,Needs Research,Secondary,Medium,Spiritual region maps to Girnar & Nath Traditions. Tier proposed as Secondary because the record is a close family/lineage member or direct section fit.,Family FAM-028 is present but not mapped to a stronger section override; review family tree if this placement feels off.,FAM-028,,2,Girnar & Nath Tradition,(No Sampradaya),"Girnar, Gujarat, India"
recUsNTBWXrHbLso2,Nameless Saint of Junagadh,Girnar & Nath Traditions,Needs Research,Tertiary,Medium,"Spiritual region maps to Girnar & Nath Traditions. Tier proposed as Tertiary because placement is contextual, inferred, or lower-confidence.",,,,,Girnar & Nath Tradition,(No Sampradaya),"Junagadh, Gujarat, India"
recZb2o8xbSZi6An4,Nange Baba,Girnar & Nath Traditions,Needs Research,Tertiary,Medium,"Family override from FAM-016 (Nange Baba Family); family placement takes priority over geography. Explicit archivalist tier override: Nange Baba should be tertiary. Tier proposed as Tertiary because placement is contextual, inferred, or lower-confidence.",Organize inside Girnar & Nath Traditions using FAM-016 family context before geography.,FAM-016,,3,,(No Sampradaya),
recHoGtxIQttRWu0m,"Sant Sri Govind Das Bapu of Tana Bagdana, Gujarat, Junagadh 23A",Girnar & Nath Traditions,Gujarat & Swaminarayan Traditions,Tertiary,Medium,"Spiritual region maps to Girnar & Nath Traditions. Tier proposed as Tertiary because placement is contextual, inferred, or lower-confidence.",,,,,Girnar & Nath Tradition,(No Sampradaya),"Junagadh, Gujarat, India
Girnar, Gujarat, India"
rec7CR2qx4C8gkMYV,"Sant Sri Kashmiri Bapu of Girnar, Junagadh, Gujarat",Girnar & Nath Traditions,Needs Research,Featured,Medium,Spiritual region maps to Girnar & Nath Traditions. Explicit archivalist featured saint override: Kashmiri Bapu. Tier proposed as Featured because the record appears to anchor or lead a family cluster.,,,,,Girnar & Nath Tradition,(No Sampradaya),"Girnar, Gujarat, India
Junagadh, Gujarat, India"
reccgX6zRZ4jpGg2W,Sri 1008 Hath Yogi Muni Baba Omkarnathji Maharaj of Chandigarh,Girnar & Nath Traditions,Needs Research,Tertiary,Low,"Name/place wording suggests Girnar & Nath Traditions, but this should be reviewed. Tier proposed as Tertiary because placement is contextual, inferred, or lower-confidence.",,,,,Chandigarh General,(No Sampradaya),"Chandigarh, India"
reckBOeFbqITjkppf,"Sri Adhbhangnath Maharaj (Arjun Baba) of Dvaha Village, Hingoli ",Girnar & Nath Traditions,Needs Research,Secondary,Medium,Family override from FAM-016 (Nange Baba Family); family placement takes priority over geography. Tier proposed as Secondary because the record is a close family/lineage member or direct section fit.,Organize inside Girnar & Nath Traditions using FAM-016 family context before geography.,FAM-016,,3,Nath & Shaiva Maharashtra,(No Sampradaya),"Dvaha village, Hingoli, Maharashtra, India
Hingoli, Maharashtra, India"
recTMKSBlJDAsP1xq,Sri Adi Shankara Acharya,Girnar & Nath Traditions,Kashi & Ascetic Lineages,Tertiary,High,"Sampradaya maps directly to Girnar & Nath Traditions. Tier proposed as Tertiary because placement is contextual, inferred, or lower-confidence.",,,,,"Kashi Region
Char Dham & Upper Himalaya
Advaita / Shankara Tradition",Dashanami Sampradaya,"Varanasi, Uttar Pradesh, India
Nashik, Maharashtra, India
Kedarnath, Uttarakhand, India
Kalady, Kerala, India"
recxVbnSEdIDAiBzr,Sri Amarnath Das Maharaj of Chandigarh,Girnar & Nath Traditions,Needs Research,Tertiary,Low,"Name/place wording suggests Girnar & Nath Traditions, but this should be reviewed. Tier proposed as Tertiary because placement is contextual, inferred, or lower-confidence.",,,,,Chandigarh General,(No Sampradaya),"Chandigarh, India"
rec9kRlcXAXxX6OOj,"Sri Ambapurji Maharaj of Shakti Ashram, Girnar",Girnar & Nath Traditions,Needs Research,Tertiary,Medium,"Spiritual region maps to Girnar & Nath Traditions. Tier proposed as Tertiary because placement is contextual, inferred, or lower-confidence.",,,,,Girnar & Nath Tradition,(No Sampradaya),"Girnar, Gujarat, India"
rechxwV6llmYQM8qd,"Sri Amritgiri Bapu (Chakachak Bapu) of Chakachak Ashram, Vadodara, Gujarat",Girnar & Nath Traditions,Gujarat & Swaminarayan Traditions,Tertiary,Medium,"Spiritual region maps to Girnar & Nath Traditions. Tier proposed as Tertiary because placement is contextual, inferred, or lower-confidence.",,,,,Girnar & Nath Tradition,(No Sampradaya),"Junagadh, Gujarat, India"
recnABPJRzA9Rf8dM,"Sri Avadhoot Yogi Dala Bapa of Nadiad, Gujarat ",Girnar & Nath Traditions,Gujarat & Swaminarayan Traditions,Tertiary,High,"Sampradaya maps directly to Girnar & Nath Traditions. Tier proposed as Tertiary because placement is contextual, inferred, or lower-confidence.",,,,,Gujarat General,Giri Sampradaya,Gujarat
recg1II6CYhhSp3qd,Sri Baba Shivanath of ??? ,Girnar & Nath Traditions,Needs Research,Tertiary,Low,"Name/place wording suggests Girnar & Nath Traditions, but this should be reviewed. Tier proposed as Tertiary because placement is contextual, inferred, or lower-confidence.",,,,,,(No Sampradaya),
rechvP0GkLNLWbCqe,"Sri Balabai of Nikamwadi village, Kolhapur",Girnar & Nath Traditions,Datta Tradition,Secondary,Medium,Family override from FAM-039 (Sri Satyendranath Swami Family); family placement takes priority over geography. Tier proposed as Secondary because the record is a close family/lineage member or direct section fit.,Organize inside Girnar & Nath Traditions using FAM-039 family context before geography.,FAM-039,,2,Datta Sampradaya Belt,(No Sampradaya),"Kolhapur, Maharashtra, India"
rec0LGdguKhFmZOhg,"Sri Balyogi Umesh Nath ji Maharaj of Pithadishwar Sri kshetra Valmiki Dham, Ujjain, Madhya Pradesh",Girnar & Nath Traditions,Needs Research,Tertiary,Low,"Name/place wording suggests Girnar & Nath Traditions, but this should be reviewed. Tier proposed as Tertiary because placement is contextual, inferred, or lower-confidence.",,,,,Shaiva-Ujjain Region,(No Sampradaya),"Ujjain, Madhya Pradesh, India"
recW6BHfpK6hd8n7S,Sri Bhagat ji of Gorakpur (Gita Vatika) ,Girnar & Nath Traditions,Needs Research,Secondary,Medium,Spiritual region maps to Girnar & Nath Traditions. Tier proposed as Secondary because the record is a close family/lineage member or direct section fit.,Family FAM-040 is present but not mapped to a stronger section override; review family tree if this placement feels off.,FAM-040,,2,Gorakh Tradition,(No Sampradaya),"Gorakpur, Uttar Pradesh, India"
recZimTKJr9W8RRTR,"Sri Bharti Bapu of Bharti Ashram, Girnar, Junagadh",Girnar & Nath Traditions,Needs Research,Tertiary,Low,"Name/place wording suggests Girnar & Nath Traditions, but this should be reviewed. Tier proposed as Tertiary because placement is contextual, inferred, or lower-confidence.",,,,,,(No Sampradaya),
recfNuy36Ma2NHii6,Sri Bhola Ramdas Bapu of Junagadh,Girnar & Nath Traditions,Needs Research,Tertiary,Medium,"Spiritual region maps to Girnar & Nath Traditions. Tier proposed as Tertiary because placement is contextual, inferred, or lower-confidence.",,,,,Girnar & Nath Tradition,(No Sampradaya),"Junagadh, Gujarat, India"
recN5QXwf85xcAdKS,"Sri Bhrahmleem Param Pujya Mahant Sri Amrit Giri Bapu of Girnar Mountain, Junagadh ",Girnar & Nath Traditions,Needs Research,Tertiary,Medium,"Spiritual region maps to Girnar & Nath Traditions. Tier proposed as Tertiary because placement is contextual, inferred, or lower-confidence.",,,,,Girnar & Nath Tradition,(No Sampradaya),"Girnar, Gujarat, India"
recBtymRccp1iFneW,"Sri Brahmachari Bapu of Ajab, Junagadh, Gujarat ",Girnar & Nath Traditions,Gujarat & Swaminarayan Traditions,Tertiary,Medium,"Spiritual region maps to Girnar & Nath Traditions. Tier proposed as Tertiary because placement is contextual, inferred, or lower-confidence.",,,,,Girnar & Nath Tradition,(No Sampradaya),"Junagadh, Gujarat, India"
recQEPPbBMR47GAlb,Sri Buddhiyogi of Badrinath,Girnar & Nath Traditions,Rishikesh-Haridwar & Himalayan Monastic Lineages,Tertiary,High,"Sampradaya maps directly to Girnar & Nath Traditions. Tier proposed as Tertiary because placement is contextual, inferred, or lower-confidence.",,,,,Char Dham & Upper Himalaya,Nath Sampradaya,"Badrinath, Uttarakhand, India
Nepal"
recxHvesG2c4jpvBa,Sri Datgiri of Junagadh,Girnar & Nath Traditions,Needs Research,Tertiary,Medium,"Spiritual region maps to Girnar & Nath Traditions. Tier proposed as Tertiary because placement is contextual, inferred, or lower-confidence.",,,,,Girnar & Nath Tradition,(No Sampradaya),"Junagadh, Gujarat, India"
rece342T8PgvjAtX9,Sri Dattatreya Nagnath Deshpande (Nimonkar) ,Girnar & Nath Traditions,Needs Research,Tertiary,Low,"Name/place wording suggests Girnar & Nath Traditions, but this should be reviewed. Tier proposed as Tertiary because placement is contextual, inferred, or lower-confidence.",,,,,,(No Sampradaya),
recrRhd31Aeu5IjXn,Sri Digambar Manmast Mahesh Giri Maharaj of Girnar ,Girnar & Nath Traditions,Needs Research,Secondary,Medium,Spiritual region maps to Girnar & Nath Traditions. Tier proposed as Secondary because the record is a close family/lineage member or direct section fit.,Family FAM-028 is present but not mapped to a stronger section override; review family tree if this placement feels off.,FAM-028,,2,Girnar & Nath Tradition,(No Sampradaya),"Girnar, Gujarat, India"
recchxj8aJvKexawg,"Sri Girnarnath of Girnar, Junagadh, Gujarat",Girnar & Nath Traditions,Needs Research,Tertiary,Medium,"Spiritual region maps to Girnar & Nath Traditions. Tier proposed as Tertiary because placement is contextual, inferred, or lower-confidence.",,,,,Girnar & Nath Tradition,(No Sampradaya),"Girnar, Gujarat, India
Junagadh, Gujarat, India"
recLTwwwdFUirpVjg,"Sri Gopal Girnar of Girnar, Junagadh, Gujarat ",Girnar & Nath Traditions,Needs Research,Tertiary,Medium,"Spiritual region maps to Girnar & Nath Traditions. Tier proposed as Tertiary because placement is contextual, inferred, or lower-confidence.",,,,,Girnar & Nath Tradition,(No Sampradaya),"Girnar, Gujarat, India
Junagadh, Gujarat, India"
rec1u5fRkgqYZNzoG,Sri Goraknath of Gorakhpur,Girnar & Nath Traditions,Needs Research,Tertiary,High,"Sampradaya maps directly to Girnar & Nath Traditions. Tier proposed as Tertiary because placement is contextual, inferred, or lower-confidence.",,,,,Gorakh Tradition,Nath Sampradaya,"Gorakhpur, Uttar Pradesh, India"
recRrujNB3LR5G2XM,"Sri Harpal Giri of  Girnar, Gujarat",Girnar & Nath Traditions,Needs Research,Tertiary,Medium,"Spiritual region maps to Girnar & Nath Traditions. Tier proposed as Tertiary because placement is contextual, inferred, or lower-confidence.",,,,,Girnar & Nath Tradition,(No Sampradaya),"Girnar, Gujarat, India"
recl5F6mcn6G1mALf,"Sri Heera Bhagat Govind Bhagat of Bhavnat, Govaliya Dham Ashram, Girnar, Junagadh",Girnar & Nath Traditions,Needs Research,Tertiary,Medium,"Spiritual region maps to Girnar & Nath Traditions. Tier proposed as Tertiary because placement is contextual, inferred, or lower-confidence.",,,,,Girnar & Nath Tradition,(No Sampradaya),"Girnar, Gujarat, India"
rec0XnrVfWBRsE1xa,Sri Jaganath Das Babaji  ,Girnar & Nath Traditions,Needs Research,Tertiary,Low,"Name/place wording suggests Girnar & Nath Traditions, but this should be reviewed. Tier proposed as Tertiary because placement is contextual, inferred, or lower-confidence.",,,,,,(No Sampradaya),
recLUMkn9nchq6xSn,Sri Jaganath Das Ji Maharaj  ,Girnar & Nath Traditions,Needs Research,Featured,Medium,Family override from FAM-054 (Sri Jaganath Das Ji Maharaj Family); family placement takes priority over geography. Tier proposed as Featured because the record appears to anchor or lead a family cluster.,Organize inside Girnar & Nath Traditions using FAM-054 family context before geography.,FAM-054,,2,,(No Sampradaya),
recafvsdVucjFGLHy,"Sri Jagdishgiri Maharaj of Junagadh, Girnar",Girnar & Nath Traditions,Needs Research,Tertiary,Medium,"Spiritual region maps to Girnar & Nath Traditions. Tier proposed as Tertiary because placement is contextual, inferred, or lower-confidence.",,,,,Girnar & Nath Tradition,(No Sampradaya),"Junagadh, Gujarat, India
Girnar, Gujarat, India"
reckYkidRReyAg1HG,Sri Jai Shambho Bapu of Girnar,Girnar & Nath Traditions,Needs Research,Tertiary,Medium,"Spiritual region maps to Girnar & Nath Traditions. Tier proposed as Tertiary because placement is contextual, inferred, or lower-confidence.",,,,,Girnar & Nath Tradition,(No Sampradaya),"Girnar, Gujarat, India"
recF2H1QSsTn3kWIw,"Sri Jham Baba of Palia, past Sardar Nagar, Gorakpur ",Girnar & Nath Traditions,Needs Research,Tertiary,Medium,"Spiritual region maps to Girnar & Nath Traditions. Tier proposed as Tertiary because placement is contextual, inferred, or lower-confidence.",,,,,Gorakh Tradition,(No Sampradaya),"Gorakpur, Uttar Pradesh, India"
recVDOQnAEulK3L93,"Sri Keshavanand Das Bapu Ji Maharaj of Keshavanand Ashram, Girnar ",Girnar & Nath Traditions,Needs Research,Tertiary,Medium,"Spiritual region maps to Girnar & Nath Traditions. Tier proposed as Tertiary because placement is contextual, inferred, or lower-confidence.",,,,,Girnar & Nath Tradition,(No Sampradaya),"Girnar, Gujarat, India"
recxO64bVWAOMHVHq,"Sri Mahamandaleshwar Bharti Bapu of Girnar, Gujarat",Girnar & Nath Traditions,Needs Research,Tertiary,Medium,"Spiritual region maps to Girnar & Nath Traditions. Tier proposed as Tertiary because placement is contextual, inferred, or lower-confidence.",,,,,Girnar & Nath Tradition,(No Sampradaya),"Girnar, Gujarat, India"
rec9Ff2pFmBSgxj7y,"Sri Mahant Nilkantanandji of Brahmeshwar Ashram, Girnar",Girnar & Nath Traditions,Needs Research,Tertiary,Medium,"Spiritual region maps to Girnar & Nath Traditions. Tier proposed as Tertiary because placement is contextual, inferred, or lower-confidence.",,,,,Girnar & Nath Tradition,(No Sampradaya),"Brahmeshwar Ashram, Girnar, Gujarat, India"
recpPTHvqjZYOGaDK,"Sri Mahant Ram Lakhan das Ji Maharaj of Ram Tekhri, Junagadh, Girnar ",Girnar & Nath Traditions,Needs Research,Tertiary,Medium,"Spiritual region maps to Girnar & Nath Traditions. Tier proposed as Tertiary because placement is contextual, inferred, or lower-confidence.",,,,,Girnar & Nath Tradition,(No Sampradaya),"Girnar, Gujarat, India"
recDUrDJEvXGc72TG,"Sri Mahantji 108 Shivgiriji Maharaj of Neelgiri Parvat, Triyambakeshwar, Nashik, Madhya Pradesh",Girnar & Nath Traditions,Needs Research,Tertiary,Medium,"Family override from FAM-025 (Juna Akhara); family placement takes priority over geography. Explicit archivalist tier override: Shivgiriji Maharaj should be tertiary. Tier proposed as Tertiary because placement is contextual, inferred, or lower-confidence.",Organize inside Girnar & Nath Traditions using FAM-025 family context before geography.,FAM-025,,3,Nath & Shaiva Maharashtra,Juna Akhara,"Triyambakeshwar, Nashik, Maharashtra, India
Nashik, Maharashtra, India
Madhya Pradesh"
recb8yxIdz5mxzCD1,Sri Maharshi Nagendranath   -   Sri Bhaduri Mahasaya (Nagendranath Bhaduri) SAME? 7 D,Girnar & Nath Traditions,Needs Research,Tertiary,Low,"Name/place wording suggests Girnar & Nath Traditions, but this should be reviewed. Tier proposed as Tertiary because placement is contextual, inferred, or lower-confidence.",,,,,,(No Sampradaya),
recBodJgdOAUrhgjj,"Sri Mahatma Girir of Girnar, Junagadh, Gujarat ",Girnar & Nath Traditions,Needs Research,Tertiary,Medium,"Spiritual region maps to Girnar & Nath Traditions. Tier proposed as Tertiary because placement is contextual, inferred, or lower-confidence.",,,,,Girnar & Nath Tradition,(No Sampradaya),"Girnar, Gujarat, India
Junagadh, Gujarat, India"
recdMdwOnTHhwbwFI,Sri Minati Patra Brahmacharini,Girnar & Nath Traditions,"Bengal Shakta, Baul & Modern Saints",Secondary,Medium,Family override from FAM-037 (Sri Amritananda Natha Saraswati Family); family placement takes priority over geography. Tier proposed as Secondary because the record is a close family/lineage member or direct section fit.,Organize inside Girnar & Nath Traditions using FAM-037 family context before geography.,FAM-037,,2,Kolkata Spiritual Sphere,(No Sampradaya),"Tarkeshwar, West Bengal, India"
recxuracQJPPryYKc,"Sri Nag Baba of Junagadh, Gujarat ",Girnar & Nath Traditions,Gujarat & Swaminarayan Traditions,Tertiary,Medium,"Spiritual region maps to Girnar & Nath Traditions. Tier proposed as Tertiary because placement is contextual, inferred, or lower-confidence.",,,,,Girnar & Nath Tradition,(No Sampradaya),"Junagadh, Gujarat, India"
recuNQ3hYf3afUPv8,"Sri Naga Baba Chetanpuri Maharaj of Shakti Ashram, Girnar",Girnar & Nath Traditions,Needs Research,Tertiary,Medium,"Spiritual region maps to Girnar & Nath Traditions. Tier proposed as Tertiary because placement is contextual, inferred, or lower-confidence.",,,,,Girnar & Nath Tradition,(No Sampradaya),"Girnar, Gujarat, India"
recBRjhdw2jf5P23S,Sri Namdev Baba,Girnar & Nath Traditions,Needs Research,Tertiary,Medium,"Spiritual region maps to Girnar & Nath Traditions. Tier proposed as Tertiary because placement is contextual, inferred, or lower-confidence.",,,,,Nath & Shaiva Maharashtra,(No Sampradaya),"Dvaha village, Hingoli, Maharashtra, India
Hingoli, Maharashtra, India"
rec9nbDf01i4H2wK1,"Sri Narayan Das of Singhariya, Gorakpur ",Girnar & Nath Traditions,Needs Research,Tertiary,Medium,"Spiritual region maps to Girnar & Nath Traditions. Tier proposed as Tertiary because placement is contextual, inferred, or lower-confidence.",,,,,Gorakh Tradition,(No Sampradaya),"Gorakpur, Uttar Pradesh, India"
rectkQuhmbjMUZGg7,"Sri Narmada Puri Mataji of Girnar, Junagadh, Gujarat",Girnar & Nath Traditions,Needs Research,Tertiary,Medium,"Spiritual region maps to Girnar & Nath Traditions. Tier proposed as Tertiary because placement is contextual, inferred, or lower-confidence.",,,,,Girnar & Nath Tradition,(No Sampradaya),"Girnar, Gujarat, India
Junagadh, Gujarat, India"
recs0TaB50MQxIRlc,Sri Narsi Meta of Junagadh,Girnar & Nath Traditions,Needs Research,Tertiary,Medium,"Spiritual region maps to Girnar & Nath Traditions. Tier proposed as Tertiary because placement is contextual, inferred, or lower-confidence.",,,,,Girnar & Nath Tradition,(No Sampradaya),"Girnar, Gujarat, India"
reclOg5Z7B3xh3C9H,"Sri Navaji Maharaj of Supane Village, Karad Taluka, Maharashtra ",Girnar & Nath Traditions,Needs Research,Tertiary,Medium,"Spiritual region maps to Girnar & Nath Traditions. Tier proposed as Tertiary because placement is contextual, inferred, or lower-confidence.",,,,,Nath & Shaiva Maharashtra,(No Sampradaya),"Supane Village, Karad Takuka, Maharashtra, India
Aundha Nagnath, Maharashtra, India"
recbNB7lVGdOwxR5D,"Sri Omkardas Ji Maharaj of Lakshman Tekhri, Girnar, Junagadh ",Girnar & Nath Traditions,Needs Research,Tertiary,Medium,"Spiritual region maps to Girnar & Nath Traditions. Tier proposed as Tertiary because placement is contextual, inferred, or lower-confidence.",,,,,Girnar & Nath Tradition,(No Sampradaya),"Girnar, Gujarat, India"
recW7laXHVOzMRFpg,Sri Pachale Gaonkar Ji Maharaj of Hingoli/Mumbai ,Girnar & Nath Traditions,Needs Research,Secondary,Medium,Spiritual region maps to Girnar & Nath Traditions. Tier proposed as Secondary because the record is a close family/lineage member or direct section fit.,Family FAM-056 is present but not mapped to a stronger section override; review family tree if this placement feels off.,FAM-056,,2,Nath & Shaiva Maharashtra,(No Sampradaya),"Hingoli, Maharashtra, India"
rec0GbpMjM14oN5G2,"Sri Panchand Giri of Haridwar, Juna Akhara ",Girnar & Nath Traditions,Rishikesh-Haridwar & Himalayan Monastic Lineages,Tertiary,High,"Sampradaya maps directly to Girnar & Nath Traditions. Tier proposed as Tertiary because placement is contextual, inferred, or lower-confidence.",,,,,Rishikesh-Haridwar Spiritual Corridor,Juna Akhara,"Haridwar, Uttarakhand, India"
recgZUWjWNtgmRoBA,"Sri Param Pujya Gopalnath Maharaj of Girnar Gate, Junagadh ",Girnar & Nath Traditions,Needs Research,Tertiary,High,"Sampradaya maps directly to Girnar & Nath Traditions. Tier proposed as Tertiary because placement is contextual, inferred, or lower-confidence.",,,,,Girnar & Nath Tradition,Nath Sampradaya,"Girnar, Gujarat, India"
recs4va1LWRhT0O6F,"Sri Param Pujya Sant Sri Gulab Giri Bapu of Bhavnath, Junagadh",Girnar & Nath Traditions,Needs Research,Tertiary,Medium,"Spiritual region maps to Girnar & Nath Traditions. Tier proposed as Tertiary because placement is contextual, inferred, or lower-confidence.",,,,,Girnar & Nath Tradition,(No Sampradaya),"Bhavnath, Gujarat, India
Junagadh, Gujarat, India"
recMDf1mRUIu0Fp1G,"Sri Param Pujya Sri Hariram Bapa Godariya of Ram Budhi gate nr. 2, Girnar",Girnar & Nath Traditions,Needs Research,Tertiary,Medium,"Spiritual region maps to Girnar & Nath Traditions. Tier proposed as Tertiary because placement is contextual, inferred, or lower-confidence.",,,,,Girnar & Nath Tradition,Godariya?,"Girnar, Gujarat, India"
rec60UWZAcoGY1LeT,"Sri Param Pujya Sri Mangal Nath Bapu of Mangalnath Bapu Ashram, Bhavnath",Girnar & Nath Traditions,Needs Research,Tertiary,High,"Sampradaya maps directly to Girnar & Nath Traditions. Tier proposed as Tertiary because placement is contextual, inferred, or lower-confidence.",,,,,Girnar & Nath Tradition,Nath Sampradaya,"Bhavnath, Gujarat, India"
recCReazh8ZSdbDt4,"Sri Param Pujya Sri Pata Bapu Godariya of Ram Badhi, Junagadh, Girnar ",Girnar & Nath Traditions,Needs Research,Tertiary,Medium,"Spiritual region maps to Girnar & Nath Traditions. Tier proposed as Tertiary because placement is contextual, inferred, or lower-confidence.",,,,,Girnar & Nath Tradition,Godariya?,"Girnar, Gujarat, India"
recfp0TO6xg18vbCM,"Sri Param Pujya Sri Premdas Bapa Godariya of Ram Bhari gate nr.2, Girnar ",Girnar & Nath Traditions,Needs Research,Tertiary,Medium,"Spiritual region maps to Girnar & Nath Traditions. Tier proposed as Tertiary because placement is contextual, inferred, or lower-confidence.",,,,,Girnar & Nath Tradition,(No Sampradaya),"Girnar, Gujarat, India"
rechRhz7WMZt6XwOs,"Sri Param Pujya Sri Ramdas Bapa Godariya of Ram Bhari gate nr. 2, Girnar ",Girnar & Nath Traditions,Needs Research,Tertiary,Medium,"Spiritual region maps to Girnar & Nath Traditions. Tier proposed as Tertiary because placement is contextual, inferred, or lower-confidence.",,,,,Girnar & Nath Tradition,Godariya?,"Girnar, Gujarat, India"
recv4ebn8z8as4EJk,Sri Punit Acharya of Girnar ,Girnar & Nath Traditions,Needs Research,Tertiary,Medium,"Spiritual region maps to Girnar & Nath Traditions. Tier proposed as Tertiary because placement is contextual, inferred, or lower-confidence.",,,,,Girnar & Nath Tradition,(No Sampradaya),"Girnar, Gujarat, India"
recf5WiUhs05Gg6dK,Sri Radha Babaji of Gorakpur ,Girnar & Nath Traditions,Needs Research,Secondary,Medium,Spiritual region maps to Girnar & Nath Traditions. Tier proposed as Secondary because the record is a close family/lineage member or direct section fit.,Family FAM-040 is present but not mapped to a stronger section override; review family tree if this placement feels off.,FAM-040,,2,Gorakh Tradition,(No Sampradaya),"Gorakpur, Uttar Pradesh, India"
recGZmNHXYJFpPf9e,"Sri Radhikadasji Maharaj of Mari (Paral?), Girnar, Ramji Ashram ",Girnar & Nath Traditions,Needs Research,Secondary,Medium,Spiritual region maps to Girnar & Nath Traditions. Tier proposed as Secondary because the record is a close family/lineage member or direct section fit.,Family FAM-065 is present but not mapped to a stronger section override; review family tree if this placement feels off.,FAM-065,,2,Girnar & Nath Tradition,(No Sampradaya),"Girnar, Gujarat, India"
rec9f2J4B7qkcMQ3p,Sri Raghavdas Ji Maharaj of Vrindavan ,Girnar & Nath Traditions,Ramanandi; Braj & Krishna Bhakti,Secondary,Medium,Family override from FAM-054 (Sri Jaganath Das Ji Maharaj Family); family placement takes priority over geography. Tier proposed as Secondary because the record is a close family/lineage member or direct section fit.,Organize inside Girnar & Nath Traditions using FAM-054 family context before geography.,FAM-054,,2,Braj Mandal,Ramanandi Sampradaya,"Vrindavan, Uttar Pradesh, India"
recRQP9UAcNsyKvE3,Sri Ram Ragra of Gorakpur,Girnar & Nath Traditions,Needs Research,Tertiary,Medium,"Spiritual region maps to Girnar & Nath Traditions. Tier proposed as Tertiary because placement is contextual, inferred, or lower-confidence.",,,,,Gorakh Tradition,(No Sampradaya),"Gorakpur, Uttar Pradesh, India"
recLXYz0AB3UpKs0f,Sri Rameshwar Giri of Girnar,Girnar & Nath Traditions,Needs Research,Tertiary,Medium,"Spiritual region maps to Girnar & Nath Traditions. Tier proposed as Tertiary because placement is contextual, inferred, or lower-confidence.",,,,,Girnar & Nath Tradition,(No Sampradaya),"Girnar, Gujarat, India"
rec9sve39Yd4CwToG,Sri Sagar Giri Maharaj of Hingoli ,Girnar & Nath Traditions,Needs Research,Tertiary,Medium,"Spiritual region maps to Girnar & Nath Traditions. Tier proposed as Tertiary because placement is contextual, inferred, or lower-confidence.",,,,,Nath & Shaiva Maharashtra,(No Sampradaya),"Gangalwadi, Maharashtra, India
Hingoli, Maharashtra, India"
receUZdN0cUAGNVnb,Sri Samarth Sri Prata Smaranga Param Pujya Pragdas Ji Guru Sri Premdas Bapa Godariya of Girnar,Girnar & Nath Traditions,Needs Research,Tertiary,Medium,"Spiritual region maps to Girnar & Nath Traditions. Tier proposed as Tertiary because placement is contextual, inferred, or lower-confidence.",,,,,Girnar & Nath Tradition,(No Sampradaya),"Girnar, Gujarat, India"
rec4UVZHlrTAqW16b,"Sri Satyendranath Swami of Nikamwadi village, Kolhapur",Girnar & Nath Traditions,Datta Tradition,Featured,Medium,Family override from FAM-039 (Sri Satyendranath Swami Family); family placement takes priority over geography. Tier proposed as Featured because the record appears to anchor or lead a family cluster.,Organize inside Girnar & Nath Traditions using FAM-039 family context before geography.,FAM-039,,2,Datta Sampradaya Belt,(No Sampradaya),"Kolhapur, Maharashtra, India"
rec9bs6bIpAFLCeqR,"Sri Sevanath Bapu of Sevanath Ashram, Girnar ",Girnar & Nath Traditions,Needs Research,Tertiary,Medium,"Spiritual region maps to Girnar & Nath Traditions. Tier proposed as Tertiary because placement is contextual, inferred, or lower-confidence.",,,,,Girnar & Nath Tradition,Tapasvi Sampradaya,"Girnar, Gujarat, India"
recm2UJnehrS3dpMO,"Sri Shrimad Paramhamsa Parivrajakacharya Kshotriya Brahmanishtha Anant Shri Vibhushit Shri Vishwagayatri Brahmapithacharya
Mahamandaleshwar Sri Sri Sri Swami Alkhagiriji Maharaj of Girnar (?)",Girnar & Nath Traditions,Needs Research,Tertiary,Medium,"Spiritual region maps to Girnar & Nath Traditions. Tier proposed as Tertiary because placement is contextual, inferred, or lower-confidence.",,,,,Girnar & Nath Tradition,(No Sampradaya),"Girnar, Gujarat, India"
recVJcxLhwAMqNOpT,"Sri Sri 1008 Mahamandaleshwar Sri Ramroopdas Ji of Chelaiya Dham, Bilkha",Girnar & Nath Traditions,Needs Research,Tertiary,Medium,"Spiritual region maps to Girnar & Nath Traditions. Tier proposed as Tertiary because placement is contextual, inferred, or lower-confidence.",,,,,Girnar & Nath Tradition,(No Sampradaya),"Girnar, Gujarat, India"
rec8gNP2jANPzuFqA,"Sri Sri 108 Ramkishan Das Ji Maharaj of Lakshman Tekhri, Girnar, Junagadh",Girnar & Nath Traditions,Needs Research,Tertiary,Medium,"Spiritual region maps to Girnar & Nath Traditions. Tier proposed as Tertiary because placement is contextual, inferred, or lower-confidence.",,,,,Girnar & Nath Tradition,(No Sampradaya),"Lakshman Tekhri, Girnar, Gujarat, India"
recSqiUbE2a6zrjgf,"Sri Sri 108 Sri Bhagat Giri Bacchu Maharaj of Amoleshwar Dham, distr. Umariya, Dindauri, Madhya Pradesh",Girnar & Nath Traditions,Needs Research,Secondary,Medium,Family override from FAM-025 (Juna Akhara); family placement takes priority over geography. Tier proposed as Secondary because the record is a close family/lineage member or direct section fit.,Organize inside Girnar & Nath Traditions using FAM-025 family context before geography.,FAM-025,,3,Madhya Pradesh General,Juna Akhara,"Dindauri, Madhya Pradesh, India"
rec08m4Q6l7C9OgnI,"Sri Sri 108 Sri Sevadas of Singhariya, Gorakpur ",Girnar & Nath Traditions,Needs Research,Tertiary,Medium,"Spiritual region maps to Girnar & Nath Traditions. Tier proposed as Tertiary because placement is contextual, inferred, or lower-confidence.",,,,,Gorakh Tradition,(No Sampradaya),"Gorakpur, Uttar Pradesh, India"
recsiJRnO1JLLOxow,Sri Swami Balanand Giri of Hingoli,Girnar & Nath Traditions,Needs Research,Tertiary,Medium,"Spiritual region maps to Girnar & Nath Traditions. Tier proposed as Tertiary because placement is contextual, inferred, or lower-confidence.",,,,,Nath & Shaiva Maharashtra,(No Sampradaya),"Aundha Nagnath, Maharashtra, India
Hingoli, Maharashtra, India"
recDTjEtD0aOMIAcd,"Sri Swami Balaram Das Ji of Girnar, Gujarat",Girnar & Nath Traditions,Needs Research,Tertiary,Medium,"Spiritual region maps to Girnar & Nath Traditions. Tier proposed as Tertiary because placement is contextual, inferred, or lower-confidence.",,,,,Girnar & Nath Tradition,(No Sampradaya),"Girnar, Gujarat, India"
rec3D6iohFPg7iNya,"Sri Thanapati Sukhdev Giri of Sri Panch Dashnam, Juna Akhara, Neelparvat, Triyambakeshwar, Nashik",Girnar & Nath Traditions,Needs Research,Secondary,Medium,Family override from FAM-025 (Juna Akhara); family placement takes priority over geography. Tier proposed as Secondary because the record is a close family/lineage member or direct section fit.,Organize inside Girnar & Nath Traditions using FAM-025 family context before geography.,FAM-025,,3,Nath & Shaiva Maharashtra,Juna Akhara,"Nashik, Maharashtra, India
Triyambakeshwar, Nashik, Maharashtra, India"
recTJ9SOWK0p8ClDn,"Sri Tyagi Rameshwardasji Maharaj of Girnar, Rama Temple ",Girnar & Nath Traditions,Needs Research,Secondary,Medium,Spiritual region maps to Girnar & Nath Traditions. Tier proposed as Secondary because the record is a close family/lineage member or direct section fit.,Family FAM-065 is present but not mapped to a stronger section override; review family tree if this placement feels off.,FAM-065,,2,Girnar & Nath Tradition,(No Sampradaya),"Girnar, Gujarat, India"
recnR9BtC1LF5bWsh,"Sri Umed Giri Maharaj of Muchukunda Goofa, Girnar",Girnar & Nath Traditions,Needs Research,Secondary,Medium,Spiritual region maps to Girnar & Nath Traditions. Tier proposed as Secondary because the record is a close family/lineage member or direct section fit.,Family FAM-027 is present but not mapped to a stronger section override; review family tree if this placement feels off.,FAM-027,,2,Girnar & Nath Tradition,(No Sampradaya),"Girnar, Gujarat, India"
recmBuVf2uS0EeLvv,"Sri Velnath Bapu of Velnath Bapu Ashram, Bhavnath ",Girnar & Nath Traditions,Needs Research,Tertiary,Medium,"Spiritual region maps to Girnar & Nath Traditions. Tier proposed as Tertiary because placement is contextual, inferred, or lower-confidence.",,,,,Girnar & Nath Tradition,(No Sampradaya),"Bhavnath, Gujarat, India"
recJGqy3zMEsLAArY,"Sri Vijaya Maa of Girnar, Gujarat",Girnar & Nath Traditions,Needs Research,Tertiary,Medium,"Spiritual region maps to Girnar & Nath Traditions. Tier proposed as Tertiary because placement is contextual, inferred, or lower-confidence.",,,,,Girnar & Nath Tradition,(No Sampradaya),"Girnar, Gujarat, India"
recCX8tsmKzdVfcqo,"Sri Vishwanath Das Ji of Ramanand Ashram, Chitrakoot ",Girnar & Nath Traditions,Needs Research,Tertiary,Low,"Name/place wording suggests Girnar & Nath Traditions, but this should be reviewed. Tier proposed as Tertiary because placement is contextual, inferred, or lower-confidence.",,,,,Uttar Pradesh General,(No Sampradaya),"Chitrakoot, Uttar Pradesh, India"
rec8fWLMWo7Wb1nBQ,"Sri Vishweshwar Giri of Girnar, Gujarat",Girnar & Nath Traditions,Needs Research,Tertiary,Medium,"Spiritual region maps to Girnar & Nath Traditions. Tier proposed as Tertiary because placement is contextual, inferred, or lower-confidence.",,,,,Girnar & Nath Tradition,(No Sampradaya),"Girnar, Gujarat, India"
recAlL7swiwtjJ6nO,"Sri Yogi Niranjannath of Dunagiri, near Dwarahat, Uttarkhand",Girnar & Nath Traditions,Rishikesh-Haridwar & Himalayan Monastic Lineages,Tertiary,High,"Sampradaya maps directly to Girnar & Nath Traditions. Tier proposed as Tertiary because placement is contextual, inferred, or lower-confidence.",,,,,Kumaon Saints,Nath Sampradaya,"Dwarahat, Uttarakhand, India"
reckie5VzL3xAAyUR,Sri Yogi Yashnath of Triyambakeshwar,Girnar & Nath Traditions,Needs Research,Tertiary,Medium,"Spiritual region maps to Girnar & Nath Traditions. Tier proposed as Tertiary because placement is contextual, inferred, or lower-confidence.",,,,,Nath & Shaiva Maharashtra,(No Sampradaya),"Triyambakeshwar, Nashik, Maharashtra, India
Navnath Mandir, Triyambakeshwar, Maharashtra, India"
recj1Kgc42NXnBTla,Vidurdas Maharaj (Vishwanath Baba),Girnar & Nath Traditions,Needs Research,Tertiary,Medium,"Family override from FAM-016 (Nange Baba Family); family placement takes priority over geography. Explicit archivalist tier override: Vidurdas Maharaj should be tertiary. Tier proposed as Tertiary because placement is contextual, inferred, or lower-confidence.",Organize inside Girnar & Nath Traditions using FAM-016 family context before geography.,FAM-016,,3,,(No Sampradaya),
recpLu4zPGiC5haAT,Master Beinsa Douno of Bulgaria ,Global & Diaspora Lineages,Needs Research,Tertiary,Low,"Spiritual region maps to Global & Diaspora Lineages. Tier proposed as Tertiary because placement is contextual, inferred, or lower-confidence.",,,,,Global,(No Sampradaya),Bulgaria
recUMDpN45P60yowF,"Sri Guru Rambaranji of Pietermaritzburg, KZN, South Africa",Global & Diaspora Lineages,Needs Research,Tertiary,Low,"Spiritual region maps to Global & Diaspora Lineages. Tier proposed as Tertiary because placement is contextual, inferred, or lower-confidence.",,,,,Global,(No Sampradaya),South Africa
recQaXK4Jb7xG7aBH,"Sri Sahajananda Saraswati of Durban, South Africa",Global & Diaspora Lineages,Needs Research,Tertiary,Low,"Spiritual region maps to Global & Diaspora Lineages. Tier proposed as Tertiary because placement is contextual, inferred, or lower-confidence.",,,,,Global,(No Sampradaya),"Durban, South Africa, South Africa"
recsygRiYSyo61nGD,Sri Swami Ghanananda Saraswati of Ghana ,Global & Diaspora Lineages,Needs Research,Tertiary,Low,"Spiritual region maps to Global & Diaspora Lineages. Tier proposed as Tertiary because placement is contextual, inferred, or lower-confidence.",,,,,Global,(No Sampradaya),Ghana
recc3LvwfAsmpcyVs,"Ai Sri Moghal Dham Targhara, Botad, Gujarat (it’s a place not a saint !)",Gujarat & Swaminarayan Traditions,Needs Research,Tertiary,Medium,"Spiritual region maps to Gujarat & Swaminarayan Traditions. Tier proposed as Tertiary because placement is contextual, inferred, or lower-confidence.",,,,,Gujarat General,(No Sampradaya),Gujarat
recCKbcXl6TUFJmjF,"Bhagat Sri Raghavdas of Amreli, Gujarat",Gujarat & Swaminarayan Traditions,Needs Research,Tertiary,Medium,"Spiritual region maps to Gujarat & Swaminarayan Traditions. Tier proposed as Tertiary because placement is contextual, inferred, or lower-confidence.",,,,,Swaminarayan & Modern Gujarat,(No Sampradaya),"Amreli, Gujarat, India"
recx91dvPplqsQoSv,"Mahant Sri 1008 Haridas Ji Maharaj of Ramrai Mandir, Pushkar, Rajasthan",Gujarat & Swaminarayan Traditions,Needs Research,Tertiary,Medium,"Spiritual region maps to Gujarat & Swaminarayan Traditions. Tier proposed as Tertiary because placement is contextual, inferred, or lower-confidence.",,,,,Pushkar Tradition,(No Sampradaya),"Pushkar, Rajasthan, India"
reczx1iWGifmtF62m,"Mahant Sri Keshavjivandas Swami Maharaj of Jabalpur, Madhya Pradesh",Gujarat & Swaminarayan Traditions,Datta Tradition,Tertiary,High,"Sampradaya maps directly to Gujarat & Swaminarayan Traditions. Tier proposed as Tertiary because placement is contextual, inferred, or lower-confidence.",,,,,Narmada & Datta Region,Swaminarayan,"Jabalpur, Madhya Pradesh, India"
recEnD8tEMbdNXtbQ,"Mahant Sri Kuldeep Bharatiji Maharaj of Sri Trivenishwar Mahadev Mandir, Virpur 9 E",Gujarat & Swaminarayan Traditions,Needs Research,Tertiary,Medium,"Spiritual region maps to Gujarat & Swaminarayan Traditions. Tier proposed as Tertiary because placement is contextual, inferred, or lower-confidence.",,,,,Swaminarayan & Modern Gujarat,(No Sampradaya),"Virpur, Gujarat, India"
rec4mKdPo0WMlM9Sw,"Mahant Sri Ramdasji of Tapovan Dham, Nareshwar, Gujarat",Gujarat & Swaminarayan Traditions,Needs Research,Tertiary,Medium,"Spiritual region maps to Gujarat & Swaminarayan Traditions. Tier proposed as Tertiary because placement is contextual, inferred, or lower-confidence.",,,,,Gujarat General,(No Sampradaya),Gujarat
recGYo15kva4Wic4D,"Mahant Sri Sri 1008 Swami Sri Mangal Das Ji Maharaj of Kanbay Temple, Suraj Kund, Pushkar, Rajasthan",Gujarat & Swaminarayan Traditions,Needs Research,Tertiary,Medium,"Spiritual region maps to Gujarat & Swaminarayan Traditions. Tier proposed as Tertiary because placement is contextual, inferred, or lower-confidence.",,,,,Pushkar Tradition,(No Sampradaya),"Pushkar, Rajasthan, India"
rec7jgASNs4kecXXf,"Param Pujya Sri Prakash Giri  of Ningala, Khamba, Gir, Gujarat",Gujarat & Swaminarayan Traditions,Needs Research,Tertiary,Medium,"Spiritual region maps to Gujarat & Swaminarayan Traditions. Tier proposed as Tertiary because placement is contextual, inferred, or lower-confidence.",,,,,Gujarat General,(No Sampradaya),Gujarat
recBJm0GXEQdSnxdX,"Pujaniya Sri Sri 1008 Sita Ram Aghori Baba of Pushkar, Rajasthan",Gujarat & Swaminarayan Traditions,Needs Research,Tertiary,Medium,"Spiritual region maps to Gujarat & Swaminarayan Traditions. Tier proposed as Tertiary because placement is contextual, inferred, or lower-confidence.",,,,,Pushkar Tradition,(No Sampradaya),"Pushkar, Rajasthan, India"
recCz6sIHu6BniUdw,"Same!!! Sri Mekhran Dada of Bhuj, Gujarat",Gujarat & Swaminarayan Traditions,Needs Research,Tertiary,Medium,"Spiritual region maps to Gujarat & Swaminarayan Traditions. Tier proposed as Tertiary because placement is contextual, inferred, or lower-confidence.",,,,,Saurashtra Pilgrimage,(No Sampradaya),"Bhuj, Gujarat, India"
rec1G18VHatva4b4n,"Sant Sri Bhim Saheb of Amran, Morbi, Gujarat",Gujarat & Swaminarayan Traditions,Needs Research,Tertiary,Medium,"Spiritual region maps to Gujarat & Swaminarayan Traditions. Tier proposed as Tertiary because placement is contextual, inferred, or lower-confidence.",,,,,Gujarat General,Ravi Bhan Sampradaya,Gujarat
recmNqjW54MTnx5oZ,"Sant Sri Bhoja Bhagat of Amreli, Gujarat",Gujarat & Swaminarayan Traditions,Needs Research,Secondary,Medium,Spiritual region maps to Gujarat & Swaminarayan Traditions. Tier proposed as Secondary because the record is a close family/lineage member or direct section fit.,Family FAM-034 is present but not mapped to a stronger section override; review family tree if this placement feels off.,FAM-034,,2,Gujarat General,(No Sampradaya),Gujarat
recBiuGXStrJWEtln,"Sant Sri Chaturbapa of Uteliya, Gujarat",Gujarat & Swaminarayan Traditions,Needs Research,Tertiary,Medium,"Spiritual region maps to Gujarat & Swaminarayan Traditions. Tier proposed as Tertiary because placement is contextual, inferred, or lower-confidence.",,,,,Gujarat General,(No Sampradaya),Gujarat
recjT5Upm7602ZMk5,"Sant Sri Dhana Bapa of Hadala Bhal, Gujarat",Gujarat & Swaminarayan Traditions,Needs Research,Tertiary,Medium,"Spiritual region maps to Gujarat & Swaminarayan Traditions. Tier proposed as Tertiary because placement is contextual, inferred, or lower-confidence.",,,,,Gujarat General,(No Sampradaya),Gujarat
recTqpJdgwHXGebdi,"Sant Sri Jayshankar Dada of Sultanpur, near Virpur, Gujarat",Gujarat & Swaminarayan Traditions,Needs Research,Tertiary,Medium,"Spiritual region maps to Gujarat & Swaminarayan Traditions. Tier proposed as Tertiary because placement is contextual, inferred, or lower-confidence.",,,,,Gujarat General,(No Sampradaya),Gujarat
recxnvPUj8a2yOr5k,"Sant Sri Mirabai Maankala Ji (Maan Das Ji) of Ramsakha Ashram, Pushkar, Rajasthan",Gujarat & Swaminarayan Traditions,Needs Research,Tertiary,Medium,"Spiritual region maps to Gujarat & Swaminarayan Traditions. Tier proposed as Tertiary because placement is contextual, inferred, or lower-confidence.",,,,,Pushkar Tradition,(No Sampradaya),"Pushkar, Rajasthan, India"
recXoGywQkhXyMSrp,"Sant Sri Morar Saheb of Khambhalida, Nanovas, Gujarat",Gujarat & Swaminarayan Traditions,Needs Research,Tertiary,Medium,"Spiritual region maps to Gujarat & Swaminarayan Traditions. Tier proposed as Tertiary because placement is contextual, inferred, or lower-confidence.",,,,,Gujarat General,(No Sampradaya),Gujarat
recCLGzF1cjge7Hcj,"Sant Sri Muni Bapu of Muni Ashram, Sanand, Gujarat",Gujarat & Swaminarayan Traditions,Needs Research,Tertiary,Medium,"Spiritual region maps to Gujarat & Swaminarayan Traditions. Tier proposed as Tertiary because placement is contextual, inferred, or lower-confidence.",,,,,Gujarat General,(No Sampradaya),"Muni Ashram, Sanand, Gujarat, India"
recF0t6pLVTnvxUhh,"Sant Sri Savaiyanath of Zanzarka, Gujarat",Gujarat & Swaminarayan Traditions,Girnar & Nath Traditions,Tertiary,Medium,"Spiritual region maps to Gujarat & Swaminarayan Traditions. Tier proposed as Tertiary because placement is contextual, inferred, or lower-confidence.",,,,,Gujarat General,(No Sampradaya),Gujarat
recUixTPfpixTRMRW,"Sri (Sri Ji) Maharaj Sri Radhasarveshwarsharan Devacharya of Nimbarka Math, Pushkar, Rajashtan",Gujarat & Swaminarayan Traditions,Needs Research,Tertiary,Medium,"Spiritual region maps to Gujarat & Swaminarayan Traditions. Tier proposed as Tertiary because placement is contextual, inferred, or lower-confidence.",,,,,Pushkar Tradition,(No Sampradaya),"Pushkar, Rajasthan, India"
recXr00H5P0KlYhAO,"Sri 1008 Bhikhi Bai Ji Maharaj of Behind Gorakhnath Ashram, Pushkar, Rajasthan",Gujarat & Swaminarayan Traditions,Girnar & Nath Traditions,Secondary,Medium,Spiritual region maps to Gujarat & Swaminarayan Traditions. Tier proposed as Secondary because the record is a close family/lineage member or direct section fit.,Family FAM-035 is present but not mapped to a stronger section override; review family tree if this placement feels off.,FAM-035,,2,Pushkar Tradition,(No Sampradaya),"Pushkar, Rajasthan, India"
recqypCoigbH3X8cR,Sri 1008 Satguru Swami Teoon Ramji Maharaj of Jaipur ,Gujarat & Swaminarayan Traditions,Needs Research,Tertiary,Medium,"Spiritual region maps to Gujarat & Swaminarayan Traditions. Tier proposed as Tertiary because placement is contextual, inferred, or lower-confidence.",,,,,Rajputana Spiritual Centers,(No Sampradaya),"Jaipur, Rajasthan, India"
reczx3vjziBqyguwP,"Sri 108 Paramahamsa Swami Brahmanand ji Maharaj of Rangji Mandir, Pushkar, Rajasthan",Gujarat & Swaminarayan Traditions,Needs Research,Tertiary,Medium,"Spiritual region maps to Gujarat & Swaminarayan Traditions. Tier proposed as Tertiary because placement is contextual, inferred, or lower-confidence.",,,,,Pushkar Tradition,(No Sampradaya),"Pushkar, Rajasthan, India"
recj7c40zinWSzouu,"Sri 108 Sri Mahant Saraya Sharan Ji Maharaj of Ayodhya (relics aquired in Ramsakha Ashram, Pushkar, Rajasthan)",Gujarat & Swaminarayan Traditions,Rama & Avadh,Tertiary,Medium,"Spiritual region maps to Gujarat & Swaminarayan Traditions. Tier proposed as Tertiary because placement is contextual, inferred, or lower-confidence.",,,,,Pushkar Tradition,(No Sampradaya),"Pushkar, Rajasthan, India"
recrfXQmBtI7KHtm3,"Sri 108 Sri Swami Siyasharan Ji Maharaj of Ramsakha Ashram, Pushkar, Rajasthan",Gujarat & Swaminarayan Traditions,Needs Research,Tertiary,Medium,"Spiritual region maps to Gujarat & Swaminarayan Traditions. Tier proposed as Tertiary because placement is contextual, inferred, or lower-confidence.",,,,,Pushkar Tradition,(No Sampradaya),"Pushkar, Rajasthan, India"
recSsNj3vJzGFFgll,"Sri Aditya Das ji of Sasan Gir, Gujarat",Gujarat & Swaminarayan Traditions,Needs Research,Tertiary,Medium,"Spiritual region maps to Gujarat & Swaminarayan Traditions. Tier proposed as Tertiary because placement is contextual, inferred, or lower-confidence.",,,,,Saurashtra Pilgrimage,(No Sampradaya),"Sasan Gir, Gujarat, India"
recdNqG8o5GNgVfbL,"Sri Aloo Baba Sri Chandan Giri of Aloo Baba Ashram, Ajaysar, Rajasthan",Gujarat & Swaminarayan Traditions,Needs Research,Tertiary,Medium,"Spiritual region maps to Gujarat & Swaminarayan Traditions. Tier proposed as Tertiary because placement is contextual, inferred, or lower-confidence.",,,,,Pushkar Tradition,(No Sampradaya),"Pushkar, Rajasthan, India"
recPARJ5ejag2tilh,"Sri Apa Giga of Satadhar, Amba, Amreli, Gujarat (Shamjibapu?) ",Gujarat & Swaminarayan Traditions,Needs Research,Tertiary,Medium,"Spiritual region maps to Gujarat & Swaminarayan Traditions. Tier proposed as Tertiary because placement is contextual, inferred, or lower-confidence.",,,,,Swaminarayan & Modern Gujarat,(No Sampradaya),"Amreli, Gujarat, India"
recQ6Y27YqDsA8o3L,"Sri Avadhoot (?) of Satadhar, Gujarat",Gujarat & Swaminarayan Traditions,Needs Research,Tertiary,Medium,"Spiritual region maps to Gujarat & Swaminarayan Traditions. Tier proposed as Tertiary because placement is contextual, inferred, or lower-confidence.",,,,,Gujarat General,(No Sampradaya),Gujarat
recmPZzMUEZjUowj5,"Sri Baba Ramdev Pir ji of Ramdevrah, Rajasthan",Gujarat & Swaminarayan Traditions,Rama & Avadh,Tertiary,Medium,"Spiritual region maps to Gujarat & Swaminarayan Traditions. Tier proposed as Tertiary because placement is contextual, inferred, or lower-confidence.",,,,,Rajasthan General,(No Sampradaya),Rajasthan
recrC9U16Vn5vP9Fn,"Sri Badridasji of Gyaan Gufa, Mount Abu, Rajasthan ",Gujarat & Swaminarayan Traditions,Needs Research,Tertiary,Medium,"Spiritual region maps to Gujarat & Swaminarayan Traditions. Tier proposed as Tertiary because placement is contextual, inferred, or lower-confidence.",,,,,Rajputana Spiritual Centers,(No Sampradaya),"Mount Abu, Rajasthan, India"
recmtsRvLYP37610P,"Sri Balak Giri of Chotila Ashram, Rajkot, Gujarat",Gujarat & Swaminarayan Traditions,Needs Research,Tertiary,Medium,"Spiritual region maps to Gujarat & Swaminarayan Traditions. Tier proposed as Tertiary because placement is contextual, inferred, or lower-confidence.",,,,,Swaminarayan & Modern Gujarat,(No Sampradaya),"Rajkot, Gujarat, India"
recXShqVBITXHevvg,"Sri Balakdasji Bapu of Batad, Gujarat",Gujarat & Swaminarayan Traditions,Needs Research,Tertiary,Medium,"Spiritual region maps to Gujarat & Swaminarayan Traditions. Tier proposed as Tertiary because placement is contextual, inferred, or lower-confidence.",,,,,Gujarat General,(No Sampradaya),Gujarat
recDLP5EHZlE5vMqr,"Sri Bapa Sitaram of Bagdana, Gujarat",Gujarat & Swaminarayan Traditions,Needs Research,Tertiary,Medium,"Spiritual region maps to Gujarat & Swaminarayan Traditions. Tier proposed as Tertiary because placement is contextual, inferred, or lower-confidence.",,,,,Gujarat General,(No Sampradaya),Gujarat
receXeBatQqUN9Tfw,"Sri Bhagat Nagji Bapu of Naklank, Ranuja, Gujarat",Gujarat & Swaminarayan Traditions,Needs Research,Tertiary,Medium,"Spiritual region maps to Gujarat & Swaminarayan Traditions. Tier proposed as Tertiary because placement is contextual, inferred, or lower-confidence.",,,,,Gujarat General,(No Sampradaya),Gujarat
recasMrurmAu0iQ8J,Sri Bhagavan Sri Swaminarayan of Gujarat (Sri Sahajanand Swami - Neelkanth Varuni),Gujarat & Swaminarayan Traditions,Needs Research,Featured,High,Virtual curatorial Swaminarayan/BAPS guru family: Bhagwan Swaminarayan is the founding anchor and should be tagged with Swaminarayan sampradaya. Tier proposed as Featured because the record appears to anchor or lead a family cluster.,Virtual curatorial Swaminarayan/BAPS guru family: Bhagwan Swaminarayan is the founding anchor and should be tagged with Swaminarayan sampradaya.,FAM-020,CUR-FAM-SWAMINARAYAN-BAPS-GURUS,3,Gujarat General,(No Sampradaya),"Gujarat, India"
recv7Koa6d8uoW92S,"Sri Bhagwan Das ji of Benami Ashram, Madhavgarh, Rajasthan ",Gujarat & Swaminarayan Traditions,Needs Research,Tertiary,Medium,"Spiritual region maps to Gujarat & Swaminarayan Traditions. Tier proposed as Tertiary because placement is contextual, inferred, or lower-confidence.",,,,,Rajasthan General,(No Sampradaya),Rajasthan
recPNGkHyQVT3hbOb,"Sri Bhagwan Ramsa Peer Baba of Sri Baba Ramsa Peer Dham Ashram, Pushkar, Rajasthan",Gujarat & Swaminarayan Traditions,Needs Research,Tertiary,Medium,"Spiritual region maps to Gujarat & Swaminarayan Traditions. Tier proposed as Tertiary because placement is contextual, inferred, or lower-confidence.",,,,,Pushkar Tradition,(No Sampradaya),"Pushkar, Rajasthan, India"
recmGHWXiRWRyqNCz,"Sri Bharatdasji of Gyaan Goofa, Mount Abu, Rajasthan",Gujarat & Swaminarayan Traditions,Needs Research,Tertiary,Medium,"Spiritual region maps to Gujarat & Swaminarayan Traditions. Tier proposed as Tertiary because placement is contextual, inferred, or lower-confidence.",,,,,Rajputana Spiritual Centers,(No Sampradaya),"Mount Abu, Rajasthan, India
Gujarat"
recsm43oeUdKNUMqs,"Sri Bimal Das Bapu of Sasan Gir, Gujarat ",Gujarat & Swaminarayan Traditions,Needs Research,Tertiary,Medium,"Spiritual region maps to Gujarat & Swaminarayan Traditions. Tier proposed as Tertiary because placement is contextual, inferred, or lower-confidence.",,,,,Saurashtra Pilgrimage,(No Sampradaya),"Sasan Gir, Gujarat, India"
recIdjy5HDFKA3Zu9,"Sri Buddha Bapu of Pipaliya, Gujarat",Gujarat & Swaminarayan Traditions,Buddhist Saints,Tertiary,Medium,"Spiritual region maps to Gujarat & Swaminarayan Traditions. Tier proposed as Tertiary because placement is contextual, inferred, or lower-confidence.",,,,,Gujarat General,(No Sampradaya),Gujarat
recxUEG6Dr1cErcNq,Sri Dada Lekhraj (or Brahma Baba or Shiva Baba) of Mount Abu ,Gujarat & Swaminarayan Traditions,Needs Research,Tertiary,Medium,"Spiritual region maps to Gujarat & Swaminarayan Traditions. Tier proposed as Tertiary because placement is contextual, inferred, or lower-confidence.",,,,,Rajputana Spiritual Centers,Brahma Kumaris,"Mount Abu, Rajasthan, India"
rechuanXWbFyugaqd,Sri Dadi Janki of Mount Abu,Gujarat & Swaminarayan Traditions,Needs Research,Tertiary,Medium,"Spiritual region maps to Gujarat & Swaminarayan Traditions. Tier proposed as Tertiary because placement is contextual, inferred, or lower-confidence.",,,,,Rajputana Spiritual Centers,Brahma Kumaris,"Mount Abu, Rajasthan, India"
recqLYxJHUYVnoU7Q,Sri Dadi Nirmala Shanta of Brahma Kumaris,Gujarat & Swaminarayan Traditions,Needs Research,Tertiary,Medium,"Spiritual region maps to Gujarat & Swaminarayan Traditions. Tier proposed as Tertiary because placement is contextual, inferred, or lower-confidence.",,,,,Rajputana Spiritual Centers,Brahma Kumaris,"Mount Abu, Rajasthan, India"
recjA6zCEVozbTcwK,Sri Dadi Prakashmani of Brahma Kumari ,Gujarat & Swaminarayan Traditions,Needs Research,Tertiary,Medium,"Spiritual region maps to Gujarat & Swaminarayan Traditions. Tier proposed as Tertiary because placement is contextual, inferred, or lower-confidence.",,,,,Rajputana Spiritual Centers,Brahma Kumaris,"Mount Abu, Rajasthan, India"
recSjxSEQTJJiG5Xf,Sri Dadi Ratan Mohini of Brahma Kumari ,Gujarat & Swaminarayan Traditions,Needs Research,Tertiary,Medium,"Spiritual region maps to Gujarat & Swaminarayan Traditions. Tier proposed as Tertiary because placement is contextual, inferred, or lower-confidence.",,,,,Rajputana Spiritual Centers,Brahma Kumaris,"Mount Abu, Rajasthan, India"
recCC420vYWEjA1ZK,"Sri Dadu Dayal ji of Naraina, Rajasthan",Gujarat & Swaminarayan Traditions,Needs Research,Featured,Medium,Spiritual region maps to Gujarat & Swaminarayan Traditions. Explicit archivalist featured saint override: Dadu Dayal. Tier proposed as Featured because the record appears to anchor or lead a family cluster.,Family FAM-043 is present but not mapped to a stronger section override; review family tree if this placement feels off.,FAM-043,,2,Rajasthan General,(No Sampradaya),Rajasthan
recZc9KpAaqKZvtxN,"Sri Dali Bai of Ramdevrah, Rajasthan",Gujarat & Swaminarayan Traditions,Rama & Avadh,Tertiary,Medium,"Spiritual region maps to Gujarat & Swaminarayan Traditions. Tier proposed as Tertiary because placement is contextual, inferred, or lower-confidence.",,,,,Rajasthan General,(No Sampradaya),Rajasthan
recGMV4dvSAGu429G,"Sri Dasnam Goswami Keshavpuri Gurmohanpuri  Tarathiya Hanuman Mathi Derikumbaji of Gondal, Gujarat",Gujarat & Swaminarayan Traditions,Needs Research,Tertiary,Medium,"Spiritual region maps to Gujarat & Swaminarayan Traditions. Tier proposed as Tertiary because placement is contextual, inferred, or lower-confidence.",,,,,Swaminarayan & Modern Gujarat,(No Sampradaya),"Gondal, Gujarat, India"
recc9XeXFSQLZB0AJ,"Sri Dasnam Goswami Keshavpuri Gurmohanpuri  Tarathiya Hanuman Mathi Derikumbaji of Gondal, Gujarat",Gujarat & Swaminarayan Traditions,Needs Research,Tertiary,Medium,"Spiritual region maps to Gujarat & Swaminarayan Traditions. Tier proposed as Tertiary because placement is contextual, inferred, or lower-confidence.",,,,,Swaminarayan & Modern Gujarat,(No Sampradaya),"Gondal, Gujarat, India"
recf8bQTi2i9L3qr4,Sri Didi Sudesh of Brahma Kumari ,Gujarat & Swaminarayan Traditions,Needs Research,Tertiary,Medium,"Spiritual region maps to Gujarat & Swaminarayan Traditions. Tier proposed as Tertiary because placement is contextual, inferred, or lower-confidence.",,,,,Rajputana Spiritual Centers,Brahma Kumaris,"Mount Abu, Rajasthan, India"
rec4e9r4nLG2LJfUI,"Sri Digambar Baba Naag Baba Harivansh Giri of Kapaleshwar Mahadev, Motisar, Ganehera, Pushkar, Rajasthan",Gujarat & Swaminarayan Traditions,Needs Research,Tertiary,Medium,"Spiritual region maps to Gujarat & Swaminarayan Traditions. Tier proposed as Tertiary because placement is contextual, inferred, or lower-confidence.",,,,,Pushkar Tradition,(No Sampradaya),"Pushkar, Rajasthan, India"
recOQhwGvleb65Mqd,"Sri Digambar Niranjan Giri Maharaj (Mouni Bapu) of Mouni Bapu Ashram, Pushkar, Rajasthan",Gujarat & Swaminarayan Traditions,Needs Research,Tertiary,Medium,"Spiritual region maps to Gujarat & Swaminarayan Traditions. Tier proposed as Tertiary because placement is contextual, inferred, or lower-confidence.",,,,,Pushkar Tradition,(No Sampradaya),"Pushkar, Rajasthan, India"
recU2EVkXi0BiPCyj,"Sri Digambar Omendrapuri Ji Maharaj of Manivedic Shakti Peeth, Chamunda Mata Temple, Pushkar, Rajasthan",Gujarat & Swaminarayan Traditions,Needs Research,Tertiary,Medium,"Spiritual region maps to Gujarat & Swaminarayan Traditions. Tier proposed as Tertiary because placement is contextual, inferred, or lower-confidence.",,,,,Pushkar Tradition,(No Sampradaya),"Pushkar, Rajasthan, India"
rec2bbFehLglJVIEe,"Sri Garib Das ji of Naraina, Gujarat",Gujarat & Swaminarayan Traditions,Needs Research,Secondary,Medium,Spiritual region maps to Gujarat & Swaminarayan Traditions. Tier proposed as Secondary because the record is a close family/lineage member or direct section fit.,Family FAM-043 is present but not mapped to a stronger section override; review family tree if this placement feels off.,FAM-043,,2,Gujarat General,(No Sampradaya),Gujarat
reckdVud6NWQxexjT,"Sri Giga Bapa of Lakhiyani, Botad, Gujarat",Gujarat & Swaminarayan Traditions,Needs Research,Tertiary,Medium,"Spiritual region maps to Gujarat & Swaminarayan Traditions. Tier proposed as Tertiary because placement is contextual, inferred, or lower-confidence.",,,,,Gujarat General,(No Sampradaya),Gujarat
recaeoWdBMpV6js3e,"Sri Gori Shankar Giri (Nepal Baba - Chota Dadaji) of Sri Dada Darbar Sidhnat temple, Jodhpur, Rajasthan",Gujarat & Swaminarayan Traditions,Needs Research,Secondary,High,Sampradaya maps directly to Gujarat & Swaminarayan Traditions. Tier proposed as Secondary because the record is a close family/lineage member or direct section fit.,Family FAM-049 is present but not mapped to a stronger section override; review family tree if this placement feels off.,FAM-049,,2,Rajputana Spiritual Centers,Swaminarayan,"Jodhpur, Rajasthan, India"
recqbV4fEbe5S2a3r,Sri Gulap Giriji Maharaj of Bibasar (near Jhunjhunu),Gujarat & Swaminarayan Traditions,Needs Research,Tertiary,Medium,"Spiritual region maps to Gujarat & Swaminarayan Traditions. Tier proposed as Tertiary because placement is contextual, inferred, or lower-confidence.",,,,,Rajputana Spiritual Centers,(No Sampradaya),"Jhunjhunu, Rajasthan, India
Bibasar, Jhunjhunu, Rajasthan, India"
recJxB8V6ELyj1f9A,"Sri Hansoy Mataji of Savam Mataji Mandir, Samdar, Manikuada, Gujarat (?!) ",Gujarat & Swaminarayan Traditions,Needs Research,Tertiary,Medium,"Spiritual region maps to Gujarat & Swaminarayan Traditions. Tier proposed as Tertiary because placement is contextual, inferred, or lower-confidence.",,,,,Gujarat General,(No Sampradaya),Gujarat
reccKKvB9Ep8ilaYM,"Sri Hirsagar Bapa of Rajkot, Gujarat",Gujarat & Swaminarayan Traditions,Needs Research,Tertiary,Medium,"Spiritual region maps to Gujarat & Swaminarayan Traditions. Tier proposed as Tertiary because placement is contextual, inferred, or lower-confidence.",,,,,Swaminarayan & Modern Gujarat,(No Sampradaya),"Rajkot, Gujarat, India"
rectstnyeoHpy3tw0,Sri Imam Shah Bawa of near Ahmedabad ,Gujarat & Swaminarayan Traditions,Needs Research,Tertiary,Medium,"Spiritual region maps to Gujarat & Swaminarayan Traditions. Tier proposed as Tertiary because placement is contextual, inferred, or lower-confidence.",,,,,Swaminarayan & Modern Gujarat,(No Sampradaya),"Ahmedabad, Gujarat, India"
rec9FDEOQPK0UUKYG,"Sri Jagadishdas Ji Maharaj of Jamnagar, Gujarat ",Gujarat & Swaminarayan Traditions,Needs Research,Tertiary,Medium,"Spiritual region maps to Gujarat & Swaminarayan Traditions. Tier proposed as Tertiary because placement is contextual, inferred, or lower-confidence.",,,,,Gujarat General,(No Sampradaya),Gujarat
rec5bMBZLbIgDKTi3,"Sri Jalaram Babaji of Virpur, Gujarat",Gujarat & Swaminarayan Traditions,Needs Research,Featured,Medium,Spiritual region maps to Gujarat & Swaminarayan Traditions. Explicit archivalist featured saint override: Sri Jalaram Baba. Tier proposed as Featured because the record appears to anchor or lead a family cluster.,Family FAM-034 is present but not mapped to a stronger section override; review family tree if this placement feels off.,FAM-034,,2,Swaminarayan & Modern Gujarat,(No Sampradaya),"Virpur, Gujarat, India"
recodCOSnNUM3ABwM,"Sri Jesal Toral of Kutch, Gujarat",Gujarat & Swaminarayan Traditions,Needs Research,Tertiary,Medium,"Spiritual region maps to Gujarat & Swaminarayan Traditions. Tier proposed as Tertiary because placement is contextual, inferred, or lower-confidence.",,,,,Gujarat General,(No Sampradaya),Gujarat
recUAtOOXXZARwgGC,"Sri Jivan Das of Gondal, Rajkot",Gujarat & Swaminarayan Traditions,Needs Research,Tertiary,Medium,"Spiritual region maps to Gujarat & Swaminarayan Traditions. Tier proposed as Tertiary because placement is contextual, inferred, or lower-confidence.",,,,,Swaminarayan & Modern Gujarat,(No Sampradaya),"Rajkot, Gujarat, India"
recGmhLN8uiqGdeGT,"Sri Jivandas Bapa of Ghoghavadar, Gondal, Gujarat",Gujarat & Swaminarayan Traditions,Needs Research,Tertiary,Medium,"Spiritual region maps to Gujarat & Swaminarayan Traditions. Tier proposed as Tertiary because placement is contextual, inferred, or lower-confidence.",,,,,Swaminarayan & Modern Gujarat,(No Sampradaya),"Gondal, Gujarat, India"
recta8rHPR0QNSTYX,"Sri Kailash Giri Maharaj  of Kailash Ashram, Dholwa, Gujarat",Gujarat & Swaminarayan Traditions,Needs Research,Tertiary,Medium,"Spiritual region maps to Gujarat & Swaminarayan Traditions. Tier proposed as Tertiary because placement is contextual, inferred, or lower-confidence.",,,,,Gujarat General,(No Sampradaya),"Kailash Ashram, Dholwa, Gujarat, India"
recE7eJE8BwMZU4Pq,"Sri Kapildas Maharaj  of Satkeval Ashram, Balgaon, Junagadh, Gujarat",Gujarat & Swaminarayan Traditions,Needs Research,Tertiary,Medium,"Spiritual region maps to Gujarat & Swaminarayan Traditions. Tier proposed as Tertiary because placement is contextual, inferred, or lower-confidence.",,,,,Gujarat General,(No Sampradaya),"Balgaon, Junagadh, Gujarat, India"
rec0bOAYNqmpEYZ5H,"Sri Karmayogi Shivananda Ji Maharaj of Shivanand Ji Ashram, Pushkarni, Pushkar, Rajasthan",Gujarat & Swaminarayan Traditions,Needs Research,Tertiary,Medium,"Spiritual region maps to Gujarat & Swaminarayan Traditions. Tier proposed as Tertiary because placement is contextual, inferred, or lower-confidence.",,,,,Pushkar Tradition,(No Sampradaya),"Pushkar, Rajasthan, India"
recARnsJgkr5gYRIc,"Sri Khimdas Bapu of Moviya, Gondal, Gujarat",Gujarat & Swaminarayan Traditions,Needs Research,Tertiary,Medium,"Spiritual region maps to Gujarat & Swaminarayan Traditions. Tier proposed as Tertiary because placement is contextual, inferred, or lower-confidence.",,,,,Swaminarayan & Modern Gujarat,(No Sampradaya),"Gondal, Gujarat, India"
recKA3SQQEw4kBRHm,"Sri Kishan Bhagwan Maharaj Ji of Behind Gorakhnath Ashram, Pushkar, Rajasthan",Gujarat & Swaminarayan Traditions,Girnar & Nath Traditions,Tertiary,Medium,"Spiritual region maps to Gujarat & Swaminarayan Traditions. Tier proposed as Tertiary because placement is contextual, inferred, or lower-confidence.",,,,,Pushkar Tradition,(No Sampradaya),"Pushkar, Rajasthan, India"
recDOBzriwy6mnddl,"Sri Krishnadas Falhari Rishi of Jaipur, Rajasthan",Gujarat & Swaminarayan Traditions,Needs Research,Tertiary,Medium,"Spiritual region maps to Gujarat & Swaminarayan Traditions. Tier proposed as Tertiary because placement is contextual, inferred, or lower-confidence.",,,,,Rajputana Spiritual Centers,(No Sampradaya),"Jaipur, Rajasthan, India"
recyn09Qjn3Xlfm4Y,"Sri Laal Babaji Maharaj of Shivji Mandir, Varaha Ghat, Pushkar, Rajasthan",Gujarat & Swaminarayan Traditions,Needs Research,Tertiary,Medium,"Spiritual region maps to Gujarat & Swaminarayan Traditions. Tier proposed as Tertiary because placement is contextual, inferred, or lower-confidence.",,,,,Pushkar Tradition,(No Sampradaya),"Pushkar, Rajasthan, India"
rec7pgsaA6Wi288cj,"Sri Lakshmananda Acharya of Balananda Math, Jaipur ",Gujarat & Swaminarayan Traditions,Needs Research,Tertiary,Medium,"Spiritual region maps to Gujarat & Swaminarayan Traditions. Tier proposed as Tertiary because placement is contextual, inferred, or lower-confidence.",,,,,Rajputana Spiritual Centers,(No Sampradaya),"Jaipur, Rajasthan, India"
recL3xbVbqYVORNdr,"Sri Lohlangari Bapu of Gondal, Gujarat",Gujarat & Swaminarayan Traditions,Needs Research,Tertiary,Medium,"Spiritual region maps to Gujarat & Swaminarayan Traditions. Tier proposed as Tertiary because placement is contextual, inferred, or lower-confidence.",,,,,Swaminarayan & Modern Gujarat,(No Sampradaya),"Gondal, Gujarat, India"
recNrnCbFSc9fZ2yN,"Sri Maalik Maharaj of Varaha Ghat, Pushkar, Rajasthan",Gujarat & Swaminarayan Traditions,Needs Research,Tertiary,Medium,"Spiritual region maps to Gujarat & Swaminarayan Traditions. Tier proposed as Tertiary because placement is contextual, inferred, or lower-confidence.",,,,,Pushkar Tradition,(No Sampradaya),"Pushkar, Rajasthan, India"
rec9Qdld6jmoy5cuC,Sri Madhu Pandit Goswami of Jaipur (Gopinath Temple) ,Gujarat & Swaminarayan Traditions,Girnar & Nath Traditions,Tertiary,Medium,"Spiritual region maps to Gujarat & Swaminarayan Traditions. Tier proposed as Tertiary because placement is contextual, inferred, or lower-confidence.",,,,,Rajputana Spiritual Centers,(No Sampradaya),"Jaipur, Rajasthan, India"
rectELlRzsDIChmDJ,"Sri Mahamahim Sant Shiromani Sri Avdhoot Ji Maharaj of Balkund Ashram, Panchkund Road, Pushkar, Rajasthan",Gujarat & Swaminarayan Traditions,Needs Research,Tertiary,Medium,"Spiritual region maps to Gujarat & Swaminarayan Traditions. Tier proposed as Tertiary because placement is contextual, inferred, or lower-confidence.",,,,,Pushkar Tradition,(No Sampradaya),"Pushkar, Rajasthan, India"
recGYSHIkMAhit8bp,"Sri Mahamandaleshwar Swami Ravisharmanand Giri of Sri Ram Kutir Gau Seva Ashram, Palapur, Gujarat",Gujarat & Swaminarayan Traditions,Needs Research,Tertiary,Medium,"Spiritual region maps to Gujarat & Swaminarayan Traditions. Tier proposed as Tertiary because placement is contextual, inferred, or lower-confidence.",,,,,Gujarat General,(No Sampradaya),Gujarat
rec0seKELLdLi5H7H,"Sri Mahant Ganeshpuri Bapu of Annapurna Ashram, Dhokadva, Gujarat",Gujarat & Swaminarayan Traditions,Needs Research,Tertiary,Medium,"Spiritual region maps to Gujarat & Swaminarayan Traditions. Tier proposed as Tertiary because placement is contextual, inferred, or lower-confidence.",,,,,Gujarat General,(No Sampradaya),Gujarat
recTAvhZnozTlJRko,"Sri Mahant Sri Raj Giri Bapu of Mocha, Somnath, Gujarat ",Gujarat & Swaminarayan Traditions,Girnar & Nath Traditions,Tertiary,Medium,"Spiritual region maps to Gujarat & Swaminarayan Traditions. Tier proposed as Tertiary because placement is contextual, inferred, or lower-confidence.",,,,,Saurashtra Pilgrimage,(No Sampradaya),"Somnath, Gujarat, India"
recXea9CGfmGP4ywn,"Sri Mahatma Isar Das of Sachana, Gujarat",Gujarat & Swaminarayan Traditions,Needs Research,Tertiary,Medium,"Spiritual region maps to Gujarat & Swaminarayan Traditions. Tier proposed as Tertiary because placement is contextual, inferred, or lower-confidence.",,,,,Gujarat General,(No Sampradaya),Gujarat
recP57LKD7oNwsMsO,"Sri Mahayogiraj Goswami Sant Sri Nirbhaypuri Ji Maharaj of Nirbhay Ashram, Pushkar",Gujarat & Swaminarayan Traditions,Needs Research,Tertiary,Medium,"Spiritual region maps to Gujarat & Swaminarayan Traditions. Tier proposed as Tertiary because placement is contextual, inferred, or lower-confidence.",,,,,Pushkar Tradition,(No Sampradaya),"Pushkar, Rajasthan, India"
recnBAcdpQmbz9c8u,"Sri Maheshgiri Bapu of Lilod, Vadodara, Gujarat",Gujarat & Swaminarayan Traditions,Needs Research,Tertiary,Medium,"Spiritual region maps to Gujarat & Swaminarayan Traditions. Tier proposed as Tertiary because placement is contextual, inferred, or lower-confidence.",,,,,Gujarat General,(No Sampradaya),Gujarat
recrnRwlcWV9vc8G4,"Sri Mastrambapu of Bhavnagar, Gujarat ",Gujarat & Swaminarayan Traditions,Needs Research,Tertiary,Medium,"Spiritual region maps to Gujarat & Swaminarayan Traditions. Tier proposed as Tertiary because placement is contextual, inferred, or lower-confidence.",,,,,Gujarat General,(No Sampradaya),Gujarat
recjtrqGSGg72x6Fs,"Sri Mekan Dada of Dhrang, Kutch-Bhuj, Gujarat",Gujarat & Swaminarayan Traditions,Needs Research,Tertiary,Medium,"Spiritual region maps to Gujarat & Swaminarayan Traditions. Tier proposed as Tertiary because placement is contextual, inferred, or lower-confidence.",,,,,Gujarat General,(No Sampradaya),Gujarat
recU4QL6snqbvXMhv,"Sri Mooldasji of Amreli, Gujarat",Gujarat & Swaminarayan Traditions,Needs Research,Tertiary,Medium,"Spiritual region maps to Gujarat & Swaminarayan Traditions. Tier proposed as Tertiary because placement is contextual, inferred, or lower-confidence.",,,,,Swaminarayan & Modern Gujarat,(No Sampradaya),"Amreli, Gujarat, India"
reczhviI4f7yj7X95,"Sri Nanuram Bapu of Amba, near Amreli, Gujarat",Gujarat & Swaminarayan Traditions,Needs Research,Tertiary,Medium,"Spiritual region maps to Gujarat & Swaminarayan Traditions. Tier proposed as Tertiary because placement is contextual, inferred, or lower-confidence.",,,,,Swaminarayan & Modern Gujarat,(No Sampradaya),"Amreli, Gujarat, India"
rech7wuJ9bGG0N7Th,Sri Narayan Dada ,Gujarat & Swaminarayan Traditions,Needs Research,Tertiary,Medium,"Spiritual region maps to Gujarat & Swaminarayan Traditions. Tier proposed as Tertiary because placement is contextual, inferred, or lower-confidence.",,,,,Rajputana Spiritual Centers,(No Sampradaya),"Mount Abu, Rajasthan, India"
recVS1NIKUb5npoly,"Sri Narayan Swami of Bharuch, Gujarat",Gujarat & Swaminarayan Traditions,Needs Research,Tertiary,Medium,"Spiritual region maps to Gujarat & Swaminarayan Traditions. Tier proposed as Tertiary because placement is contextual, inferred, or lower-confidence.",,,,,Gujarat General,(No Sampradaya),"Bharuch, Gujarat, India"
recDEU2gf3JfEq8Vu,"Sri Narendra Giri Kailash Giri Bapu of Kailash Ashram, Mota Aankadiya, Gujarat",Gujarat & Swaminarayan Traditions,Needs Research,Tertiary,Medium,"Spiritual region maps to Gujarat & Swaminarayan Traditions. Tier proposed as Tertiary because placement is contextual, inferred, or lower-confidence.",,,,,Gujarat General,(No Sampradaya),Gujarat
rec0p2iAsQrXkS1ff,"Sri Nathji Dada of Srinathgadh, Gondal, Gujarat",Gujarat & Swaminarayan Traditions,Girnar & Nath Traditions,Tertiary,Medium,"Spiritual region maps to Gujarat & Swaminarayan Traditions. Tier proposed as Tertiary because placement is contextual, inferred, or lower-confidence.",,,,,Swaminarayan & Modern Gujarat,(No Sampradaya),"Gondal, Gujarat, India"
recS5zrdh9CsIcTZU,Sri Nathuram Sharama Acharya Maharaj of Bilkha,Gujarat & Swaminarayan Traditions,Girnar & Nath Traditions,Tertiary,Medium,"Spiritual region maps to Gujarat & Swaminarayan Traditions. Tier proposed as Tertiary because placement is contextual, inferred, or lower-confidence.",,,,,Gujarat General,(No Sampradaya),Gujarat
recmNoHLsJMMGqsch,"Sri Nepali Baba of Nepali Baba Mandir, Jodhpur, Rajasthan",Gujarat & Swaminarayan Traditions,Needs Research,Tertiary,Medium,"Spiritual region maps to Gujarat & Swaminarayan Traditions. Tier proposed as Tertiary because placement is contextual, inferred, or lower-confidence.",,,,,Rajputana Spiritual Centers,(No Sampradaya),"Jodhpur, Rajasthan, India"
reclMwdsv0ra6oOc0,"Sri Nijanand Swami of Amreli, Gujarat",Gujarat & Swaminarayan Traditions,Needs Research,Tertiary,Medium,"Spiritual region maps to Gujarat & Swaminarayan Traditions. Tier proposed as Tertiary because placement is contextual, inferred, or lower-confidence.",,,,,Swaminarayan & Modern Gujarat,(No Sampradaya),"Amreli, Gujarat, India"
rece34TYnCSTMBlDs,"Sri Nirgundasji of Sautram Ashram, Nadiad, Gujarat ",Gujarat & Swaminarayan Traditions,Needs Research,Tertiary,Medium,"Spiritual region maps to Gujarat & Swaminarayan Traditions. Tier proposed as Tertiary because placement is contextual, inferred, or lower-confidence.",,,,,Gujarat General,(No Sampradaya),Gujarat
recfSmzH8zmE6OS6O,"Sri Nityananda Maharaj of Nityananda Ashram, Mount Abu, Rajasthan",Gujarat & Swaminarayan Traditions,Needs Research,Tertiary,Medium,"Spiritual region maps to Gujarat & Swaminarayan Traditions. Tier proposed as Tertiary because placement is contextual, inferred, or lower-confidence.",,,,,Rajputana Spiritual Centers,(No Sampradaya),"Mount Abu, Rajasthan, India"
rec3kiF1fetAogQRm,"Sri Pandit Suraj Narayan Sharma of Jagat Shiromani Temple, Amer, Jaipur, Rajasthan ",Gujarat & Swaminarayan Traditions,Needs Research,Tertiary,Medium,"Spiritual region maps to Gujarat & Swaminarayan Traditions. Tier proposed as Tertiary because placement is contextual, inferred, or lower-confidence.",,,,,Rajputana Spiritual Centers,(No Sampradaya),"Jaipur, Rajasthan, India"
recc1CC82GbnM5dJt,"Sri Pawan Giri Maharaj of Rajkot, Gujarat",Gujarat & Swaminarayan Traditions,Needs Research,Tertiary,Medium,"Spiritual region maps to Gujarat & Swaminarayan Traditions. Tier proposed as Tertiary because placement is contextual, inferred, or lower-confidence.",,,,,Swaminarayan & Modern Gujarat,(No Sampradaya),"Rajkot, Gujarat, India"
recotj9QaQaUUzAbE,Sri Pramukh Swami Maharaj  (BAPS-5th Guru after Swaminarayan) of Gujarat,Gujarat & Swaminarayan Traditions,Needs Research,Featured,High,Virtual curatorial Swaminarayan/BAPS guru family: Pramukh Swami Maharaj is part of the key BAPS guru succession and should be tagged with Swaminarayan sampradaya. Tier proposed as Featured because the record appears to anchor or lead a family cluster.,Virtual curatorial Swaminarayan/BAPS guru family: Pramukh Swami Maharaj is part of the key BAPS guru succession and should be tagged with Swaminarayan sampradaya.,FAM-020,CUR-FAM-SWAMINARAYAN-BAPS-GURUS,3,Gujarat General,(No Sampradaya),Gujarat
recFhYGswI9RIDbzO,"Sri Pritam Das Swami of Anand, Gujarat",Gujarat & Swaminarayan Traditions,Needs Research,Tertiary,Medium,"Spiritual region maps to Gujarat & Swaminarayan Traditions. Tier proposed as Tertiary because placement is contextual, inferred, or lower-confidence.",,,,,Gujarat General,(No Sampradaya),Gujarat
recK6tqphQIk425FL,"Sri Purandas ji of Purandas Ashram, Kuna, Gurjarat",Gujarat & Swaminarayan Traditions,Needs Research,Tertiary,Medium,"Spiritual region maps to Gujarat & Swaminarayan Traditions. Tier proposed as Tertiary because placement is contextual, inferred, or lower-confidence.",,,,,Gujarat General,(No Sampradaya),Gujarat
recL9d14BW4lGbceX,"Sri Purnanand Maharaj of Ahmedbad, Gujarat",Gujarat & Swaminarayan Traditions,Needs Research,Tertiary,Medium,"Spiritual region maps to Gujarat & Swaminarayan Traditions. Tier proposed as Tertiary because placement is contextual, inferred, or lower-confidence.",,,,,Swaminarayan & Modern Gujarat,(No Sampradaya),"Purnanand Ashram, Ahmedabad, Gujarat, India"
rec1tPVW49CFN7PCZ,"Sri Purushottamdas Bapu  of Khodiyar Ashram, Khakhbai, Amreli, Gujarat",Gujarat & Swaminarayan Traditions,Needs Research,Tertiary,Medium,"Spiritual region maps to Gujarat & Swaminarayan Traditions. Tier proposed as Tertiary because placement is contextual, inferred, or lower-confidence.",,,,,Gujarat General,(No Sampradaya),"Khakhbai, Amreli, Gujarat, India"
rech80UeXCXC0g3kc,Sri Puttu Dadi of Mount Abu ,Gujarat & Swaminarayan Traditions,Needs Research,Tertiary,Medium,"Spiritual region maps to Gujarat & Swaminarayan Traditions. Tier proposed as Tertiary because placement is contextual, inferred, or lower-confidence.",,,,,Rajputana Spiritual Centers,Brahma Kumaris,"Mount Abu, Rajasthan, India"
recOOvysi3zaV9A79,"Sri Rajarshi Muni Ji of Kayavarohan, Gujarat",Gujarat & Swaminarayan Traditions,Needs Research,Tertiary,Medium,"Spiritual region maps to Gujarat & Swaminarayan Traditions. Tier proposed as Tertiary because placement is contextual, inferred, or lower-confidence.",,,,,Gujarat General,(No Sampradaya),Gujarat
recO6kv4aA4wVIeUZ,"Sri Ramanand Das Bapu of Tapovan Dham, Nareshwar, Gujarat ",Gujarat & Swaminarayan Traditions,Needs Research,Tertiary,Medium,"Spiritual region maps to Gujarat & Swaminarayan Traditions. Tier proposed as Tertiary because placement is contextual, inferred, or lower-confidence.",,,,,Gujarat General,(No Sampradaya),Gujarat
recXfCH80LDGxFvg9,"Sri Ramcharanananda Acharya of Balananda Math , Jaipur ",Gujarat & Swaminarayan Traditions,Needs Research,Tertiary,Medium,"Spiritual region maps to Gujarat & Swaminarayan Traditions. Tier proposed as Tertiary because placement is contextual, inferred, or lower-confidence.",,,,,Rajputana Spiritual Centers,(No Sampradaya),"Jaipur, Rajasthan, India"
recOu0IN1AvJXrywl,"Sri Ramgarh Swami of Rangpur (Bhal), Gujarat ",Gujarat & Swaminarayan Traditions,Needs Research,Tertiary,Medium,"Spiritual region maps to Gujarat & Swaminarayan Traditions. Tier proposed as Tertiary because placement is contextual, inferred, or lower-confidence.",,,,,Gujarat General,(No Sampradaya),Gujarat
rec4flFdn49zlG3MN,"Sri Ramswarup Das ji Maharaj of Jamnagar, Gujarat",Gujarat & Swaminarayan Traditions,Needs Research,Tertiary,Medium,"Spiritual region maps to Gujarat & Swaminarayan Traditions. Tier proposed as Tertiary because placement is contextual, inferred, or lower-confidence.",,,,,Gujarat General,(No Sampradaya),Gujarat
reci5j0k7U8Ha2f2m,Sri Ranchordasji Maharaj of Rajkot ,Gujarat & Swaminarayan Traditions,Needs Research,Tertiary,Medium,"Spiritual region maps to Gujarat & Swaminarayan Traditions. Tier proposed as Tertiary because placement is contextual, inferred, or lower-confidence.",,,,,Swaminarayan & Modern Gujarat,(No Sampradaya),"Rajkot, Gujarat, India"
recdZzkFXHY1iH1Ct,"Sri Rang Avadhoot of Nareshwar, Vadodara, Gujarat",Gujarat & Swaminarayan Traditions,Needs Research,Tertiary,Medium,"Spiritual region maps to Gujarat & Swaminarayan Traditions. Tier proposed as Tertiary because placement is contextual, inferred, or lower-confidence.",,,,,Gujarat General,(No Sampradaya),Gujarat
rec5AerEYeHDF4ntd,"Sri Rayibai Ji of Prachin Sri Santoshi Mata Mandir, Pushkar, Rajasthan",Gujarat & Swaminarayan Traditions,Needs Research,Tertiary,Medium,"Spiritual region maps to Gujarat & Swaminarayan Traditions. Tier proposed as Tertiary because placement is contextual, inferred, or lower-confidence.",,,,,Pushkar Tradition,(No Sampradaya),"Pushkar, Rajasthan, India"
recNXEfLXZgZ1sXX7,"Sri Rishigiri ji of Siddnath temple, Jodhpur, Rajasthan",Gujarat & Swaminarayan Traditions,Girnar & Nath Traditions,Tertiary,Medium,"Spiritual region maps to Gujarat & Swaminarayan Traditions. Tier proposed as Tertiary because placement is contextual, inferred, or lower-confidence.",,,,,Rajasthan General,(No Sampradaya),Rajasthan
recVVLS0iE5Xc8jg1,Sri Sadguru Brahmachari Swami Maharaj of Baroda,Gujarat & Swaminarayan Traditions,Needs Research,Tertiary,Medium,"Spiritual region maps to Gujarat & Swaminarayan Traditions. Tier proposed as Tertiary because placement is contextual, inferred, or lower-confidence.",,,,,Swaminarayan & Modern Gujarat,(No Sampradaya),"Vadodara, Gujarat, India"
recAmCsRatjIKPDGg,"Sri Satguru Bhagat Prakash ji Maharaj of Jaipur, Rajasthan ",Gujarat & Swaminarayan Traditions,Needs Research,Tertiary,Medium,"Spiritual region maps to Gujarat & Swaminarayan Traditions. Tier proposed as Tertiary because placement is contextual, inferred, or lower-confidence.",,,,,Rajputana Spiritual Centers,(No Sampradaya),"Jaipur, Rajasthan, India"
rec3r1Nb5ETFp6peP,"Sri Satyanam Saheb Sant Sri Sevadas Saheb   of Kabir Tekri, Latkar, Gujarat",Gujarat & Swaminarayan Traditions,Needs Research,Tertiary,Medium,"Spiritual region maps to Gujarat & Swaminarayan Traditions. Tier proposed as Tertiary because placement is contextual, inferred, or lower-confidence.",,,,,Gujarat General,(No Sampradaya),"Kabir Tekri, Latkar, Gujarat, India"
recajhW6HdaWA9td6,"Sri Saunath ji Maharaj of Jaipur, Rajasthan ",Gujarat & Swaminarayan Traditions,Girnar & Nath Traditions,Tertiary,Medium,"Spiritual region maps to Gujarat & Swaminarayan Traditions. Tier proposed as Tertiary because placement is contextual, inferred, or lower-confidence.",,,,,Rajputana Spiritual Centers,(No Sampradaya),"Jaipur, Rajasthan, India"
recHoYYCEHJtcqV4n,"Sri Shambhu Giri of Jamnagar, Gujarat",Gujarat & Swaminarayan Traditions,Needs Research,Tertiary,Medium,"Spiritual region maps to Gujarat & Swaminarayan Traditions. Tier proposed as Tertiary because placement is contextual, inferred, or lower-confidence.",,,,,Gujarat General,(No Sampradaya),Gujarat
recnthhKz3ywaXM8Q,"Sri Shanteshwar Maharaj ji Babaji of Sri Sri 1008 Ajneshwar Maharaj Ashram, Jodhpur, Rajasthan ",Gujarat & Swaminarayan Traditions,Needs Research,Secondary,Medium,Spiritual region maps to Gujarat & Swaminarayan Traditions. Tier proposed as Secondary because the record is a close family/lineage member or direct section fit.,Family FAM-070 is present but not mapped to a stronger section override; review family tree if this placement feels off.,FAM-070,,2,Rajputana Spiritual Centers,Om Upasya Sampradaya,"Jodhpur, Rajasthan, India"
rec27yePMb0DBtY69,Sri Shreya Didi of Mount Abu  ,Gujarat & Swaminarayan Traditions,Needs Research,Tertiary,Medium,"Spiritual region maps to Gujarat & Swaminarayan Traditions. Tier proposed as Tertiary because placement is contextual, inferred, or lower-confidence.",,,,,Rajputana Spiritual Centers,Brahma Kumaris,"Mount Abu, Rajasthan, India"
recVzUfFbQrS7Kx1h,"Sri Siddhayogi Fakdanath of Zamrala, Gujarat",Gujarat & Swaminarayan Traditions,Girnar & Nath Traditions,Tertiary,Medium,"Spiritual region maps to Gujarat & Swaminarayan Traditions. Tier proposed as Tertiary because placement is contextual, inferred, or lower-confidence.",,,,,Gujarat General,(No Sampradaya),Gujarat
rec731zp4RUjeaWaY,"Sri Sitaramdas Bapu of Kahona, Gujarat",Gujarat & Swaminarayan Traditions,Needs Research,Tertiary,Medium,"Spiritual region maps to Gujarat & Swaminarayan Traditions. Tier proposed as Tertiary because placement is contextual, inferred, or lower-confidence.",,,,,Gujarat General,(No Sampradaya),Gujarat
recrMotrBmcVRnEgx,"Sri Sri 1008 Bengali Baba (Arjun Baba) of Pushkar, Rajasthan",Gujarat & Swaminarayan Traditions,"Bengal Shakta, Baul & Modern Saints",Tertiary,Medium,"Spiritual region maps to Gujarat & Swaminarayan Traditions. Tier proposed as Tertiary because placement is contextual, inferred, or lower-confidence.",,,,,Pushkar Tradition,(No Sampradaya),"Pushkar, Rajasthan, India"
recTOHNPK6sqmU0zq,"Sri Sri 1008 Brahmachari Bengali Baba of Jaipur, Rajasthan ",Gujarat & Swaminarayan Traditions,"Bengal Shakta, Baul & Modern Saints",Tertiary,Medium,"Spiritual region maps to Gujarat & Swaminarayan Traditions. Tier proposed as Tertiary because placement is contextual, inferred, or lower-confidence.",,,,,Rajputana Spiritual Centers,(No Sampradaya),"Jaipur, Rajasthan, India"
recgYUiLIMUzFX6fn,"Sri Sri 1008 Brahmlin Tapasvi Baba of Sanganer, Rajasthan",Gujarat & Swaminarayan Traditions,Needs Research,Tertiary,Medium,"Spiritual region maps to Gujarat & Swaminarayan Traditions. Tier proposed as Tertiary because placement is contextual, inferred, or lower-confidence.",,,,,Rajasthan General,(No Sampradaya),Rajasthan
recYnMDX2zACvtMWv,"Sri Sri 1008 Paramahans Yoganandji (Am Wale Baba) of Am Vale Baba Ashram, Jamani Kund Road, Pushkar, Rajasthan",Gujarat & Swaminarayan Traditions,Needs Research,Tertiary,Medium,"Spiritual region maps to Gujarat & Swaminarayan Traditions. Tier proposed as Tertiary because placement is contextual, inferred, or lower-confidence.",,,,,Pushkar Tradition,(No Sampradaya),"Pushkar, Rajasthan, India"
rec1MAZOzdCRybJGN,"Sri Sri 1008 Sri Anuvrat Swami Ji of Behind Gorakhnath Mandir, Pushkar, Rajasthan",Gujarat & Swaminarayan Traditions,Girnar & Nath Traditions,Secondary,Medium,Spiritual region maps to Gujarat & Swaminarayan Traditions. Tier proposed as Secondary because the record is a close family/lineage member or direct section fit.,Family FAM-035 is present but not mapped to a stronger section override; review family tree if this placement feels off.,FAM-035,,2,Pushkar Tradition,(No Sampradaya),"Pushkar, Rajasthan, India"
recLALdvz3213jSPb,"Sri Sri 1008 Sri Chanchalnathji of Chanchal Prag Math, Bormer, Rajasthan",Gujarat & Swaminarayan Traditions,Girnar & Nath Traditions,Tertiary,Medium,"Spiritual region maps to Gujarat & Swaminarayan Traditions. Tier proposed as Tertiary because placement is contextual, inferred, or lower-confidence.",,,,,Rajasthan General,(No Sampradaya),Rajasthan
reckx4eycMx5ANNAu,"Sri Sri 1008 Sri Dayalnath Ji Maharaj of Lakshmi Narayan Mandir, Pushkar, Rajasthan",Gujarat & Swaminarayan Traditions,Girnar & Nath Traditions,Tertiary,Medium,"Spiritual region maps to Gujarat & Swaminarayan Traditions. Tier proposed as Tertiary because placement is contextual, inferred, or lower-confidence.",,,,,Pushkar Tradition,(No Sampradaya),"Pushkar, Rajasthan, India"
recuJRn66FXBWfG5e,"Sri Sri 1008 Sri Kishandas ji of Benami Ashram, Madhavgarh, Rajasthan",Gujarat & Swaminarayan Traditions,Needs Research,Tertiary,Medium,"Spiritual region maps to Gujarat & Swaminarayan Traditions. Tier proposed as Tertiary because placement is contextual, inferred, or lower-confidence.",,,,,Rajasthan General,(No Sampradaya),Rajasthan
reciFCVKbvU8jZLB5,"Sri Sri 1008 Sri Lacchiramji Maharaj of Ramrai Mandir, Pushkar, Rajasthan",Gujarat & Swaminarayan Traditions,Needs Research,Tertiary,Medium,"Spiritual region maps to Gujarat & Swaminarayan Traditions. Tier proposed as Tertiary because placement is contextual, inferred, or lower-confidence.",,,,,Pushkar Tradition,(No Sampradaya),"Pushkar, Rajasthan, India"
recHaH4vCPuzQfYjX,"Sri Sri 1008 Sri Mahant Bhishma Das Ji Maharaj Tyagi of Sri Bhishma Das Ji Ashram, Varaha Ghat, Pushkar, Rajasthan",Gujarat & Swaminarayan Traditions,Needs Research,Tertiary,Medium,"Spiritual region maps to Gujarat & Swaminarayan Traditions. Tier proposed as Tertiary because placement is contextual, inferred, or lower-confidence.",,,,,Pushkar Tradition,(No Sampradaya),"Pushkar, Rajasthan, India"
rech71dbwgDjSXrXC,"Sri Sri 1008 Sri Pragnath ji of Chanchal Prag Math, Barmer, Rajasthan ",Gujarat & Swaminarayan Traditions,Girnar & Nath Traditions,Tertiary,Medium,"Spiritual region maps to Gujarat & Swaminarayan Traditions. Tier proposed as Tertiary because placement is contextual, inferred, or lower-confidence.",,,,,Rajasthan General,(No Sampradaya),Rajasthan
rec1QqhICMFBtQj5A,"Sri Sri 1008 Sri Ramswaroopsharan Ji Maharaj of Ramsakha Ashram, Pushkar, Rajasthan",Gujarat & Swaminarayan Traditions,Needs Research,Tertiary,Medium,"Spiritual region maps to Gujarat & Swaminarayan Traditions. Tier proposed as Tertiary because placement is contextual, inferred, or lower-confidence.",,,,,Pushkar Tradition,(No Sampradaya),"Pushkar, Rajasthan, India"
receXAx0CQQFwgjbh,"Sri Sri 1008 Swami Sri Devaanath Ji Maharaj of Choti Basti, Pushkar, Rajasthan",Gujarat & Swaminarayan Traditions,Girnar & Nath Traditions,Tertiary,Medium,"Spiritual region maps to Gujarat & Swaminarayan Traditions. Tier proposed as Tertiary because placement is contextual, inferred, or lower-confidence.",,,,,Pushkar Tradition,(No Sampradaya),"Pushkar, Rajasthan, India"
recBiNVX3OFLjOi6B,"Sri Sri 1008 Swami Sri Swanand Ji of Behind Gorakhnath Temple, Pushkar, Rajasthan",Gujarat & Swaminarayan Traditions,Girnar & Nath Traditions,Tertiary,Medium,"Spiritual region maps to Gujarat & Swaminarayan Traditions. Tier proposed as Tertiary because placement is contextual, inferred, or lower-confidence.",,,,,Pushkar Tradition,(No Sampradaya),"Pushkar, Rajasthan, India"
recRWM4AUfyZKTYhX,"Sri Sri 108 Mahant Sri Nandramsharan Ji Maharaj of Ram Sakha Ashram, Pushkar, Rajasthan",Gujarat & Swaminarayan Traditions,Needs Research,Tertiary,Medium,"Spiritual region maps to Gujarat & Swaminarayan Traditions. Tier proposed as Tertiary because placement is contextual, inferred, or lower-confidence.",,,,,Pushkar Tradition,(No Sampradaya),"Pushkar, Rajasthan, India"
rec66gnHbtkholMkg,"Sri Sri 108 Sri Baba Laldas Ji of Alwar, Rajasthan",Gujarat & Swaminarayan Traditions,Needs Research,Tertiary,Medium,"Spiritual region maps to Gujarat & Swaminarayan Traditions. Tier proposed as Tertiary because placement is contextual, inferred, or lower-confidence.",,,,,Rajasthan General,(No Sampradaya),Rajasthan
recQUDUFnAGpc6hCA,"Sri Sri Mahamandaleshwar Ananta Vibhushit Swami Krishnand Puri Maharaj of Drasen Vel, Gujarat",Gujarat & Swaminarayan Traditions,Needs Research,Tertiary,Medium,"Spiritual region maps to Gujarat & Swaminarayan Traditions. Tier proposed as Tertiary because placement is contextual, inferred, or lower-confidence.",,,,,Gujarat General,(No Sampradaya),Gujarat
rechyCs2mWztexXfF,"Sri Sri Ramkishun Das Ji Maharaj of Kanbay Temple, Suraj Kund, Pushkar, Rajasthan",Gujarat & Swaminarayan Traditions,Needs Research,Tertiary,Medium,"Spiritual region maps to Gujarat & Swaminarayan Traditions. Tier proposed as Tertiary because placement is contextual, inferred, or lower-confidence.",,,,,Pushkar Tradition,(No Sampradaya),"Pushkar, Rajasthan, India"
receCbIjIoMadEX8E,Sri Sukhdev Das Ji Maharaj of Jaipur,Gujarat & Swaminarayan Traditions,Needs Research,Secondary,Medium,Spiritual region maps to Gujarat & Swaminarayan Traditions. Tier proposed as Secondary because the record is a close family/lineage member or direct section fit.,Family FAM-029 is present but not mapped to a stronger section override; review family tree if this placement feels off.,FAM-029,,2,Rajputana Spiritual Centers,(No Sampradaya),"Jaipur, Rajasthan, India"
recCe1pp7RiYrw7QV,"Sri Swami Adhyatmananda of Ahmedabad, Gujarat",Gujarat & Swaminarayan Traditions,Needs Research,Tertiary,Medium,"Spiritual region maps to Gujarat & Swaminarayan Traditions. Tier proposed as Tertiary because placement is contextual, inferred, or lower-confidence.",,,,,Gujarat General,(No Sampradaya),Gujarat
rec9aszYqp47s9GJs,"Sri Swami Bhairavanandji of Jamnagar, Gujarat",Gujarat & Swaminarayan Traditions,Needs Research,Tertiary,Medium,"Spiritual region maps to Gujarat & Swaminarayan Traditions. Tier proposed as Tertiary because placement is contextual, inferred, or lower-confidence.",,,,,Gujarat General,(No Sampradaya),Gujarat
recGiFrjeMnduqdeu,"Sri Swami Narayan Barah Dadaji Siddha Purushadas of Sri Dada Darbar Sidhnath temple, Jodhpur, Rajasthan ",Gujarat & Swaminarayan Traditions,Girnar & Nath Traditions,Secondary,Medium,Spiritual region maps to Gujarat & Swaminarayan Traditions. Tier proposed as Secondary because the record is a close family/lineage member or direct section fit.,Family FAM-049 is present but not mapped to a stronger section override; review family tree if this placement feels off.,FAM-049,,2,Rajputana Spiritual Centers,(No Sampradaya),"Jodhpur, Rajasthan, India"
recVKiqOCdqsgGRbE,"Sri Swami Pragyanand Ji Maharaj of Baldau Mandir, Pushkar, Rajasthan / Gore Pay Mandir Vrindavan ",Gujarat & Swaminarayan Traditions,Braj & Krishna Bhakti,Tertiary,Medium,"Spiritual region maps to Gujarat & Swaminarayan Traditions. Tier proposed as Tertiary because placement is contextual, inferred, or lower-confidence.",,,,,Pushkar Tradition,(No Sampradaya),"Pushkar, Rajasthan, India"
recic7dKaAtT15WXV,Sri Swami Pritam Muni of Gujarat,Gujarat & Swaminarayan Traditions,Needs Research,Tertiary,Medium,"Spiritual region maps to Gujarat & Swaminarayan Traditions. Tier proposed as Tertiary because placement is contextual, inferred, or lower-confidence.",,,,,Gujarat General,(No Sampradaya),Gujarat
rec9ueDuwGgl2LxLu,"Sri Swami Rameshwaranand of Lalpur bypass Jamnagar, Gujarat",Gujarat & Swaminarayan Traditions,Needs Research,Tertiary,Medium,"Spiritual region maps to Gujarat & Swaminarayan Traditions. Tier proposed as Tertiary because placement is contextual, inferred, or lower-confidence.",,,,,Gujarat General,(No Sampradaya),Gujarat
rechWq2ziY5Eh6NQG,"Sri Swami Vimalananda of Madhavananda Ashram, Mahemdavad, Gujarat",Gujarat & Swaminarayan Traditions,Needs Research,Tertiary,Medium,"Spiritual region maps to Gujarat & Swaminarayan Traditions. Tier proposed as Tertiary because placement is contextual, inferred, or lower-confidence.",,,,,Gujarat General,(No Sampradaya),Gujarat
reccw2vxTbeGsIJ1x,"Sri Tapasvi Baba of Sanganer, Rajasthan",Gujarat & Swaminarayan Traditions,Needs Research,Tertiary,Medium,"Spiritual region maps to Gujarat & Swaminarayan Traditions. Tier proposed as Tertiary because placement is contextual, inferred, or lower-confidence.",,,,,Rajasthan General,(No Sampradaya),Rajasthan
rec4sQIfi3eQ6htF4,"Sri Thakur Lekhraj Ratanlal Ji Maharaj of Pushkar, Rajasthan",Gujarat & Swaminarayan Traditions,Needs Research,Tertiary,Medium,"Spiritual region maps to Gujarat & Swaminarayan Traditions. Tier proposed as Tertiary because placement is contextual, inferred, or lower-confidence.",,,,,Pushkar Tradition,(No Sampradaya),"Pushkar, Rajasthan, India"
recszQw56XJNkJ7Ms,Sri Triloknathji of Somnathji Ashram ,Gujarat & Swaminarayan Traditions,Girnar & Nath Traditions,Tertiary,Medium,"Spiritual region maps to Gujarat & Swaminarayan Traditions. Tier proposed as Tertiary because placement is contextual, inferred, or lower-confidence.",,,,,Gujarat General,(No Sampradaya),Gujarat
recLfl2CGYJTNN55c,"Sri Tulsidas ji Maharaj of Jodhpur, Rajasthan ",Gujarat & Swaminarayan Traditions,Needs Research,Secondary,Medium,Spiritual region maps to Gujarat & Swaminarayan Traditions. Tier proposed as Secondary because the record is a close family/lineage member or direct section fit.,Family FAM-070 is present but not mapped to a stronger section override; review family tree if this placement feels off.,FAM-070,,2,Rajputana Spiritual Centers,Om Upasya Sampradaya,"Jodhpur, Rajasthan, India"
recWn354z1XpTG7PP,"Sri Ugaram Bapa of Gondal, Gujarat",Gujarat & Swaminarayan Traditions,Needs Research,Tertiary,Medium,"Spiritual region maps to Gujarat & Swaminarayan Traditions. Tier proposed as Tertiary because placement is contextual, inferred, or lower-confidence.",,,,,Swaminarayan & Modern Gujarat,(No Sampradaya),"Gondal, Gujarat, India"
rec8yNPDOHj7Ho4wt,"Sri Ughesh Giri Bapu  of Salava, Amreli, Gujarat",Gujarat & Swaminarayan Traditions,Needs Research,Tertiary,Medium,"Spiritual region maps to Gujarat & Swaminarayan Traditions. Tier proposed as Tertiary because placement is contextual, inferred, or lower-confidence.",,,,,Gujarat General,(No Sampradaya),"Salava, Amreli, Gujarat, India"
recAJ0dmE9ty7xQmP,"Sri Valji Dada of Pragat Pani Ashram, Kotai, Bhuj",Gujarat & Swaminarayan Traditions,Needs Research,Tertiary,Medium,"Spiritual region maps to Gujarat & Swaminarayan Traditions. Tier proposed as Tertiary because placement is contextual, inferred, or lower-confidence.",,,,,Saurashtra Pilgrimage,(No Sampradaya),"Bhuj, Gujarat, India"
recoSglxVm7GRDlIY,"Sri Vastabapa of Vasana, Dhandhuka, Gujarat ",Gujarat & Swaminarayan Traditions,Needs Research,Tertiary,Medium,"Spiritual region maps to Gujarat & Swaminarayan Traditions. Tier proposed as Tertiary because placement is contextual, inferred, or lower-confidence.",,,,,Gujarat General,(No Sampradaya),Gujarat
recje6Oq3RT0VyXyh,"Sri Vishwanath Avadhoot Maharaj of Rander, Surat",Gujarat & Swaminarayan Traditions,Girnar & Nath Traditions,Tertiary,Medium,"Spiritual region maps to Gujarat & Swaminarayan Traditions. Tier proposed as Tertiary because placement is contextual, inferred, or lower-confidence.",,,,,"Swaminarayan & Modern Gujarat
Saurashtra Pilgrimage",(No Sampradaya),"Surat, Gujarat, India
Rander, Gujarat, India"
recaIEj3pzuJ3ldHR,"Sri Vivampuriji Maharaj of Sri Ram Kutir Gau Seva Ashram, Palanpur, Gurjarat ",Gujarat & Swaminarayan Traditions,Needs Research,Tertiary,Medium,"Spiritual region maps to Gujarat & Swaminarayan Traditions. Tier proposed as Tertiary because placement is contextual, inferred, or lower-confidence.",,,,,Swaminarayan & Modern Gujarat,(No Sampradaya),"Palanpur, Gujarat, India"
rec6YWtFxWBe7WkMY,"Sri Yogi Nithyananda of Amreli, Gujarat (originally from Varanasi) ",Gujarat & Swaminarayan Traditions,Needs Research,Tertiary,Medium,"Spiritual region maps to Gujarat & Swaminarayan Traditions. Tier proposed as Tertiary because placement is contextual, inferred, or lower-confidence.",,,,,Swaminarayan & Modern Gujarat,(No Sampradaya),"Amreli, Gujarat, India"
recjvIW2squH6mA0M,Sri Yogiji Maharaj(BAPS-4th Guru after Swaminarayn) ,Gujarat & Swaminarayan Traditions,Needs Research,Featured,High,Virtual curatorial Swaminarayan/BAPS guru family: Yogiji Maharaj is part of the key BAPS guru succession and should be tagged with Swaminarayan sampradaya. Tier proposed as Featured because the record appears to anchor or lead a family cluster.,Virtual curatorial Swaminarayan/BAPS guru family: Yogiji Maharaj is part of the key BAPS guru succession and should be tagged with Swaminarayan sampradaya.,FAM-020,CUR-FAM-SWAMINARAYAN-BAPS-GURUS,3,Swaminarayan & Modern Gujarat,(No Sampradaya),"Gondal, Gujarat, India"
recyIFyZ0KTE3ROZk,"Swami Sri Atmanand Ji Maharaj of Anand Kutir Ashram, Pushkar, Rajasthan",Gujarat & Swaminarayan Traditions,Needs Research,Tertiary,Medium,"Spiritual region maps to Gujarat & Swaminarayan Traditions. Tier proposed as Tertiary because placement is contextual, inferred, or lower-confidence.",,,,,Pushkar Tradition,(No Sampradaya),"Pushkar, Rajasthan, India"
recSb8nqYS1St0kW4,"Swami Sri Nityanandji of Pithadia, Gujarat",Gujarat & Swaminarayan Traditions,Needs Research,Tertiary,Medium,"Spiritual region maps to Gujarat & Swaminarayan Traditions. Tier proposed as Tertiary because placement is contextual, inferred, or lower-confidence.",,,,,Gujarat General,(No Sampradaya),Gujarat
rec8zRjsV6xnw4mwa,Kuladananda Brahmachari of Puri,Jagannath-Puri & Odisha,Needs Research,Secondary,High,Family override from FAM-006 (Sri Vijay Krishna Goswami Family); family placement takes priority over geography. Tier proposed as Secondary because the record is a close family/lineage member or direct section fit.,Organize inside Jagannath-Puri & Odisha using FAM-006 family context before geography.,FAM-006,,8,Jagannath-Puri Tradition,(No Sampradaya),"Puri, Odisha, India"
reclyIPFpFR6q67Bx,Lord Jagannath (deity),Jagannath-Puri & Odisha,Girnar & Nath Traditions,Featured,Medium,Spiritual region maps to Jagannath-Puri & Odisha. Explicit archivalist featured saint override: Lord Jagannath (deity). Tier proposed as Featured because the record appears to anchor or lead a family cluster.,,,,,Jagannath-Puri Tradition,(No Sampradaya),"Puri, Odisha, India"
recHNlgpOtSsWlIfl,"Mahant Sri Dhyanachandra Das Goswami of Gambira Temple, Sri Radhakanta Math, Navadwip",Jagannath-Puri & Odisha,Needs Research,Tertiary,Medium,"Spiritual region maps to Jagannath-Puri & Odisha. Tier proposed as Tertiary because placement is contextual, inferred, or lower-confidence.",,,,,Jagannath-Puri Tradition,(No Sampradaya),"Gambhira Temple, Puri, Odisha, India"
recdEXMl6mYRxQymD,Paramahamsa Sri Durga Prasanna Deva Saraswati of Bhubaneshwar,Jagannath-Puri & Odisha,Needs Research,Tertiary,Medium,"Spiritual region maps to Jagannath-Puri & Odisha. Tier proposed as Tertiary because placement is contextual, inferred, or lower-confidence.",,,,,Coastal Odisha,(No Sampradaya),"Bhubaneswar, Odisha, India"
rec9vEn5oj7QZTXl0,Paramahamsa Sri Srimat Durgaprasad Saraswati of Bhubaneswar  — or Sri Durga PrasannaParamahansa Deva of Varanasi  DOUBLE CHECK ,Jagannath-Puri & Odisha,Needs Research,Tertiary,Medium,"Spiritual region maps to Jagannath-Puri & Odisha. Tier proposed as Tertiary because placement is contextual, inferred, or lower-confidence.",,,,,Coastal Odisha,(No Sampradaya),"Bhubaneswar, Odisha, India"
recGbe48WW1t6DqUz,"Sri Abiram Paramahamsa Dev of Cuttack, Orissa ",Jagannath-Puri & Odisha,Needs Research,Tertiary,Medium,"Spiritual region maps to Jagannath-Puri & Odisha. Tier proposed as Tertiary because placement is contextual, inferred, or lower-confidence.",,,,,Coastal Odisha,(No Sampradaya),"Cuttack, Odisha, India"
rec3tCQCd95bdyD01,Sri Baba Vaikunthanath Brahmachari of Bhubaneswar,Jagannath-Puri & Odisha,Girnar & Nath Traditions,Tertiary,Medium,"Spiritual region maps to Jagannath-Puri & Odisha. Tier proposed as Tertiary because placement is contextual, inferred, or lower-confidence.",,,,,Coastal Odisha,(No Sampradaya),"Bhubaneswar, Odisha, India"
rec0PdixvLE8VQU5H,"Sri Bal Krishna Das of Satlahirimath, Puri ",Jagannath-Puri & Odisha,Needs Research,Tertiary,Medium,"Spiritual region maps to Jagannath-Puri & Odisha. Tier proposed as Tertiary because placement is contextual, inferred, or lower-confidence.",,,,,Jagannath-Puri Tradition,(No Sampradaya),"Puri, Odisha, India"
recIktBD8n1j13qh9,"Sri Brahmananda Ji Maharaj of Puri, Orissa ",Jagannath-Puri & Odisha,Needs Research,Tertiary,Medium,"Spiritual region maps to Jagannath-Puri & Odisha. Tier proposed as Tertiary because placement is contextual, inferred, or lower-confidence.",,,,,Jagannath-Puri Tradition,Sannyasa Sampradaya,"Puri, Odisha, India"
recjurnDBumDkXXA3,Sri Chhota Achyutanand of Balasore,Jagannath-Puri & Odisha,Needs Research,Tertiary,Medium,"Spiritual region maps to Jagannath-Puri & Odisha. Tier proposed as Tertiary because placement is contextual, inferred, or lower-confidence.",,,,,Coastal Odisha,(No Sampradaya),"Balasore, Odisha, India"
recb7oJ5FTsyEzb5S,"Sri Dharmananda Saraswati of Puri, Orissa ",Jagannath-Puri & Odisha,Needs Research,Tertiary,Medium,"Spiritual region maps to Jagannath-Puri & Odisha. Tier proposed as Tertiary because placement is contextual, inferred, or lower-confidence.",,,,,Jagannath-Puri Tradition,(No Sampradaya),"Puri, Odisha, India"
recGAt9Q8JBRM7pdT,Sri Gopinath Das Babaji of Haridas Thakur Math ,Jagannath-Puri & Odisha,Girnar & Nath Traditions,Tertiary,Medium,"Spiritual region maps to Jagannath-Puri & Odisha. Tier proposed as Tertiary because placement is contextual, inferred, or lower-confidence.",,,,,Jagannath-Puri Tradition,(No Sampradaya),"Haridas Thakur Math, Puri, Odisha, India"
recGZ3OaouJRobeRl,"Sri Guru Ayodhya Dash (Rendhagarh Baba) of Rendhagarh village, near Puri, Orissa",Jagannath-Puri & Odisha,Rama & Avadh,Tertiary,Medium,"Spiritual region maps to Jagannath-Puri & Odisha. Tier proposed as Tertiary because placement is contextual, inferred, or lower-confidence.",,,,,Jagannath-Puri Tradition,(No Sampradaya),"Puri, Odisha, India"
recZ1zqo37l0KYw1G,"Sri Kali Mata of Nemalo, Cuttack",Jagannath-Puri & Odisha,Needs Research,Tertiary,Medium,"Spiritual region maps to Jagannath-Puri & Odisha. Tier proposed as Tertiary because placement is contextual, inferred, or lower-confidence.",,,,,"Coastal Odisha
Panchasakha Region",(No Sampradaya),"Cuttack, Odisha, India
Nemalo, Odisha, India"
recldDwQSp2LBlkV8,Sri Krishna Mohan Das (Ghutiya Baba) of Balasore (Gopinath temple),Jagannath-Puri & Odisha,Girnar & Nath Traditions,Tertiary,Medium,"Spiritual region maps to Jagannath-Puri & Odisha. Tier proposed as Tertiary because placement is contextual, inferred, or lower-confidence.",,,,,Coastal Odisha,(No Sampradaya),"Balasore, Odisha, India"
recbCsiExuW8dTUUM,"Sri Mahapurusha Achyutanand of Nemalo, Cuttack",Jagannath-Puri & Odisha,Needs Research,Tertiary,Medium,"Spiritual region maps to Jagannath-Puri & Odisha. Tier proposed as Tertiary because placement is contextual, inferred, or lower-confidence.",,,,,"Panchasakha Region
Coastal Odisha",(No Sampradaya),"Nemalo, Odisha, India
Cuttack, Odisha, India"
rechEXrlzldl7ZpoA,Sri Mata Saroj Bala Devi of Varanasi ,Jagannath-Puri & Odisha,Kashi & Ascetic Lineages,Secondary,High,Family override from FAM-006 (Sri Vijay Krishna Goswami Family); family placement takes priority over geography. Explicit archivalist tier override: Sri Mata Saroj Bala Devi of Varanasi should be secondary. Tier proposed as Secondary because the record is a close family/lineage member or direct section fit.,Organize inside Jagannath-Puri & Odisha using FAM-006 family context before geography.,FAM-006,,8,Kashi Region,(No Sampradaya),"Varanasi, Uttar Pradesh, India"
reccEWyFY8dMC4ZGN,Sri Nanda Dulal Goswami of Bhadrak ,Jagannath-Puri & Odisha,Needs Research,Tertiary,Medium,"Spiritual region maps to Jagannath-Puri & Odisha. Tier proposed as Tertiary because placement is contextual, inferred, or lower-confidence.",,,,,Coastal Odisha,(No Sampradaya),"Bhadrak, Odisha, India"
recnV27wvWDruNGQN,Sri Nigammananda Paramahamsa of Puri,Jagannath-Puri & Odisha,Needs Research,Tertiary,Medium,"Spiritual region maps to Jagannath-Puri & Odisha. Tier proposed as Tertiary because placement is contextual, inferred, or lower-confidence.",,,,,Jagannath-Puri Tradition,(No Sampradaya),"Puri, Odisha, India"
recoo9vvxZy22Ss3v,Sri Nityananda Das Babaji of Rasbihari Math Cattak ,Jagannath-Puri & Odisha,Needs Research,Tertiary,Medium,"Spiritual region maps to Jagannath-Puri & Odisha. Tier proposed as Tertiary because placement is contextual, inferred, or lower-confidence.",,,,,Coastal Odisha,(No Sampradaya),"Cuttack, Odisha, India"
recQAmbNSmfWIrzHz,Sri Radhakant Das of Bhadrak,Jagannath-Puri & Odisha,Needs Research,Tertiary,Medium,"Spiritual region maps to Jagannath-Puri & Odisha. Tier proposed as Tertiary because placement is contextual, inferred, or lower-confidence.",,,,,Coastal Odisha,(No Sampradaya),"Bhadrak, Odisha, India"
recbSiDH0qSzRl5vY,"Sri Shivpuri Baba of Kathmandu, Nepal",Jagannath-Puri & Odisha,"Bengal Shakta, Baul & Modern Saints",Featured,Medium,Family override from FAM-071 (Sri Shivpuri Baba Family); family placement takes priority over geography. Tier proposed as Featured because the record appears to anchor or lead a family cluster.,Organize inside Jagannath-Puri & Odisha using FAM-071 family context before geography.,FAM-071,,2,South Asia,(No Sampradaya),Nepal
recPw3FxLbHjXdgaD,Sri Sri Kiranchand  Darveshji of Varanasi ,Jagannath-Puri & Odisha,Kashi & Ascetic Lineages,Secondary,High,Family override from FAM-006 (Sri Vijay Krishna Goswami Family); family placement takes priority over geography. Tier proposed as Secondary because the record is a close family/lineage member or direct section fit.,Organize inside Jagannath-Puri & Odisha using FAM-006 family context before geography.,FAM-006,,8,Kashi Region,(No Sampradaya),"Varanasi, Uttar Pradesh, India"
recsumN8i2tdC7GbV,"Sri Sri Maa Moni of Puri, Orissa (Brajadham) ",Jagannath-Puri & Odisha,Gaudiya Vaishnava,Secondary,High,Family override from FAM-006 (Sri Vijay Krishna Goswami Family); family placement takes priority over geography. Tier proposed as Secondary because the record is a close family/lineage member or direct section fit.,Organize inside Jagannath-Puri & Odisha using FAM-006 family context before geography.,FAM-006,,8,Jagannath-Puri Tradition,Gaudiya Vaishnava,"Puri, Odisha, India"
recmA5lAnLb6Ql0UP,Sri Srimati Parameshwari Dasi of Puri ,Jagannath-Puri & Odisha,Needs Research,Tertiary,Medium,"Spiritual region maps to Jagannath-Puri & Odisha. Tier proposed as Tertiary because placement is contextual, inferred, or lower-confidence.",,,,,Jagannath-Puri Tradition,(No Sampradaya),"Puri, Odisha, India"
rec7h3JfBcXTcy24U,Sri Subarh Chandra Bose of Cuttack,Jagannath-Puri & Odisha,Needs Research,Tertiary,Medium,"Spiritual region maps to Jagannath-Puri & Odisha. Tier proposed as Tertiary because placement is contextual, inferred, or lower-confidence.",,,,,Coastal Odisha,(No Sampradaya),"Cuttack, Odisha, India"
recpno7QmMS0oXg1e,"Sri Swami Brahmananda ji Maharaj of Puri, Orissa",Jagannath-Puri & Odisha,Needs Research,Tertiary,Medium,"Spiritual region maps to Jagannath-Puri & Odisha. Tier proposed as Tertiary because placement is contextual, inferred, or lower-confidence.",,,,,Jagannath-Puri Tradition,Sannyasa Sampradaya,"Puri, Odisha, India"
recwXrEbirWApVteB,Sri Swami Didhishananda Saraswati of Puri ,Jagannath-Puri & Odisha,Needs Research,Secondary,High,Family override from FAM-006 (Sri Vijay Krishna Goswami Family); family placement takes priority over geography. Tier proposed as Secondary because the record is a close family/lineage member or direct section fit.,Organize inside Jagannath-Puri & Odisha using FAM-006 family context before geography.,FAM-006,,8,Jagannath-Puri Tradition,(No Sampradaya),"Puri, Odisha, India"
recuVyG6skE6qQ0aS,"Sri Swami Digeshananda Saraswati of Puri, Orissa ",Jagannath-Puri & Odisha,Needs Research,Tertiary,Medium,"Spiritual region maps to Jagannath-Puri & Odisha. Tier proposed as Tertiary because placement is contextual, inferred, or lower-confidence.",,,,,Jagannath-Puri Tradition,(No Sampradaya),"Puri, Odisha, India"
recwALNXldWfBLASm,"Sri Todke Baba of Shivapuri, Nepal",Jagannath-Puri & Odisha,"Bengal Shakta, Baul & Modern Saints",Secondary,Medium,Family override from FAM-071 (Sri Shivpuri Baba Family); family placement takes priority over geography. Tier proposed as Secondary because the record is a close family/lineage member or direct section fit.,Organize inside Jagannath-Puri & Odisha using FAM-071 family context before geography.,FAM-071,,2,South Asia,(No Sampradaya),"Shivapuri, Nepal"
rec1cTbJ4iPAMUW0v,Sri Vijay Krishna Goswami of Puri ,Jagannath-Puri & Odisha,Needs Research,Featured,High,Family override from FAM-006 (Sri Vijay Krishna Goswami Family); family placement takes priority over geography. Explicit archivalist featured saint override: Sri Vijay Krishna Goswami. Tier proposed as Featured because the record appears to anchor or lead a family cluster.,Organize inside Jagannath-Puri & Odisha using FAM-006 family context before geography.,FAM-006,,8,Jagannath-Puri Tradition,(No Sampradaya),"Puri, Odisha, India"
recWXZzMbejtZgyBH,Sri Vishwaguru Avaduth Pagal Baba of Cuttack,Jagannath-Puri & Odisha,Needs Research,Tertiary,Medium,"Spiritual region maps to Jagannath-Puri & Odisha. Tier proposed as Tertiary because placement is contextual, inferred, or lower-confidence.",,,,,Coastal Odisha,(No Sampradaya),"Cuttack, Odisha, India"
rec7GxgNvmubmTvMM,"Sri Vishwaguru Avaduth Pagal Baba of Cuttack, Orissa ",Jagannath-Puri & Odisha,Needs Research,Secondary,Medium,Spiritual region maps to Jagannath-Puri & Odisha. Tier proposed as Secondary because the record is a close family/lineage member or direct section fit.,Family FAM-079 is present but not mapped to a stronger section override; review family tree if this placement feels off.,FAM-079,,2,Coastal Odisha,(No Sampradaya),"Cuttack, Odisha, India"
rec37kfAtkuXhvjd8,"Sri Vishwaguru Baya Baba of Sailanga, Cuttack, Orissa ",Jagannath-Puri & Odisha,Needs Research,Secondary,Medium,Spiritual region maps to Jagannath-Puri & Odisha. Tier proposed as Secondary because the record is a close family/lineage member or direct section fit.,Family FAM-079 is present but not mapped to a stronger section override; review family tree if this placement feels off.,FAM-079,,2,Coastal Odisha,(No Sampradaya),"Cuttack, Odisha, India"
recaSmpkXpqslt29K,Sri Yogmaya Devi of Puri/ Vrindavan,Jagannath-Puri & Odisha,Braj & Krishna Bhakti,Featured,High,Family override from FAM-006 (Sri Vijay Krishna Goswami Family); family placement takes priority over geography. Explicit archivalist featured saint override: duplicate Sri Yogmaya Devi of Puri/Vrindavan record. Tier proposed as Featured because the record appears to anchor or lead a family cluster.,Organize inside Jagannath-Puri & Odisha using FAM-006 family context before geography.,FAM-006,,8,"Jagannath-Puri Tradition
Braj Mandal",(No Sampradaya),"Puri, Odisha, India
Vrindavan, Uttar Pradesh, India"
recRZkHSnl8nDNArl,Sri Yogmaya Devi of Puri/ Vrindavan ,Jagannath-Puri & Odisha,Braj & Krishna Bhakti,Featured,High,Family override from FAM-006 (Sri Vijay Krishna Goswami Family); family placement takes priority over geography. Explicit archivalist featured saint override: Sri Yogmaya Devi of Puri/Vrindavan. Tier proposed as Featured because the record appears to anchor or lead a family cluster.,Organize inside Jagannath-Puri & Odisha using FAM-006 family context before geography.,FAM-006,,8,"Jagannath-Puri Tradition
Braj Mandal",(No Sampradaya),"Puri, Odisha, India
Vrindavan, Uttar Pradesh, India"
recje6xb9KoUwRpQL,Tota Gopinath (deity),Jagannath-Puri & Odisha,Girnar & Nath Traditions,Secondary,High,"Name/place wording suggests Girnar & Nath Traditions, but this should be reviewed. Explicit archivalist tier override: Tota Gopinath should be secondary in the Jagannath-Puri & Odisha section. Section overridden to Jagannath-Puri & Odisha. Tier proposed as Secondary because the record is a close family/lineage member or direct section fit.",Explicit archivalist tier override: Tota Gopinath should be secondary in the Jagannath-Puri & Odisha section.,,,,,(No Sampradaya),
recazM7pLGlUp4Lq2,"1008 Sri Swami Yogananda ji Maharaj of Ganga Tat, New Jhunse, Prayagraj ",Kashi & Ascetic Lineages,Needs Research,Tertiary,Medium,"Spiritual region maps to Kashi & Ascetic Lineages. Tier proposed as Tertiary because placement is contextual, inferred, or lower-confidence.",,,,,Prayag Region,(No Sampradaya),"Prayagraj, Uttar Pradesh, India"
recUWATFc2ZSDOvUc,Acharya Sri Susheelananda Shastri of Varanasi,Kashi & Ascetic Lineages,Needs Research,Tertiary,Medium,"Spiritual region maps to Kashi & Ascetic Lineages. Tier proposed as Tertiary because placement is contextual, inferred, or lower-confidence.",,,,,Kashi Region,(No Sampradaya),"Varanasi, Uttar Pradesh, India"
recbzpFFpYFbDzf0E,"Dandi Swami 1008 Sri Ishwaranand ji Tirth Maharaj of Mumukeshu Bhawan Assi, Varanasi, Uttar Pradesh ",Kashi & Ascetic Lineages,Needs Research,Tertiary,Medium,"Spiritual region maps to Kashi & Ascetic Lineages. Tier proposed as Tertiary because placement is contextual, inferred, or lower-confidence.",,,,,Kashi Region,(No Sampradaya),"Varanasi, Uttar Pradesh, India"
rechQSG5ckJjy21PD,Durga Prasanna Paramahamsa Deva,Kashi & Ascetic Lineages,Needs Research,Tertiary,Medium,"Spiritual region maps to Kashi & Ascetic Lineages. Tier proposed as Tertiary because placement is contextual, inferred, or lower-confidence.",,,,,Kashi Region,(No Sampradaya),"Varanasi, Uttar Pradesh, India"
recgwyT3o1H3GLrLc,"Gurus of Sri Sudhindra Tirtha of Kashi Math, Varanasi ",Kashi & Ascetic Lineages,Needs Research,Tertiary,Medium,"Spiritual region maps to Kashi & Ascetic Lineages. Tier proposed as Tertiary because placement is contextual, inferred, or lower-confidence.",,,,,Kashi Region,(No Sampradaya),"Varanasi, Uttar Pradesh, India"
recnsOBuG8bfH7AZu,"Panth Sri Hajar Udith Naam Saheb Acharya of Kabhir Math, Varanasi ",Kashi & Ascetic Lineages,Needs Research,Tertiary,Medium,"Spiritual region maps to Kashi & Ascetic Lineages. Tier proposed as Tertiary because placement is contextual, inferred, or lower-confidence.",,,,,Kashi Region,(No Sampradaya),"Varanasi, Uttar Pradesh, India"
recziNJadHjbTsRn0,"Saket Vasi Sri Sri 108 Sri Mahant Balmukundas ji Maharaj of Ram Janaki Mandir, Prayagraj ",Kashi & Ascetic Lineages,Needs Research,Tertiary,Medium,"Spiritual region maps to Kashi & Ascetic Lineages. Tier proposed as Tertiary because placement is contextual, inferred, or lower-confidence.",,,,,Prayag Region,(No Sampradaya),"Prayagraj, Uttar Pradesh, India"
recvFVUvIRR9uFPGp,Sri (Sant) Baba Tarasingh of Ahraura ,Kashi & Ascetic Lineages,Needs Research,Tertiary,Medium,"Spiritual region maps to Kashi & Ascetic Lineages. Tier proposed as Tertiary because placement is contextual, inferred, or lower-confidence.",,,,,Kashi Region,(No Sampradaya),"Ahraura, Mirzapur, Uttar Pradesh, India"
recdRbJMjFCRUbaD5,"Sri 1008 Parampujya Sri Tapasvi ji Maharaj of Arail, Naini, Prayagraj",Kashi & Ascetic Lineages,Needs Research,Tertiary,Medium,"Spiritual region maps to Kashi & Ascetic Lineages. Tier proposed as Tertiary because placement is contextual, inferred, or lower-confidence.",,,,,Prayag Region,(No Sampradaya),"Prayagraj, Uttar Pradesh, India"
recP9xERK489iivTr,"Sri 108 Banshidhar Das (Udiya Baba) of Sitamari, near Varanasi",Kashi & Ascetic Lineages,Needs Research,Tertiary,Medium,"Spiritual region maps to Kashi & Ascetic Lineages. Tier proposed as Tertiary because placement is contextual, inferred, or lower-confidence.",,,,,Kashi Region,(No Sampradaya),"Varanasi, Uttar Pradesh, India"
rectsRLeQ74n7y7ke,"Sri 108 Sri Swami Ganashyamanand ji Tirth Maharaj (Ananta Sri Vibhushit) Paramahamsa of Mumuksha Bhavan, Assi, Varanasi, Uttaramarga Pradesh",Kashi & Ascetic Lineages,Needs Research,Tertiary,Medium,"Spiritual region maps to Kashi & Ascetic Lineages. Tier proposed as Tertiary because placement is contextual, inferred, or lower-confidence.",,,,,Kashi Region,(No Sampradaya),"Varanasi, Uttar Pradesh, India"
recYtV0Kmjz2vv6KW,"Sri 108 Swami Narottamanand Giri ji Maharaj of Old Jhunsi, Prayagraj ",Kashi & Ascetic Lineages,Needs Research,Tertiary,Medium,"Spiritual region maps to Kashi & Ascetic Lineages. Tier proposed as Tertiary because placement is contextual, inferred, or lower-confidence.",,,,,Prayag Region,(No Sampradaya),"Prayagraj, Uttar Pradesh, India"
rec8UyUAUBqoG7VkY,"Sri Atchutanand Thirth Maharaj of Kaamroop Math, Dashashwamedh Ghat, Varanasi",Kashi & Ascetic Lineages,Needs Research,Tertiary,Medium,"Spiritual region maps to Kashi & Ascetic Lineages. Tier proposed as Tertiary because placement is contextual, inferred, or lower-confidence.",,,,,Kashi Region,Shankaracharya Sampradaya,"Varanasi, Uttar Pradesh, India"
reccRb57iOMqCAXkR,Sri Baba Hansraj Das Maharaj of Prayagraj ,Kashi & Ascetic Lineages,Needs Research,Tertiary,Medium,"Spiritual region maps to Kashi & Ascetic Lineages. Tier proposed as Tertiary because placement is contextual, inferred, or lower-confidence.",,,,,Prayag Region,(No Sampradaya),"Prayagraj, Uttar Pradesh, India"
recgre7SM8y3er0FB,Sri Baba Kina Ram of Varanasi ,Kashi & Ascetic Lineages,Needs Research,Tertiary,Medium,"Spiritual region maps to Kashi & Ascetic Lineages. Tier proposed as Tertiary because placement is contextual, inferred, or lower-confidence.",,,,,Kashi Region,(No Sampradaya),"Varanasi, Uttar Pradesh, India"
recSetF2VDEXHNcCp,"Sri Baba Ramdulare of Jhunse, Prayagraj ",Kashi & Ascetic Lineages,Needs Research,Tertiary,Medium,"Spiritual region maps to Kashi & Ascetic Lineages. Tier proposed as Tertiary because placement is contextual, inferred, or lower-confidence.",,,,,Prayag Region,(No Sampradaya),"Prayagraj, Uttar Pradesh, India"
rec1z1QnISdDcq5jB,Sri Baba Surdas ji Maharaj of Allahabad (Prayagraj),Kashi & Ascetic Lineages,Needs Research,Secondary,Medium,"Spiritual region maps to Kashi & Ascetic Lineages. Explicit archivalist featured saint override: Sri Surdas Ji / Surdas lineage. Explicit archivalist tier override: Sri Baba Surdas ji Maharaj of Allahabad should be secondary, not featured. Tier proposed as Secondary because the record is a close family/lineage member or direct section fit.",,,,,Prayag Region,(No Sampradaya),"Prayagraj, Uttar Pradesh, India"
recjnNy9xe9WCWK27,"Sri Bhaiju Baba of Baiju Baba Ashram, Ahraura, Mirzapur ",Kashi & Ascetic Lineages,Needs Research,Tertiary,Medium,"Spiritual region maps to Kashi & Ascetic Lineages. Tier proposed as Tertiary because placement is contextual, inferred, or lower-confidence.",,,,,Kashi Region,(No Sampradaya),"Mirzapur, Uttar Pradesh, India"
rec5R2rIVB6cYMOxN,"Sri Bhakti Prajnan Keshava Maharaj (Keshav Goswami) of Siliguri, Gavdya Math (Varanasi?)- Same as 22A Bhakti Prajnana Keshav Goswami of Mathura!!!",Kashi & Ascetic Lineages,Needs Research,Tertiary,Medium,"Spiritual region maps to Kashi & Ascetic Lineages. Tier proposed as Tertiary because placement is contextual, inferred, or lower-confidence.",,,,,"Kashi Region
North Bengal",(No Sampradaya),"Varanasi, Uttar Pradesh, India
Siliguri, West Bengal, India"
receW8iWLJ2gHXjhH,"Sri Bholanand Thirth Maharaj of Kaamroop Math, Dashashwamedh Ghat, Varanasi ",Kashi & Ascetic Lineages,Needs Research,Tertiary,Medium,"Spiritual region maps to Kashi & Ascetic Lineages. Tier proposed as Tertiary because placement is contextual, inferred, or lower-confidence.",,,,,Kashi Region,Shankaracharya Sampradaya,"Varanasi, Uttar Pradesh, India"
reck4n3ybEgOZrda8,"Sri Dandi Swami Vimalanand Saraswati of Rajguru Math, Shivala Ghat, Varanasi",Kashi & Ascetic Lineages,Needs Research,Tertiary,Medium,"Spiritual region maps to Kashi & Ascetic Lineages. Tier proposed as Tertiary because placement is contextual, inferred, or lower-confidence.",,,,,Kashi Region,(No Sampradaya),"Varanasi, Uttar Pradesh, India"
recKpHZ5crAQ75k9u,"Sri Galeshwar Baba of Devghat, Prayagraj, Uttar Pradesh",Kashi & Ascetic Lineages,Needs Research,Tertiary,Medium,"Spiritual region maps to Kashi & Ascetic Lineages. Tier proposed as Tertiary because placement is contextual, inferred, or lower-confidence.",,,,,Prayag Region,(No Sampradaya),"Prayagraj, Uttar Pradesh, India"
reczI35ZixTdWd5dn,"Sri Gambhir Saheb of Chakia, Varanasi, Uttar Pradesh",Kashi & Ascetic Lineages,Needs Research,Tertiary,Medium,"Spiritual region maps to Kashi & Ascetic Lineages. Tier proposed as Tertiary because placement is contextual, inferred, or lower-confidence.",,,,,Kashi Region,(No Sampradaya),"Varanasi, Uttar Pradesh, India"
recnbqA3zuNxBledV,"Sri Ganeshanand Ji Maharaj of Sitakund, Vindyanchal, Varanasi",Kashi & Ascetic Lineages,Needs Research,Tertiary,Medium,"Spiritual region maps to Kashi & Ascetic Lineages. Tier proposed as Tertiary because placement is contextual, inferred, or lower-confidence.",,,,,Kashi Region,(No Sampradaya),"Varanasi, Uttar Pradesh, India"
rec4z0V5SP8OslEKt,Sri Ganga Vishnu Gadadhar Ramanuj Sri Vaishnava Das ji of Sri Ganga Vishnu Bhagat Sri Tridandi ,Kashi & Ascetic Lineages,Needs Research,Tertiary,Medium,"Spiritual region maps to Kashi & Ascetic Lineages. Tier proposed as Tertiary because placement is contextual, inferred, or lower-confidence.",,,,,Kashi Region,(No Sampradaya),"Varanasi, Uttar Pradesh, India"
reca7RpSgAUtWn0Cu,"Sri Garib Dasji of Tapovan Ashram, Varanasi ",Kashi & Ascetic Lineages,Needs Research,Tertiary,Medium,"Spiritual region maps to Kashi & Ascetic Lineages. Tier proposed as Tertiary because placement is contextual, inferred, or lower-confidence.",,,,,Kashi Region,(No Sampradaya),"Varanasi, Uttar Pradesh, India"
rec4elXmBtM7Xh3sw,"Sri Girinari Baba of Arail, Naini, Prayagraj",Kashi & Ascetic Lineages,Needs Research,Secondary,Medium,Spiritual region maps to Kashi & Ascetic Lineages. Tier proposed as Secondary because the record is a close family/lineage member or direct section fit.,Family FAM-048 is present but not mapped to a stronger section override; review family tree if this placement feels off.,FAM-048,,2,Prayag Region,(No Sampradaya),"Prayagraj, Uttar Pradesh, India"
rec8Vmk82zGSrN9Y0,"Sri Gopal Swami of Arail, Naini, Prayagraj",Kashi & Ascetic Lineages,Needs Research,Tertiary,Medium,"Spiritual region maps to Kashi & Ascetic Lineages. Tier proposed as Tertiary because placement is contextual, inferred, or lower-confidence.",,,,,Prayag Region,(No Sampradaya),"Prayagraj, Uttar Pradesh, India"
recP1C56Ur18MUFSK,"Sri Hanuman Baba of Vindyachal, Varanasi",Kashi & Ascetic Lineages,Needs Research,Tertiary,Medium,"Spiritual region maps to Kashi & Ascetic Lineages. Tier proposed as Tertiary because placement is contextual, inferred, or lower-confidence.",,,,,Kashi Region,(No Sampradaya),"Varanasi, Uttar Pradesh, India"
rec7U3YIlw7q8NMXB,"Sri Haridas Maharaj of Bengali Tola, Varanasi ",Kashi & Ascetic Lineages,"Bengal Shakta, Baul & Modern Saints",Tertiary,Medium,"Spiritual region maps to Kashi & Ascetic Lineages. Tier proposed as Tertiary because placement is contextual, inferred, or lower-confidence.",,,,,Kashi Region,(No Sampradaya),"Varanasi, Uttar Pradesh, India"
recknnNAOowSm5f8X,"Sri Jayendra Puri Maharaj of Govinda Math, Varanasi ",Kashi & Ascetic Lineages,Needs Research,Tertiary,Medium,"Spiritual region maps to Kashi & Ascetic Lineages. Tier proposed as Tertiary because placement is contextual, inferred, or lower-confidence.",,,,,Kashi Region,Shankaracharya´s Puri subdivision,"Varanasi, Uttar Pradesh, India"
recC0oKB2f76zegjq,"Sri Junglee Baba of Jhunsi, Prayagraj ",Kashi & Ascetic Lineages,Needs Research,Tertiary,Medium,"Spiritual region maps to Kashi & Ascetic Lineages. Tier proposed as Tertiary because placement is contextual, inferred, or lower-confidence.",,,,,Prayag Region,(No Sampradaya),"Prayagraj, Uttar Pradesh, India"
recFjOKA1n0Y5WVXO,"Sri Kaccha Baba of Jalupur Village, Varanasi",Kashi & Ascetic Lineages,Needs Research,Tertiary,Medium,"Spiritual region maps to Kashi & Ascetic Lineages. Tier proposed as Tertiary because placement is contextual, inferred, or lower-confidence.",,,,,Kashi Region,(No Sampradaya),"Varanasi, Uttar Pradesh, India"
recl99TDT7miY1vPY,"Sri Kala Baba of Chatnang, Jhunsi, Prayagraj",Kashi & Ascetic Lineages,Needs Research,Tertiary,Medium,"Spiritual region maps to Kashi & Ascetic Lineages. Tier proposed as Tertiary because placement is contextual, inferred, or lower-confidence.",,,,,Prayag Region,(No Sampradaya),"Chhatnag, Prayagraj, Uttar Pradesh, India"
recMkri0Pg9WpbRBU,Sri Kalikanand Ji of Varanasi  or Sri Sachinandan Giri Maharaj of Varanasi ,Kashi & Ascetic Lineages,Needs Research,Tertiary,Medium,"Spiritual region maps to Kashi & Ascetic Lineages. Tier proposed as Tertiary because placement is contextual, inferred, or lower-confidence.",,,,,Kashi Region,Shankaracharya Sampradaya,"Varanasi, Uttar Pradesh, India"
rec4UT17Zqtyf7BJa,"Sri Kamariya Baba of Ahraura, Mirzapur ",Kashi & Ascetic Lineages,Needs Research,Tertiary,Medium,"Spiritual region maps to Kashi & Ascetic Lineages. Tier proposed as Tertiary because placement is contextual, inferred, or lower-confidence.",,,,,Kashi Region,(No Sampradaya),"Mirzapur, Uttar Pradesh, India"
recvtOnjrKi1jjNYb,"Sri Kashipeethadeshwar Jagatguru Swami Ramanuja Acharya Maharaj of Kashi Peeth, MahaBhagavath Mahavidyalay, Assi Varanasi (near Puskar kund inside)",Kashi & Ascetic Lineages,Sri Vaishnava & South Indian Vaishnava Traditions,Tertiary,Medium,"Spiritual region maps to Kashi & Ascetic Lineages. Tier proposed as Tertiary because placement is contextual, inferred, or lower-confidence.",,,,,Kashi Region,(No Sampradaya),"Varanasi, Uttar Pradesh, India"
recQnJiLpdWx5oj2e,"Sri Khappar Baba of Ahraura, Mirzapur, U.P. ",Kashi & Ascetic Lineages,Needs Research,Secondary,Medium,Spiritual region maps to Kashi & Ascetic Lineages. Tier proposed as Secondary because the record is a close family/lineage member or direct section fit.,Family FAM-057 is present but not mapped to a stronger section override; review family tree if this placement feels off.,FAM-057,,2,Kashi Region,(No Sampradaya),"Mirzapur, Uttar Pradesh, India"
recTcPmu6s5tWOBVh,Sri Mata Annapurna of Varanasi,Kashi & Ascetic Lineages,Needs Research,Tertiary,Medium,"Spiritual region maps to Kashi & Ascetic Lineages. Tier proposed as Tertiary because placement is contextual, inferred, or lower-confidence.",,,,,Kashi Region,(No Sampradaya),"Varanasi, Uttar Pradesh, India"
recfbzF4hNLGB8nEc,"Sri Moni Babaji of Satuwa Ashram, Varanasi",Kashi & Ascetic Lineages,Needs Research,Tertiary,Medium,"Spiritual region maps to Kashi & Ascetic Lineages. Tier proposed as Tertiary because placement is contextual, inferred, or lower-confidence.",,,,,Kashi Region,(No Sampradaya),"Varanasi, Uttar Pradesh, India"
recx5ElFhvJ8JYJpx,Sri Narayan Baba of Delhi,Kashi & Ascetic Lineages,Needs Research,Featured,High,"No strong family, sampradaya, or spiritual-region section could be inferred. Explicit archivalist featured saint override: Sri Narayan Baba from Delhi; placed in the broader North Indian ascetic section pending stronger family data. Section also overridden to Kashi & Ascetic Lineages. Tier proposed as Featured because the record appears to anchor or lead a family cluster.",Explicit archivalist featured saint override: Sri Narayan Baba from Delhi; placed in the broader North Indian ascetic section pending stronger family data.,,,,Delhi General,(No Sampradaya),"Delhi, India"
recc1DLNrLwcKii7R,Sri Nirmal Narayana Maharaj of Teliarganj,Kashi & Ascetic Lineages,Needs Research,Tertiary,Medium,"Spiritual region maps to Kashi & Ascetic Lineages. Tier proposed as Tertiary because placement is contextual, inferred, or lower-confidence.",,,,,Prayag Region,(No Sampradaya),"Teliarganj, Uttar Pradesh, India"
recFLxknJy14HMimh,"Sri Pancha Tirth Vedanta Saraswati Sri 108 Ganga Mataji of Sri Ananda Devi Matri Ashram, Shivala, Varanasi",Kashi & Ascetic Lineages,Needs Research,Tertiary,Medium,"Spiritual region maps to Kashi & Ascetic Lineages. Tier proposed as Tertiary because placement is contextual, inferred, or lower-confidence.",,,,,Kashi Region,(No Sampradaya),"Varanasi, Uttar Pradesh, India"
recgIR0FiVPOVHklM,"Sri Phalhari Baba of Arail, Naini, Prayagraj",Kashi & Ascetic Lineages,Needs Research,Tertiary,Medium,"Spiritual region maps to Kashi & Ascetic Lineages. Tier proposed as Tertiary because placement is contextual, inferred, or lower-confidence.",,,,,Prayag Region,(No Sampradaya),"Prayagraj, Uttar Pradesh, India"
recdlzOyWmZhjaGkS,"Sri Piparahawa Baba of Jhunsi, Prayagraj ",Kashi & Ascetic Lineages,Needs Research,Tertiary,Medium,"Spiritual region maps to Kashi & Ascetic Lineages. Tier proposed as Tertiary because placement is contextual, inferred, or lower-confidence.",,,,,Prayag Region,(No Sampradaya),"Prayagraj, Uttar Pradesh, India"
recAPHaGSjaQuPeIg,"Sri Pujyapad Avdhoot Bhagwan Ram ji of Rajghat, Varanasi",Kashi & Ascetic Lineages,Needs Research,Tertiary,Medium,"Spiritual region maps to Kashi & Ascetic Lineages. Tier proposed as Tertiary because placement is contextual, inferred, or lower-confidence.",,,,,Kashi Region,(No Sampradaya),"Varanasi, Uttar Pradesh, India"
recvcm48QPs4bCdA6,Sri Ramanugraha Shastri ji of Varanasi,Kashi & Ascetic Lineages,Needs Research,Tertiary,Medium,"Spiritual region maps to Kashi & Ascetic Lineages. Tier proposed as Tertiary because placement is contextual, inferred, or lower-confidence.",,,,,Kashi Region,(No Sampradaya),"Varanasi, Uttar Pradesh, India"
reckVqfkJ20Y7yOHa,"Sri Ramratan Das of Arail, Naini, Prayagraj ",Kashi & Ascetic Lineages,Needs Research,Tertiary,Medium,"Spiritual region maps to Kashi & Ascetic Lineages. Tier proposed as Tertiary because placement is contextual, inferred, or lower-confidence.",,,,,Prayag Region,(No Sampradaya),"Prayagraj, Uttar Pradesh, India"
recWO9W36FOMPA4fV,"Sri Sachcha Baba of Arail, Naini, Prayagraj",Kashi & Ascetic Lineages,Needs Research,Secondary,Medium,Spiritual region maps to Kashi & Ascetic Lineages. Tier proposed as Secondary because the record is a close family/lineage member or direct section fit.,Family FAM-048 is present but not mapped to a stronger section override; review family tree if this placement feels off.,FAM-048,,2,Prayag Region,(No Sampradaya),"Prayagraj, Uttar Pradesh, India"
rec0yLOQYHKiqOIBr,"Sri Sada Phaldeo Baba of Chatnang, Jhunsi, Prayaraj",Kashi & Ascetic Lineages,Needs Research,Tertiary,Medium,"Spiritual region maps to Kashi & Ascetic Lineages. Tier proposed as Tertiary because placement is contextual, inferred, or lower-confidence.",,,,,Prayag Region,(No Sampradaya),"Prayagraj, Uttar Pradesh, India"
rec6sKvYqzDrQkqNx,"Sri Sahajanand Saraswati of Rajguru Math, Shivala ghat, Varanasi ",Kashi & Ascetic Lineages,Needs Research,Tertiary,Medium,"Spiritual region maps to Kashi & Ascetic Lineages. Tier proposed as Tertiary because placement is contextual, inferred, or lower-confidence.",,,,,Kashi Region,(No Sampradaya),"Varanasi, Uttar Pradesh, India"
rec2QU4toeh0eFakF,"Sri Santosh Das Maharaj of Varanasi (Puskar Kund, Assi ghat)",Kashi & Ascetic Lineages,Needs Research,Tertiary,Medium,"Spiritual region maps to Kashi & Ascetic Lineages. Tier proposed as Tertiary because placement is contextual, inferred, or lower-confidence.",,,,,Kashi Region,Shaivaits,"Varanasi, Uttar Pradesh, India"
rectn6RozXvAQaqrc,"Sri Satchitanand ji Maharaj of Sarai Mohana, Varanasi",Kashi & Ascetic Lineages,Needs Research,Tertiary,Medium,"Spiritual region maps to Kashi & Ascetic Lineages. Tier proposed as Tertiary because placement is contextual, inferred, or lower-confidence.",,,,,Kashi Region,(No Sampradaya),"Varanasi, Uttar Pradesh, India"
recsM5RqQexMiagOH,Sri Satuwa Baba of Varanasi ,Kashi & Ascetic Lineages,Needs Research,Tertiary,Medium,"Spiritual region maps to Kashi & Ascetic Lineages. Tier proposed as Tertiary because placement is contextual, inferred, or lower-confidence.",,,,,Kashi Region,(No Sampradaya),"Varanasi, Uttar Pradesh, India"
recAcyV6Fcbao43j0,"Sri Shrimati Kalyani Vishwaas of Sri Sri Shyam Sundar Gaudya Math, Siliguri, Varanasi?",Kashi & Ascetic Lineages,Needs Research,Tertiary,Medium,"Spiritual region maps to Kashi & Ascetic Lineages. Tier proposed as Tertiary because placement is contextual, inferred, or lower-confidence.",,,,,"North Bengal
Kashi Region",(No Sampradaya),"Siliguri, West Bengal, India
Varanasi, Uttar Pradesh, India"
recbmZZEbqaWjErRx,Sri Siddhi Mata of Kashi,Kashi & Ascetic Lineages,Needs Research,Tertiary,Medium,"Spiritual region maps to Kashi & Ascetic Lineages. Tier proposed as Tertiary because placement is contextual, inferred, or lower-confidence.",,,,,Kashi Region,(No Sampradaya),"Varanasi, Uttar Pradesh, India"
recFn1iqXJiQoRQqn,"Sri Sivananda Baba of Varanasi (Block nr 20/4 Kabir Nagar, Kavir Upvan, Varanasi)",Kashi & Ascetic Lineages,Needs Research,Tertiary,Medium,"Spiritual region maps to Kashi & Ascetic Lineages. Tier proposed as Tertiary because placement is contextual, inferred, or lower-confidence.",,,,,Kashi Region,(No Sampradaya),"Varanasi, Uttar Pradesh, India"
recxWY7xOjsVCCA4M,"Sri Sri 1008 Nirmal Narayana Maharaj of Sri Narayani Ashram, Teliarganj",Kashi & Ascetic Lineages,Needs Research,Tertiary,Medium,"Spiritual region maps to Kashi & Ascetic Lineages. Tier proposed as Tertiary because placement is contextual, inferred, or lower-confidence.",,,,,Prayag Region,(No Sampradaya),"Teliarganj, Uttar Pradesh, India"
recDOshWXpf1JWm9N,"Sri Sri 1008 Shri Dandi Swami Nirwas Ji Maharaj of Niwas Shankar Math Shri Krishna Ashram, Machlibandhar, Varanasi",Kashi & Ascetic Lineages,Needs Research,Tertiary,Medium,"Spiritual region maps to Kashi & Ascetic Lineages. Tier proposed as Tertiary because placement is contextual, inferred, or lower-confidence.",,,,,Kashi Region,(No Sampradaya),"Varanasi, Uttar Pradesh, India"
recmGNszSfNafqLQY,Sri Sri 108 Baba Kankar Das of Prayagraj,Kashi & Ascetic Lineages,Needs Research,Tertiary,Medium,"Spiritual region maps to Kashi & Ascetic Lineages. Tier proposed as Tertiary because placement is contextual, inferred, or lower-confidence.",,,,,Prayag Region,(No Sampradaya),"Prayagraj, Uttar Pradesh, India"
rec3A21j0eMsyEC7e,Sri Sri 108 Parampujya Mahant Sri Lakshman Das ji Maharaj of Prayagraj,Kashi & Ascetic Lineages,Needs Research,Tertiary,Medium,"Spiritual region maps to Kashi & Ascetic Lineages. Tier proposed as Tertiary because placement is contextual, inferred, or lower-confidence.",,,,,Prayag Region,(No Sampradaya),"Prayagraj, Uttar Pradesh, India"
recBtdNYpXiIqKEvp,Sri Sri 108 Parampujya Mahant Sri Lakshman Dasji Maharaj of Prayagraj ,Kashi & Ascetic Lineages,Needs Research,Tertiary,Medium,"Spiritual region maps to Kashi & Ascetic Lineages. Tier proposed as Tertiary because placement is contextual, inferred, or lower-confidence.",,,,,Prayag Region,(No Sampradaya),"Prayagraj, Uttar Pradesh, India"
recbJ7PiGIsL2cUP7,"Sri Sri 108 Shoba Mataji of Sant Ashram, Varanasi ",Kashi & Ascetic Lineages,Needs Research,Tertiary,Medium,"Spiritual region maps to Kashi & Ascetic Lineages. Tier proposed as Tertiary because placement is contextual, inferred, or lower-confidence.",,,,,Kashi Region,(No Sampradaya),"Varanasi, Uttar Pradesh, India"
recenl7PVmCDcUlyS,Sri Sri 108 Swami Bhagavat Dasji of Varanasi ,Kashi & Ascetic Lineages,Needs Research,Tertiary,Medium,"Spiritual region maps to Kashi & Ascetic Lineages. Tier proposed as Tertiary because placement is contextual, inferred, or lower-confidence.",,,,,Kashi Region,(No Sampradaya),"Varanasi, Uttar Pradesh, India"
recaFd1XUPhjbEfZn,"Sri Sri Damodar Das ji Maharaj of Ram Janaki Mandir, Prayagraj ",Kashi & Ascetic Lineages,Needs Research,Tertiary,Medium,"Spiritual region maps to Kashi & Ascetic Lineages. Tier proposed as Tertiary because placement is contextual, inferred, or lower-confidence.",,,,,Prayag Region,(No Sampradaya),"Prayagraj, Uttar Pradesh, India"
rece4KEIawC0e52Hn,"Sri Sri Satya Gopal ji of Allerganj, Allahabad ",Kashi & Ascetic Lineages,Needs Research,Tertiary,Medium,"Spiritual region maps to Kashi & Ascetic Lineages. Tier proposed as Tertiary because placement is contextual, inferred, or lower-confidence.",,,,,Prayag Region,(No Sampradaya),"Aliganj, Prayagraj, Uttar Pradesh, India"
recaaTv1dtvNHHC2q,"Sri Sri Swami Vasudev Dasji  Tyagi Maharaj of Tapovan Ashram, Varanasi ",Kashi & Ascetic Lineages,Needs Research,Tertiary,Medium,"Spiritual region maps to Kashi & Ascetic Lineages. Tier proposed as Tertiary because placement is contextual, inferred, or lower-confidence.",,,,,Kashi Region,(No Sampradaya),"Varanasi, Uttar Pradesh, India"
recA18Pm6DOLH5ajY,"Sri Sudarshan Dasji of Ahraura, Mirzapur, U.P. ",Kashi & Ascetic Lineages,Needs Research,Secondary,Medium,Spiritual region maps to Kashi & Ascetic Lineages. Tier proposed as Secondary because the record is a close family/lineage member or direct section fit.,Family FAM-057 is present but not mapped to a stronger section override; review family tree if this placement feels off.,FAM-057,,2,Kashi Region,(No Sampradaya),"Mirzapur, Uttar Pradesh, India"
recJijPzQg8nW2GKk,"Sri Surendra Prashad Pandey of Near Lahiri Mahasaya House, Varanasi",Kashi & Ascetic Lineages,Needs Research,Tertiary,Medium,"Spiritual region maps to Kashi & Ascetic Lineages. Tier proposed as Tertiary because placement is contextual, inferred, or lower-confidence.",,,,,Kashi Region,(No Sampradaya),"Varanasi, Uttar Pradesh, India"
recEPQ8xm6dwknxwS,"Sri Swami Chidaghanananda Giri ji Maharaj of Ganga Tat, New Jhunse, Prayagraj",Kashi & Ascetic Lineages,Needs Research,Tertiary,Medium,"Spiritual region maps to Kashi & Ascetic Lineages. Tier proposed as Tertiary because placement is contextual, inferred, or lower-confidence.",,,,,Prayag Region,(No Sampradaya),"Prayagraj, Uttar Pradesh, India"
receHwdQZv2DbMqr8,"Sri Swami Mahadevanand Thirth of Kaamroop Math, Dashashwamedh Ghat, Varanasi",Kashi & Ascetic Lineages,Needs Research,Tertiary,Medium,"Spiritual region maps to Kashi & Ascetic Lineages. Tier proposed as Tertiary because placement is contextual, inferred, or lower-confidence.",,,,,Kashi Region,Shankaracharya Sampradaya,"Varanasi, Uttar Pradesh, India"
recMvomAbv4AKkte2,"Sri Swami Mahant Vicharanand Giri Maharaj of Bhagam bani, Bharatwaj Puri, Prayagraj ",Kashi & Ascetic Lineages,Needs Research,Tertiary,Medium,"Spiritual region maps to Kashi & Ascetic Lineages. Tier proposed as Tertiary because placement is contextual, inferred, or lower-confidence.",,,,,Prayag Region,(No Sampradaya),"Prayagraj, Uttar Pradesh, India"
reccunqD9m6z3jBCR,"Sri Swami Narayan Tirth Maharaj of Siddhayogi Ashram, Varanasi ",Kashi & Ascetic Lineages,Needs Research,Secondary,Medium,Spiritual region maps to Kashi & Ascetic Lineages. Tier proposed as Secondary because the record is a close family/lineage member or direct section fit.,Family FAM-078 is present but not mapped to a stronger section override; review family tree if this placement feels off.,FAM-078,,2,Kashi Region,(No Sampradaya),"Varanasi, Uttar Pradesh, India"
recg5YpGYnSfhxcnS,"Sri Swami Paramanand Saraswati (Someru Baba) of Sirgovardhanpur, Varanasi ",Kashi & Ascetic Lineages,Braj & Krishna Bhakti,Tertiary,Medium,"Spiritual region maps to Kashi & Ascetic Lineages. Tier proposed as Tertiary because placement is contextual, inferred, or lower-confidence.",,,,,Kashi Region,(No Sampradaya),"Varanasi, Uttar Pradesh, India"
recMPJGxTSmE5F2mJ,"Sri Swami Paramananda of Jhunsi, Prayagraj ",Kashi & Ascetic Lineages,Needs Research,Tertiary,Medium,"Spiritual region maps to Kashi & Ascetic Lineages. Tier proposed as Tertiary because placement is contextual, inferred, or lower-confidence.",,,,,Prayag Region,(No Sampradaya),"Prayagraj, Uttar Pradesh, India"
recvdUWPwDmPs9gcI,"Sri Swami Saligram Acharya Shastri of Sumeru Math, Varanasi ",Kashi & Ascetic Lineages,Needs Research,Tertiary,Medium,"Spiritual region maps to Kashi & Ascetic Lineages. Tier proposed as Tertiary because placement is contextual, inferred, or lower-confidence.",,,,,Kashi Region,(No Sampradaya),"Varanasi, Uttar Pradesh, India"
recZGXdXsTwRpOfc6,Sri Swami Shankar Purushottam Tirth Maharaj of Varanasi ,Kashi & Ascetic Lineages,Needs Research,Secondary,Medium,Spiritual region maps to Kashi & Ascetic Lineages. Tier proposed as Secondary because the record is a close family/lineage member or direct section fit.,Family FAM-078 is present but not mapped to a stronger section override; review family tree if this placement feels off.,FAM-078,,2,Kashi Region,(No Sampradaya),"Varanasi, Uttar Pradesh, India"
recYDBn6R0TmI6jK6,"Sri Swami Vitaraganand Saraswati (Nanga Baba) of Vitaragananda Saraswati Ashram Ramana,  ",Kashi & Ascetic Lineages,Needs Research,Tertiary,Medium,"Spiritual region maps to Kashi & Ascetic Lineages. Tier proposed as Tertiary because placement is contextual, inferred, or lower-confidence.",,,,,Kashi Region,(No Sampradaya),"Varanasi, Uttar Pradesh, India"
recVqP32AbkSAHMVz,Sri Tailanga Swami of Varanasi ,Kashi & Ascetic Lineages,Needs Research,Featured,Medium,Spiritual region maps to Kashi & Ascetic Lineages. Explicit archivalist featured saint override: Sri Tailanga Swami. Tier proposed as Featured because the record appears to anchor or lead a family cluster.,,,,,Kashi Region,(No Sampradaya),"Varanasi, Uttar Pradesh, India"
recT0EE3EhFE1u7LF,"Sri Yogiraj Gopal Das ji Maharaj of Arail, (Satsang Ashram), Naini, Prayagraj",Kashi & Ascetic Lineages,Needs Research,Tertiary,Medium,"Spiritual region maps to Kashi & Ascetic Lineages. Tier proposed as Tertiary because placement is contextual, inferred, or lower-confidence.",,,,,Prayag Region,(No Sampradaya),"Prayagraj, Uttar Pradesh, India"
recPsY71GwqYWDzP5,Balyogi Sri Sadanand Maharaj of Ganeshpuri,Maharashtra Guru Lineages,Needs Research,Secondary,High,Family override from FAM-013 (Sri Bhagavan Nityananda Family); family placement takes priority over geography. Tier proposed as Secondary because the record is a close family/lineage member or direct section fit.,Organize inside Maharashtra Guru Lineages using FAM-013 family context before geography.,FAM-013,,4,Maharashtra General,(No Sampradaya),"Ganeshpuri, Maharashtra, India"
recQXvcNsmb1AEp5Y,Mahamandaleshwar Sri Swami Brahmanand Giriji of Bombay,Maharashtra Guru Lineages,Needs Research,Tertiary,Medium,"Spiritual region maps to Maharashtra Guru Lineages. Tier proposed as Tertiary because placement is contextual, inferred, or lower-confidence.",,,,,Modern Guru Centers,(No Sampradaya),"Mumbai, Maharashtra, India"
recxpxbK3WtB5qNJR,Mahant Sri Nagaraj Baba Kalpate of Aurangabad,Maharashtra Guru Lineages,Needs Research,Tertiary,Medium,"Spiritual region maps to Maharashtra Guru Lineages. Tier proposed as Tertiary because placement is contextual, inferred, or lower-confidence.",,,,,Maharashtra General,(No Sampradaya),"Aurangabad, Maharashtra, India"
recrBWJhp5tKPlAgm,Mahant Sri Nagraj Baba Kalpate of Aurangabad,Maharashtra Guru Lineages,Needs Research,Tertiary,Medium,"Spiritual region maps to Maharashtra Guru Lineages. Tier proposed as Tertiary because placement is contextual, inferred, or lower-confidence.",,,,,Maharashtra General,(No Sampradaya),"Aurangabad, Maharashtra, India"
recjP8UEdrqzbmS49,Mahant Sri Nanak Giri Maharaj (Naga Baba) of Mumbai,Maharashtra Guru Lineages,Needs Research,Tertiary,Medium,"Spiritual region maps to Maharashtra Guru Lineages. Tier proposed as Tertiary because placement is contextual, inferred, or lower-confidence.",,,,,Modern Guru Centers,(No Sampradaya),"Mumbai, Maharashtra, India"
rec0H5f9DOSqBEYaf,Param Pujya Sadguru Premanand Swami Maharaj of Pune,Maharashtra Guru Lineages,Needs Research,Tertiary,Medium,"Spiritual region maps to Maharashtra Guru Lineages. Tier proposed as Tertiary because placement is contextual, inferred, or lower-confidence.",,,,,Modern Guru Centers,(No Sampradaya),"Pune, Maharashtra, India"
recPNwVtp8N539swc,"Paramahamsa Sri Anant Maharaj (Baba) of Akola, Maharashtra ",Maharashtra Guru Lineages,Needs Research,Tertiary,Medium,"Spiritual region maps to Maharashtra Guru Lineages. Tier proposed as Tertiary because placement is contextual, inferred, or lower-confidence.",,,,,Gajanan Maharaj & Vidarbha Saints,(No Sampradaya),"Akola, Maharashtra, India"
recrHwxTGSlqDn2Ff,Paramahamsa Sri Pundalik Baba of Murtyjapur,Maharashtra Guru Lineages,Needs Research,Secondary,Medium,Spiritual region maps to Maharashtra Guru Lineages. Tier proposed as Secondary because the record is a close family/lineage member or direct section fit.,Family FAM-030 is present but not mapped to a stronger section override; review family tree if this placement feels off.,FAM-030,,2,Gajanan Maharaj & Vidarbha Saints,(No Sampradaya),"Murtizapur, Maharashtra, India"
recOBef516igAnO5g,"Paramahamsa Sri Sadguru Aadaku Maharaj  of Varkhed, Amravati ",Maharashtra Guru Lineages,Needs Research,Tertiary,Medium,"Spiritual region maps to Maharashtra Guru Lineages. Tier proposed as Tertiary because placement is contextual, inferred, or lower-confidence.",,,,,Gajanan Maharaj & Vidarbha Saints,(No Sampradaya),"Amravati, Maharashtra, India"
rectcJacaJ3tjQG3Y,Paramahansa sri lahnuji maharaj,Maharashtra Guru Lineages,Needs Research,Tertiary,Medium,"Spiritual region maps to Maharashtra Guru Lineages. Tier proposed as Tertiary because placement is contextual, inferred, or lower-confidence.",,,,,Maharashtra General,(No Sampradaya),"Takarkhed, Maharashtra, India"
recP5x11FRPXMSRTj,Paramahansa Sri Satyadeva Maharaj of Bharwadi,Maharashtra Guru Lineages,Needs Research,Tertiary,Medium,"Spiritual region maps to Maharashtra Guru Lineages. Tier proposed as Tertiary because placement is contextual, inferred, or lower-confidence.",,,,,Maharashtra General,(No Sampradaya),Maharashtra
recpYUX5tRfimFzHh,"Paramahansa Sri Tukadoji Maharaj of Majhori, Amravati",Maharashtra Guru Lineages,Needs Research,Tertiary,Medium,"Spiritual region maps to Maharashtra Guru Lineages. Tier proposed as Tertiary because placement is contextual, inferred, or lower-confidence.",,,,,Gajanan Maharaj & Vidarbha Saints,(No Sampradaya),"Amravati, Maharashtra, India"
recwjVQBr8ZnvZgap,Parampuja Sri Bhagvan Narayan Pokrhe of Inglewadi ,Maharashtra Guru Lineages,Needs Research,Tertiary,Medium,"Spiritual region maps to Maharashtra Guru Lineages. Tier proposed as Tertiary because placement is contextual, inferred, or lower-confidence.",,,,,Modern Guru Centers,Avadhoot Sampradaya,"Inglewadi, Satara City, Maharashtra, India"
recj1Z8U2UixjGAOP,Sadhu T.L. Vaswani,Maharashtra Guru Lineages,Needs Research,Secondary,Medium,Spiritual region maps to Maharashtra Guru Lineages. Tier proposed as Secondary because the record is a close family/lineage member or direct section fit.,Family FAM-032 is present but not mapped to a stronger section override; review family tree if this placement feels off.,FAM-032,,2,Modern Guru Centers,(No Sampradaya),"Pune, Maharashtra, India"
recdCWFHtpGYHqE8F,"Same Saint the Tukadoji 40A Sri Tukadrodji Maharaj of Yavali, Amravati",Maharashtra Guru Lineages,Needs Research,Tertiary,Medium,"Spiritual region maps to Maharashtra Guru Lineages. Tier proposed as Tertiary because placement is contextual, inferred, or lower-confidence.",,,,,Gajanan Maharaj & Vidarbha Saints,(No Sampradaya),"Amravati, Maharashtra, India"
rec6wFtDN5bu69pIB,"Sant Sri Kumardas of Laul, Maharashtra ",Maharashtra Guru Lineages,Needs Research,Tertiary,Medium,"Spiritual region maps to Maharashtra Guru Lineages. Tier proposed as Tertiary because placement is contextual, inferred, or lower-confidence.",,,,,Maharashtra General,(No Sampradaya),Maharashtra
reciTw1tOyOvy78Ln,Sri Acharya Rajneesh (Osho) of Pune,Maharashtra Guru Lineages,Needs Research,Tertiary,Medium,"Spiritual region maps to Maharashtra Guru Lineages. Tier proposed as Tertiary because placement is contextual, inferred, or lower-confidence.",,,,,Modern Guru Centers,(No Sampradaya),"Pune, Maharashtra, India"
rec0CkGBX7uKd9y3o,Sri Adaneshwar Maharaj of Amravati,Maharashtra Guru Lineages,Needs Research,Tertiary,Medium,"Spiritual region maps to Maharashtra Guru Lineages. Tier proposed as Tertiary because placement is contextual, inferred, or lower-confidence.",,,,,Gajanan Maharaj & Vidarbha Saints,(No Sampradaya),"Amravati, Maharashtra, India"
recU0W9UAWA4dfJsd,Sri Anandrishi ji Maharaj of Ahmed Nagar,Maharashtra Guru Lineages,Needs Research,Tertiary,Medium,"Spiritual region maps to Maharashtra Guru Lineages. Tier proposed as Tertiary because placement is contextual, inferred, or lower-confidence.",,,,,Modern Guru Centers,(No Sampradaya),"Ahmednagar, Maharashtra, India"
reckCTwbniQyfKdob,"Sri Anashuya Mataji of Paradsinga, near Arunachala ",Maharashtra Guru Lineages,Needs Research,Secondary,Medium,Spiritual region maps to Maharashtra Guru Lineages. Tier proposed as Secondary because the record is a close family/lineage member or direct section fit.,Family FAM-030 is present but not mapped to a stronger section override; review family tree if this placement feels off.,FAM-030,,2,Maharashtra General,(No Sampradaya),Maharashtra
rec02LkzDAU34bATt,Sri Anil Maharaj Dikshit of Pune,Maharashtra Guru Lineages,Needs Research,Tertiary,Medium,"Spiritual region maps to Maharashtra Guru Lineages. Tier proposed as Tertiary because placement is contextual, inferred, or lower-confidence.",,,,,Modern Guru Centers,(No Sampradaya),"Pune, Maharashtra, India"
reccpvrpWa7fzEvK1,Sri Bachelors Gaokar Maharaj ,Maharashtra Guru Lineages,Needs Research,Tertiary,Medium,"Spiritual region maps to Maharashtra Guru Lineages. Tier proposed as Tertiary because placement is contextual, inferred, or lower-confidence.",,,,,Modern Guru Centers,(No Sampradaya),"Mumbai, Maharashtra, India"
rec6NG6MDSYvD0JT5,Sri Bala Sai Baba of Kurnool,Maharashtra Guru Lineages,Datta Tradition,Secondary,High,Family override from FAM-007 (Sai Family); family placement takes priority over geography. Explicit archivalist tier override: Sri Bala Sai Baba of Kurnool should be secondary. Tier proposed as Secondary because the record is a close family/lineage member or direct section fit.,Organize inside Maharashtra Guru Lineages using FAM-007 family context before geography.,FAM-007,,8,Datta & Advaita Belt,(No Sampradaya),"Kurnool, Andhra Pradesh, India"
recMJmizofyPI3niv,Sri Bansi Das Baba of Maharashtra,Maharashtra Guru Lineages,Needs Research,Tertiary,Medium,"Spiritual region maps to Maharashtra Guru Lineages. Tier proposed as Tertiary because placement is contextual, inferred, or lower-confidence.",,,,,Maharashtra General,(No Sampradaya),"Maharashtra, India"
recnSUUjt7RP46o88,"Sri Bausaheb Firke (Saupan Bhao) of Maknerakar, Badnera road, Amravati",Maharashtra Guru Lineages,Needs Research,Tertiary,Medium,"Spiritual region maps to Maharashtra Guru Lineages. Tier proposed as Tertiary because placement is contextual, inferred, or lower-confidence.",,,,,Gajanan Maharaj & Vidarbha Saints,(No Sampradaya),"Amravati, Maharashtra, India"
recR3GYnCgnZXfM5l,Sri Bhagavan Nityananda of Ganeshpuri ,Maharashtra Guru Lineages,Needs Research,Featured,High,Family override from FAM-013 (Sri Bhagavan Nityananda Family); family placement takes priority over geography. Tier proposed as Featured because the record appears to anchor or lead a family cluster.,Organize inside Maharashtra Guru Lineages using FAM-013 family context before geography.,FAM-013,,4,Maharashtra General,(No Sampradaya),"Ganeshpuri, Maharashtra, India"
recf1xnDk8dJTlUXG,"Sri Bhaijan Baba of Kasegaon, Pandharpur",Maharashtra Guru Lineages,Needs Research,Tertiary,Medium,"Spiritual region maps to Maharashtra Guru Lineages. Tier proposed as Tertiary because placement is contextual, inferred, or lower-confidence.",,,,,Maharashtra General,(No Sampradaya),"Kasegaon, Maharashtra, India"
rech5NjFF9igacZOG,Sri Bhaskar Maharaj of Shegaon,Maharashtra Guru Lineages,Needs Research,Secondary,Medium,Family override from FAM-021 (Sri Gajanan Maharaj Family); family placement takes priority over geography. Tier proposed as Secondary because the record is a close family/lineage member or direct section fit.,Organize inside Maharashtra Guru Lineages using FAM-021 family context before geography.,FAM-021,,3,Gajanan Maharaj & Vidarbha Saints,(No Sampradaya),"Adhgaon Village, Shegaon, Maharashtra, India"
recJQ2iCWUEbKv6h5,Sri Cheta Baba of Shirdi ,Maharashtra Guru Lineages,Needs Research,Tertiary,Medium,"Spiritual region maps to Maharashtra Guru Lineages. Tier proposed as Tertiary because placement is contextual, inferred, or lower-confidence.",,,,,Maharashtra General,(No Sampradaya),"Shirdi, Maharashtra, India"
recj0pvfoRB0aRYyx,Sri D.D. Rege of Pune ,Maharashtra Guru Lineages,Needs Research,Tertiary,Medium,"Spiritual region maps to Maharashtra Guru Lineages. Tier proposed as Tertiary because placement is contextual, inferred, or lower-confidence.",,,,,Modern Guru Centers,(No Sampradaya),"Pune, Maharashtra, India"
recyQbBAPywfZ41O2,Sri Dada Godsay of Pune ,Maharashtra Guru Lineages,Needs Research,Secondary,High,Family override from FAM-012 (Sri Samarth Ramdas Family); family placement takes priority over geography. Tier proposed as Secondary because the record is a close family/lineage member or direct section fit.,Organize inside Maharashtra Guru Lineages using FAM-012 family context before geography.,FAM-012,,5,Modern Guru Centers,(No Sampradaya),"Pune, Maharashtra, India"
recijV9iaAVLbXW2F,Sri Dada J.P. Vaswani of Pune,Maharashtra Guru Lineages,Needs Research,Secondary,Medium,Spiritual region maps to Maharashtra Guru Lineages. Tier proposed as Secondary because the record is a close family/lineage member or direct section fit.,Family FAM-032 is present but not mapped to a stronger section override; review family tree if this placement feels off.,FAM-032,,2,Modern Guru Centers,(No Sampradaya),"Pune, Maharashtra, India"
rec5ZuMYq2bhOYc1x,Sri Dada Karve of Pune ,Maharashtra Guru Lineages,Needs Research,Tertiary,Medium,"Spiritual region maps to Maharashtra Guru Lineages. Tier proposed as Tertiary because placement is contextual, inferred, or lower-confidence.",,,,,Modern Guru Centers,(No Sampradaya),"Pune, Maharashtra, India"
recj3tFdEZ16m85Qs,Sri Daji Maharaj (Bhaiya ji Maharaj) of Nagpur,Maharashtra Guru Lineages,Needs Research,Secondary,Medium,Family override from FAM-024 (Sri Tajuddin Baba Family); family placement takes priority over geography. Tier proposed as Secondary because the record is a close family/lineage member or direct section fit.,Organize inside Maharashtra Guru Lineages using FAM-024 family context before geography.,FAM-024,,3,Gajanan Maharaj & Vidarbha Saints,(No Sampradaya),"Nagpur, Maharashtra, India"
recNUYxXhqLlajDKR,"Sri Dondhi Raj Maharaj of Palus, Distr. Sangli, Maharashtra ",Maharashtra Guru Lineages,Needs Research,Tertiary,Medium,"Spiritual region maps to Maharashtra Guru Lineages. Tier proposed as Tertiary because placement is contextual, inferred, or lower-confidence.",,,,,Modern Guru Centers,(No Sampradaya),"Palus, Sangli, Maharashtra, India"
recawKW7EgbiMimB6,"Sri Doondhi Ram Baba of Kopargaon, Shirdi ",Maharashtra Guru Lineages,Needs Research,Tertiary,Medium,"Spiritual region maps to Maharashtra Guru Lineages. Tier proposed as Tertiary because placement is contextual, inferred, or lower-confidence.",,,,,Maharashtra General,(No Sampradaya),"Shirdi, Maharashtra, India"
recHrmmTo7VrP1YfY,Sri Gadgey Maharaj of Amravati ,Maharashtra Guru Lineages,Needs Research,Tertiary,Medium,"Spiritual region maps to Maharashtra Guru Lineages. Tier proposed as Tertiary because placement is contextual, inferred, or lower-confidence.",,,,,Gajanan Maharaj & Vidarbha Saints,(No Sampradaya),"Amravati, Maharashtra, India"
recOFdAquHaua3csH,Sri Gajanan Maharaj of Shegaon,Maharashtra Guru Lineages,Needs Research,Featured,Medium,Family override from FAM-021 (Sri Gajanan Maharaj Family); family placement takes priority over geography. Tier proposed as Featured because the record appears to anchor or lead a family cluster.,Organize inside Maharashtra Guru Lineages using FAM-021 family context before geography.,FAM-021,,3,Gajanan Maharaj & Vidarbha Saints,(No Sampradaya),"Shegaon, Maharashtra, India"
receOlzYXYfMbA94n,Sri Ganga Giri Maharaj of Sarla Bet (Close to Shirdi) ,Maharashtra Guru Lineages,Needs Research,Tertiary,Medium,"Spiritual region maps to Maharashtra Guru Lineages. Tier proposed as Tertiary because placement is contextual, inferred, or lower-confidence.",,,,,Maharashtra General,(No Sampradaya),"Shirdi, Maharashtra, India"
recZM3KMfTmphlQfL,"Sri Ganore Baba of Bhukum, near Pune",Maharashtra Guru Lineages,Needs Research,Secondary,Medium,Spiritual region maps to Maharashtra Guru Lineages. Tier proposed as Secondary because the record is a close family/lineage member or direct section fit.,Family FAM-047 is present but not mapped to a stronger section override; review family tree if this placement feels off.,FAM-047,,2,Modern Guru Centers,(No Sampradaya),"Pune, Maharashtra, India
Bhukum, Maharashtra, India"
recjqj3HtOfhT7hmY,Sri Godavari Mata,Maharashtra Guru Lineages,Needs Research,Secondary,High,Family override from FAM-007 (Sai Family); family placement takes priority over geography. Tier proposed as Secondary because the record is a close family/lineage member or direct section fit.,Organize inside Maharashtra Guru Lineages using FAM-007 family context before geography.,FAM-007,,8,Maharashtra General,(No Sampradaya),"Shirdi, Maharashtra, India"
recSRwoghGnzVJ9tA,Sri Gomaji Maharaj of Shegaon ,Maharashtra Guru Lineages,Needs Research,Tertiary,Medium,"Spiritual region maps to Maharashtra Guru Lineages. Tier proposed as Tertiary because placement is contextual, inferred, or lower-confidence.",,,,,Gajanan Maharaj & Vidarbha Saints,(No Sampradaya),"Shegaon, Maharashtra, India"
recl4gAipADCmXJrH,Sri Gondawalekar Maharaj of Gondavale,Maharashtra Guru Lineages,Needs Research,Tertiary,Medium,"Spiritual region maps to Maharashtra Guru Lineages. Tier proposed as Tertiary because placement is contextual, inferred, or lower-confidence.",,,,,Maharashtra General,(No Sampradaya),"Gondavale, Maharashtra, India"
rec8QbPLpAjtQSu4Q,Sri Gopal Das Baba of Maharashtra (Agastya Muni Ashram inside of the Ramtek temple complex),Maharashtra Guru Lineages,Needs Research,Tertiary,Medium,"Spiritual region maps to Maharashtra Guru Lineages. Tier proposed as Tertiary because placement is contextual, inferred, or lower-confidence.",,,,,Maharashtra General,(No Sampradaya),Maharashtra
recD87cmLZ5AdlVoC,Sri Gopal Padale of Pune,Maharashtra Guru Lineages,Needs Research,Tertiary,Medium,"Spiritual region maps to Maharashtra Guru Lineages. Tier proposed as Tertiary because placement is contextual, inferred, or lower-confidence.",,,,,Modern Guru Centers,(No Sampradaya),"Pune, Maharashtra, India"
recuIIGxf3QoRie5y,"Sri Gulabrao Baba of Madhan, Amravati, Maharashtra ",Maharashtra Guru Lineages,Needs Research,Tertiary,Medium,"Spiritual region maps to Maharashtra Guru Lineages. Tier proposed as Tertiary because placement is contextual, inferred, or lower-confidence.",,,,,Gajanan Maharaj & Vidarbha Saints,(No Sampradaya),"Amravati, Maharashtra, India"
recNUav0Zgh3pg5nd,Sri Gulabrao Maharaj of Madhan ,Maharashtra Guru Lineages,Needs Research,Tertiary,Medium,"Spiritual region maps to Maharashtra Guru Lineages. Tier proposed as Tertiary because placement is contextual, inferred, or lower-confidence.",,,,,Gajanan Maharaj & Vidarbha Saints,(No Sampradaya),"Madhan, Amravati, Maharashtra, India"
recZNrH2MWmQ8P6ly,Sri Guru Ram Naresh Das of Mumbai,Maharashtra Guru Lineages,Needs Research,Tertiary,Medium,"Spiritual region maps to Maharashtra Guru Lineages. Tier proposed as Tertiary because placement is contextual, inferred, or lower-confidence.",,,,,Modern Guru Centers,(No Sampradaya),"Mumbai, Maharashtra, India"
recGTf7AkPWc75SOV,Sri Hari Ram Bapa of Nagpur,Maharashtra Guru Lineages,Needs Research,Tertiary,Medium,"Spiritual region maps to Maharashtra Guru Lineages. Tier proposed as Tertiary because placement is contextual, inferred, or lower-confidence.",,,,,Gajanan Maharaj & Vidarbha Saints,(No Sampradaya),"Nagpur, Maharashtra, India"
recAzBZTh80FmTUJN,Sri Hazrat Babajan of Pune  ,Maharashtra Guru Lineages,Needs Research,Featured,High,Virtual curatorial Five Perfect Masters family for the Meher Baba era; Hazrat Babajan is one of the five perfect masters and should also be proposed as guru of Meher Baba. Tier proposed as Featured because the record appears to anchor or lead a family cluster.,Virtual curatorial Five Perfect Masters family for the Meher Baba era; Hazrat Babajan is one of the five perfect masters and should also be proposed as guru of Meher Baba.,FAM-007,CUR-FAM-FIVE-PERFECT-MASTERS,8,Modern Guru Centers,(No Sampradaya),"Pune, Maharashtra, India"
recUGf2K67AR5c59I,Sri Janardhana Giri (Swami) Maharaj of Ellora ,Maharashtra Guru Lineages,Needs Research,Secondary,High,Family override from FAM-014 (Sri Janardhana Giri (Swami) Maharaj Family); family placement takes priority over geography. Explicit archivalist override: Sri Janardhana Giri should be placed with Maharashtra and treated as secondary. Tier proposed as Secondary because the record is a close family/lineage member or direct section fit.,Organize inside Maharashtra Guru Lineages using FAM-014 family context before geography.,FAM-014,,4,Maharashtra General,(No Sampradaya),Maharashtra
rec6pWnu2V0k70rNU,Sri Jangali Maharaj of Pune,Maharashtra Guru Lineages,Needs Research,Tertiary,Medium,"Spiritual region maps to Maharashtra Guru Lineages. Tier proposed as Tertiary because placement is contextual, inferred, or lower-confidence.",,,,,Modern Guru Centers,(No Sampradaya),"Pune, Maharashtra, India"
recn1M2JOkfv9RJ4h,"Sri Kashi Nath Gagare Maharaj Dada of Mulund, Mumbai",Maharashtra Guru Lineages,Girnar & Nath Traditions,Secondary,Medium,Spiritual region maps to Maharashtra Guru Lineages. Tier proposed as Secondary because the record is a close family/lineage member or direct section fit.,Family FAM-056 is present but not mapped to a stronger section override; review family tree if this placement feels off.,FAM-056,,2,Modern Guru Centers,(No Sampradaya),"Mumbai, Maharashtra, India"
recRbtTJSQQPl9oqy,"Sri Katheshwar Maharaj Jodamoha, Yavatmal",Maharashtra Guru Lineages,Needs Research,Tertiary,Medium,"Spiritual region maps to Maharashtra Guru Lineages. Tier proposed as Tertiary because placement is contextual, inferred, or lower-confidence.",,,,,Maharashtra General,(No Sampradaya),Maharashtra
recqcXk64Jz6yzxsE,Sri Kedu Bapu Warni of Maharashtra ,Maharashtra Guru Lineages,Needs Research,Tertiary,Medium,"Spiritual region maps to Maharashtra Guru Lineages. Tier proposed as Tertiary because placement is contextual, inferred, or lower-confidence.",,,,,Maharashtra General,(No Sampradaya),Maharashtra
recgNOf4glMETdXjw,"Sri Khapti Baba Maharaj of Bhagalpur, Amravati ",Maharashtra Guru Lineages,Needs Research,Tertiary,Medium,"Spiritual region maps to Maharashtra Guru Lineages. Tier proposed as Tertiary because placement is contextual, inferred, or lower-confidence.",,,,,Gajanan Maharaj & Vidarbha Saints,(No Sampradaya),"Amravati, Maharashtra, India"
recAclecFyTw7dEIc,Sri Kuttiram Nityanand Swami of Ganeshpuri,Maharashtra Guru Lineages,Needs Research,Secondary,High,Family override from FAM-013 (Sri Bhagavan Nityananda Family); family placement takes priority over geography. Tier proposed as Secondary because the record is a close family/lineage member or direct section fit.,Organize inside Maharashtra Guru Lineages using FAM-013 family context before geography.,FAM-013,,4,Maharashtra General,(No Sampradaya),"Ganeshpuri, Maharashtra, India"
recSrBwSNp68fQDXg,Sri Mahant Badri Maharaj of Murtyjapur,Maharashtra Guru Lineages,Needs Research,Tertiary,Medium,"Spiritual region maps to Maharashtra Guru Lineages. Tier proposed as Tertiary because placement is contextual, inferred, or lower-confidence.",,,,,Gajanan Maharaj & Vidarbha Saints,(No Sampradaya),"Murtizapur, Maharashtra, India"
rechEcLuXGdjEaQqv,"Sri Mai Swarup Mai Markand of Petlad, Gujarat ",Maharashtra Guru Lineages,Gujarat & Swaminarayan Traditions,Tertiary,Medium,"Spiritual region maps to Maharashtra Guru Lineages. Tier proposed as Tertiary because placement is contextual, inferred, or lower-confidence.",,,,,Modern Guru Centers,(No Sampradaya),"Gujarat
Mumbai, Maharashtra, India"
recGN3z8hfy3Z0qqU,Sri Meher Baba of Pune  ,Maharashtra Guru Lineages,Needs Research,Featured,High,Virtual curatorial Five Perfect Masters family for the Meher Baba era; Meher Baba is grouped here through Hazrat Babajan and the five perfect masters context. Explicit archivalist featured saint override: Sri Meher Baba. Tier proposed as Featured because the record appears to anchor or lead a family cluster.,Virtual curatorial Five Perfect Masters family for the Meher Baba era; Meher Baba is grouped here through Hazrat Babajan and the five perfect masters context.,FAM-007,CUR-FAM-FIVE-PERFECT-MASTERS,8,Modern Guru Centers,(No Sampradaya),"Pune, Maharashtra, India"
rectIOEaE15eMvB2I,"Sri Mohan Maharaj of Dabha, Yavatmal",Maharashtra Guru Lineages,Needs Research,Tertiary,Medium,"Spiritual region maps to Maharashtra Guru Lineages. Tier proposed as Tertiary because placement is contextual, inferred, or lower-confidence.",,,,,Modern Guru Centers,(No Sampradaya),"Dabha, Yavatmal, Maharashtra, India"
recy6Rv2XKYBOv5Rx,Sri Mungsaji Maharaj of Dhamangaon,Maharashtra Guru Lineages,Needs Research,Tertiary,Medium,"Spiritual region maps to Maharashtra Guru Lineages. Tier proposed as Tertiary because placement is contextual, inferred, or lower-confidence.",,,,,Gajanan Maharaj & Vidarbha Saints,(No Sampradaya),"Dhamangaon, Maharashtra, India"
recF1or1OUVOYuJkU,Sri Mungsaji Maharaj of Dhamangaon (Dev) ,Maharashtra Guru Lineages,Needs Research,Tertiary,Medium,"Spiritual region maps to Maharashtra Guru Lineages. Tier proposed as Tertiary because placement is contextual, inferred, or lower-confidence.",,,,,Maharashtra General,(No Sampradaya),Maharashtra
recFeb8DyNtLuEtfs,Sri Naamdevji Maharaj of Pandharpur/Kolhapur,Maharashtra Guru Lineages,Needs Research,Secondary,Medium,Spiritual region maps to Maharashtra Guru Lineages. Tier proposed as Secondary because the record is a close family/lineage member or direct section fit.,Family FAM-059 is present but not mapped to a stronger section override; review family tree if this placement feels off.,FAM-059,,2,Maharashtra General,(No Sampradaya),Maharashtra
recAuyUpWJwYAe09C,Sri Namdev Maharaj ,Maharashtra Guru Lineages,Needs Research,Tertiary,Medium,"Spiritual region maps to Maharashtra Guru Lineages. Tier proposed as Tertiary because placement is contextual, inferred, or lower-confidence.",,,,,Maharashtra General,(No Sampradaya),Maharashtra
recYv5XmYhIGNPVAM,"Sri Nara Hari Nath of Deulgaon Raja, district Buldhana, Maharashtra",Maharashtra Guru Lineages,Girnar & Nath Traditions,Tertiary,Medium,"Spiritual region maps to Maharashtra Guru Lineages. Tier proposed as Tertiary because placement is contextual, inferred, or lower-confidence.",,,,,Gajanan Maharaj & Vidarbha Saints,(No Sampradaya),"Deulgaon Raja, Maharashtra, India"
rec7rcJAHv3rsPsZN,Sri Narayan Maharaj of Khedgoan Bed ,Maharashtra Guru Lineages,Needs Research,Featured,High,Virtual curatorial Five Perfect Masters family for the Meher Baba era; Narayan Maharaj of Khedgoan Bed is one of the five perfect masters. Tier proposed as Featured because the record appears to anchor or lead a family cluster.,Virtual curatorial Five Perfect Masters family for the Meher Baba era; Narayan Maharaj of Khedgoan Bed is one of the five perfect masters.,,CUR-FAM-FIVE-PERFECT-MASTERS,,Modern Guru Centers,(No Sampradaya),"Khedgoan Bed, Nashik, Maharashtra, India"
recxjM8XNprzBWzuT,Sri Neem Karoli Baba of Nainital ,Maharashtra Guru Lineages,Needs Research,Tertiary,Medium,"Spiritual region maps to Maharashtra Guru Lineages. Tier proposed as Tertiary because placement is contextual, inferred, or lower-confidence.",,,,,Maharashtra General,(No Sampradaya),"Shirdi, Maharashtra, India"
recP6ZuudBjVjGptl,Sri Nilkanta Gopal Rao Garge Baba (Nilya das Maharaj) of Nagpur,Maharashtra Guru Lineages,Needs Research,Tertiary,Medium,"Spiritual region maps to Maharashtra Guru Lineages. Tier proposed as Tertiary because placement is contextual, inferred, or lower-confidence.",,,,,Gajanan Maharaj & Vidarbha Saints,(No Sampradaya),"Nagpur, Maharashtra, India"
rec4qEC7ulyTcyLkM,Sri Param Pujya Annabua Kalgaonkar of Pune ,Maharashtra Guru Lineages,Needs Research,Tertiary,Medium,"Spiritual region maps to Maharashtra Guru Lineages. Tier proposed as Tertiary because placement is contextual, inferred, or lower-confidence.",,,,,Modern Guru Centers,(No Sampradaya),"Pune, Maharashtra, India"
rec2PuNslTf3gc437,Sri Parama Pujya Sevakdas Maharaj of Pune ,Maharashtra Guru Lineages,Needs Research,Tertiary,Medium,"Spiritual region maps to Maharashtra Guru Lineages. Tier proposed as Tertiary because placement is contextual, inferred, or lower-confidence.",,,,,Modern Guru Centers,(No Sampradaya),"Pune, Maharashtra, India"
recBmh3Lo44Fj6om0,"Sri Paramahansa Lahanu ji Maharaj of Takarkhed, near Amravati",Maharashtra Guru Lineages,Needs Research,Tertiary,Medium,"Spiritual region maps to Maharashtra Guru Lineages. Tier proposed as Tertiary because placement is contextual, inferred, or lower-confidence.",,,,,Gajanan Maharaj & Vidarbha Saints,(No Sampradaya),"Amravati, Maharashtra, India"
rec3nvB9eJa9oBCnp,Sri Paramananda Giri Maharaj of Aurangabad,Maharashtra Guru Lineages,Needs Research,Secondary,High,Family override from FAM-014 (Sri Janardhana Giri (Swami) Maharaj Family); family placement takes priority over geography. Tier proposed as Secondary because the record is a close family/lineage member or direct section fit.,Organize inside Maharashtra Guru Lineages using FAM-014 family context before geography.,FAM-014,,4,Maharashtra General,(No Sampradaya),"Aurangabad, Maharashtra, India"
recZnqb1WnXsGOQSU,Sri Poornawad Vardishnu Adv Sri Vishnu Maharaj Parnerkar of Parner/ Indore,Maharashtra Guru Lineages,Needs Research,Tertiary,Medium,"Spiritual region maps to Maharashtra Guru Lineages. Tier proposed as Tertiary because placement is contextual, inferred, or lower-confidence.",,,,,Maharashtra General,(No Sampradaya),"Parner, Maharashtra, India"
recfe5QdcSErCpP2z,Sri Rajdhar Baba of Shirdi ,Maharashtra Guru Lineages,Needs Research,Tertiary,Medium,"Spiritual region maps to Maharashtra Guru Lineages. Tier proposed as Tertiary because placement is contextual, inferred, or lower-confidence.",,,,,Maharashtra General,(No Sampradaya),"Shirdi, Maharashtra, India"
rec3ke5uNczm1awEG,"Sri Ram Lakhan Das of Yavatmal, Maharashtra",Maharashtra Guru Lineages,Needs Research,Tertiary,Medium,"Spiritual region maps to Maharashtra Guru Lineages. Tier proposed as Tertiary because placement is contextual, inferred, or lower-confidence.",,,,,Maharashtra General,(No Sampradaya),"Yavatmal, Maharashtra, India"
rechHQDagDzmqLCU1,"Sri Ram Maruti Maharaj of Kalyan West, Mumbai",Maharashtra Guru Lineages,Needs Research,Tertiary,Medium,"Spiritual region maps to Maharashtra Guru Lineages. Tier proposed as Tertiary because placement is contextual, inferred, or lower-confidence.",,,,,Modern Guru Centers,(No Sampradaya),"Mumbai, Maharashtra, India"
rechOfsSXMM1IK31M,"Sri Ramdasi Maharaj of Kopargaon, Shirdi ",Maharashtra Guru Lineages,Needs Research,Tertiary,Medium,"Spiritual region maps to Maharashtra Guru Lineages. Tier proposed as Tertiary because placement is contextual, inferred, or lower-confidence.",,,,,Maharashtra General,(No Sampradaya),"Shirdi, Maharashtra, India"
recQ5DGaZMFXI6ehA,"Sri Sacchidanand Maniram Maharaj (Baba) of Baggi, Amravati ",Maharashtra Guru Lineages,Needs Research,Tertiary,Medium,"Spiritual region maps to Maharashtra Guru Lineages. Tier proposed as Tertiary because placement is contextual, inferred, or lower-confidence.",,,,,Gajanan Maharaj & Vidarbha Saints,(No Sampradaya),"Nagpur, Maharashtra, India"
recyqDSlI3kLiKlQm,Sri Sadguru Satyanath Maharaj of Devgaon Rangari ,Maharashtra Guru Lineages,Girnar & Nath Traditions,Tertiary,Medium,"Spiritual region maps to Maharashtra Guru Lineages. Tier proposed as Tertiary because placement is contextual, inferred, or lower-confidence.",,,,,Maharashtra General,(No Sampradaya),"Devgaon Rangari, Maharashtra, India"
recAriDLsmc6YkbHp,Sri Sadguru Vyankatnath Maharaj of Devgaon Rangari ,Maharashtra Guru Lineages,Girnar & Nath Traditions,Tertiary,Medium,"Spiritual region maps to Maharashtra Guru Lineages. Tier proposed as Tertiary because placement is contextual, inferred, or lower-confidence.",,,,,Maharashtra General,(No Sampradaya),"Devgaon Rangari, Maharashtra, India"
recOLX82JkUZWZ9JI,Sri Sahajanand Swami Maharaj of Mumbai,Maharashtra Guru Lineages,Needs Research,Tertiary,Medium,"Spiritual region maps to Maharashtra Guru Lineages. Tier proposed as Tertiary because placement is contextual, inferred, or lower-confidence.",,,,,Modern Guru Centers,(No Sampradaya),"Mumbai, Maharashtra, India"
recGEIWNEVAl8sEpg,Sri Sai Kaka of Sangli (near Kolhapur),Maharashtra Guru Lineages,Needs Research,Tertiary,Medium,"Spiritual region maps to Maharashtra Guru Lineages. Tier proposed as Tertiary because placement is contextual, inferred, or lower-confidence.",,,,,Maharashtra General,(No Sampradaya),"Sangli, Maharashtra, India"
recKQvAzazop2jggr,Sri Sai Leela Amma of Andhra Pradesh,Maharashtra Guru Lineages,Andhra Avadhuta & Datta-Advaita Lineages,Secondary,High,Family override from FAM-007 (Sai Family); family placement takes priority over geography. Tier proposed as Secondary because the record is a close family/lineage member or direct section fit.,Organize inside Maharashtra Guru Lineages using FAM-007 family context before geography.,FAM-007,,8,Andhra Pradesh General,(No Sampradaya),"Andhra Pradesh, India"
recdSaWxQfj3RnIDO,Sri Saligram Swami of Ganeshpuri ,Maharashtra Guru Lineages,Needs Research,Secondary,High,Family override from FAM-013 (Sri Bhagavan Nityananda Family); family placement takes priority over geography. Tier proposed as Secondary because the record is a close family/lineage member or direct section fit.,Organize inside Maharashtra Guru Lineages using FAM-013 family context before geography.,FAM-013,,4,Maharashtra General,(No Sampradaya),"Ganeshpuri, Maharashtra, India"
rechbrrxmLttpXdhn,Sri Samarth Ramdas of Sajjangad,Maharashtra Guru Lineages,Needs Research,Tertiary,Medium,"Spiritual region maps to Maharashtra Guru Lineages. Tier proposed as Tertiary because placement is contextual, inferred, or lower-confidence.",,,,,"Modern Guru Centers
Samarth Ramdas Tradition",(No Sampradaya),"Pune, Maharashtra, India
Sajjangad, Maharashtra, India"
recfi9BOPvQP4SGAE,"Sri Samarth Ramdas of Sajjangad, Maharashtra",Maharashtra Guru Lineages,Needs Research,Featured,High,Family override from FAM-012 (Sri Samarth Ramdas Family); family placement takes priority over geography. Tier proposed as Featured because the record appears to anchor or lead a family cluster.,Organize inside Maharashtra Guru Lineages using FAM-012 family context before geography.,FAM-012,,5,"Modern Guru Centers
Samarth Ramdas Tradition",(No Sampradaya),"Pune, Maharashtra, India
Sajjangad, Maharashtra, India"
recQ8mCttJwdIeilt,Sri Samarth Sadguru Khedekar Baba of Mumbai,Maharashtra Guru Lineages,Needs Research,Tertiary,Medium,"Spiritual region maps to Maharashtra Guru Lineages. Tier proposed as Tertiary because placement is contextual, inferred, or lower-confidence.",,,,,Modern Guru Centers,(No Sampradaya),"Mumbai, Maharashtra, India"
recj7tGgKoauOaM4r,Sri Samarth Sadguru Kisangiri Baba,Maharashtra Guru Lineages,Needs Research,Tertiary,Medium,"Spiritual region maps to Maharashtra Guru Lineages. Tier proposed as Tertiary because placement is contextual, inferred, or lower-confidence.",,,,,Gajanan Maharaj & Vidarbha Saints,(No Sampradaya),"Godhegaon, Maharashtra, India"
recQUXaZbAiVO4e7P,Sri Samarth Sadguru Mauli Appa Maharaj of Mumbai,Maharashtra Guru Lineages,Needs Research,Tertiary,Medium,"Spiritual region maps to Maharashtra Guru Lineages. Tier proposed as Tertiary because placement is contextual, inferred, or lower-confidence.",,,,,Modern Guru Centers,(No Sampradaya),"Mumbai, Maharashtra, India"
reccc5sNaj8Vscimk,"Sri Samarth Yogiraj Govinda Maharaj of Maknerakar, Badnera road, Amravati",Maharashtra Guru Lineages,Needs Research,Tertiary,Medium,"Spiritual region maps to Maharashtra Guru Lineages. Tier proposed as Tertiary because placement is contextual, inferred, or lower-confidence.",,,,,Gajanan Maharaj & Vidarbha Saints,(No Sampradaya),"Amravati, Maharashtra, India"
recdIJbhgX9MwqP9W,"Sri Sanjivan Swami of Nazare, Maharashtra ",Maharashtra Guru Lineages,Needs Research,Tertiary,Medium,"Spiritual region maps to Maharashtra Guru Lineages. Tier proposed as Tertiary because placement is contextual, inferred, or lower-confidence.",,,,,Modern Guru Centers,(No Sampradaya),"Nazare, Maharashtra, India"
reciBIEhPusrMNpq0,Sri Sant Gulap Baba Maharaj of Nagpur,Maharashtra Guru Lineages,Needs Research,Tertiary,Medium,"Spiritual region maps to Maharashtra Guru Lineages. Tier proposed as Tertiary because placement is contextual, inferred, or lower-confidence.",,,,,Gajanan Maharaj & Vidarbha Saints,(No Sampradaya),"Nagpur, Maharashtra, India
Shegaon, Maharashtra, India"
rec9cGrqgBRNKmfQV,Sri Sathya Sai Baba of Puttaparthi,Maharashtra Guru Lineages,Needs Research,Featured,High,Family override from FAM-007 (Sai Family); family placement takes priority over geography. Explicit archivalist featured saint override: Sri Satya Sai Baba. Tier proposed as Featured because the record appears to anchor or lead a family cluster.,Organize inside Maharashtra Guru Lineages using FAM-007 family context before geography.,FAM-007,,8,Modern Saints,(No Sampradaya),"Puttaparthi, Andhra Pradesh, India"
rec0WHeheDqNQnKw4,Sri Shafi Baba Kadari (Taji) of Nagpur,Maharashtra Guru Lineages,Needs Research,Secondary,Medium,Family override from FAM-024 (Sri Tajuddin Baba Family); family placement takes priority over geography. Tier proposed as Secondary because the record is a close family/lineage member or direct section fit.,Organize inside Maharashtra Guru Lineages using FAM-024 family context before geography.,FAM-024,,3,Gajanan Maharaj & Vidarbha Saints,(No Sampradaya),"Nagpur, Maharashtra, India"
recRnVf9eR7izgH7r,Sri Shankar Maharaj of Pune ,Maharashtra Guru Lineages,Needs Research,Tertiary,Medium,"Spiritual region maps to Maharashtra Guru Lineages. Tier proposed as Tertiary because placement is contextual, inferred, or lower-confidence.",,,,,Modern Guru Centers,(No Sampradaya),"Pune, Maharashtra, India"
rec9kMxYCspmmByD1,Sri Shanti Giri Maharaj of Ellora ,Maharashtra Guru Lineages,Needs Research,Secondary,High,Family override from FAM-014 (Sri Janardhana Giri (Swami) Maharaj Family); family placement takes priority over geography. Tier proposed as Secondary because the record is a close family/lineage member or direct section fit.,Organize inside Maharashtra Guru Lineages using FAM-014 family context before geography.,FAM-014,,4,Maharashtra General,(No Sampradaya),Maharashtra
recDQE3wQ8BNrmIpR,Sri Shirdi Sai Baba of Shirdi ,Maharashtra Guru Lineages,Needs Research,Featured,High,"Virtual curatorial Five Perfect Masters family for the Meher Baba era: Shirdi Sai Baba, Upasni Maharaj, Hazrat Babajan, Hazrat Tajuddin Baba, and Narayan Maharaj of Khedgoan Bed are grouped together as featured anchors. Explicit archivalist featured saint override: Sri Shirdi Sai Baba. Tier proposed as Featured because the record appears to anchor or lead a family cluster.","Virtual curatorial Five Perfect Masters family for the Meher Baba era: Shirdi Sai Baba, Upasni Maharaj, Hazrat Babajan, Hazrat Tajuddin Baba, and Narayan Maharaj of Khedgoan Bed are grouped together as featured anchors.",FAM-007,CUR-FAM-FIVE-PERFECT-MASTERS,8,Maharashtra General,(No Sampradaya),"Shirdi, Maharashtra, India"
rec8ob3C56Q6tv3kb,Sri Shivaji Maharaj of Maharashtra,Maharashtra Guru Lineages,Needs Research,Secondary,High,Family override from FAM-012 (Sri Samarth Ramdas Family); family placement takes priority over geography. Tier proposed as Secondary because the record is a close family/lineage member or direct section fit.,Organize inside Maharashtra Guru Lineages using FAM-012 family context before geography.,FAM-012,,5,Maharashtra General,(No Sampradaya),Maharashtra
recGtVWuUclVacwiB,Sri Shridhar Swami of Varadpur ,Maharashtra Guru Lineages,Needs Research,Secondary,High,Family override from FAM-012 (Sri Samarth Ramdas Family); family placement takes priority over geography. Tier proposed as Secondary because the record is a close family/lineage member or direct section fit.,Organize inside Maharashtra Guru Lineages using FAM-012 family context before geography.,FAM-012,,5,Modern Guru Centers,(No Sampradaya),"Pune, Maharashtra, India
Varadpur, Maharashtra, India"
receIynkBW4fKg51J,"Sri Shridhar Swami of Varadpur (Rest see 26,C)",Maharashtra Guru Lineages,Needs Research,Tertiary,Medium,"Spiritual region maps to Maharashtra Guru Lineages. Tier proposed as Tertiary because placement is contextual, inferred, or lower-confidence.",,,,,Maharashtra General,(No Sampradaya),"Varadpur, Maharashtra, India"
recTIOdpMF3LdC5vs,Sri Sindhu Tai Sapkal of Pune,Maharashtra Guru Lineages,Needs Research,Tertiary,Medium,"Spiritual region maps to Maharashtra Guru Lineages. Tier proposed as Tertiary because placement is contextual, inferred, or lower-confidence.",,,,,Modern Guru Centers,(No Sampradaya),"Pune, Maharashtra, India"
recQvIm2NIXuAvutD,"Sri Sita Mai of Bhukum, near Pune ",Maharashtra Guru Lineages,Needs Research,Secondary,Medium,Spiritual region maps to Maharashtra Guru Lineages. Tier proposed as Secondary because the record is a close family/lineage member or direct section fit.,Family FAM-047 is present but not mapped to a stronger section override; review family tree if this placement feels off.,FAM-047,,2,Modern Guru Centers,(No Sampradaya),"Pune, Maharashtra, India"
recVHeFkChYKxsFTK,"Sri Sri Sri Dattaguru Sadananda Maharaj of Rayapura, Hubli",Maharashtra Guru Lineages,Needs Research,Tertiary,Medium,"Spiritual region maps to Maharashtra Guru Lineages. Tier proposed as Tertiary because placement is contextual, inferred, or lower-confidence.",,,,,Modern Guru Centers,(No Sampradaya),"Mumbai, Maharashtra, India"
rec1JNVZnk25o8hWT,Sri Swami Janardhan Moungiri Maharaj of Shirdi/Nashik,Maharashtra Guru Lineages,Needs Research,Tertiary,Medium,"Spiritual region maps to Maharashtra Guru Lineages. Tier proposed as Tertiary because placement is contextual, inferred, or lower-confidence.",,,,,Maharashtra General,(No Sampradaya),"Shirdi, Maharashtra, India
Nashik, Maharashtra, India"
rec4A1h4js5LeKTIs,"Sri Swami Tukaram Maharaj of Mohapa, Nagpur",Maharashtra Guru Lineages,Needs Research,Tertiary,Medium,"Spiritual region maps to Maharashtra Guru Lineages. Tier proposed as Tertiary because placement is contextual, inferred, or lower-confidence.",,,,,Gajanan Maharaj & Vidarbha Saints,(No Sampradaya),"Nagpur, Maharashtra, India"
rec4rh937R1MnqVKY,"Sri Tai Maharaj of Undirkhed, Tal - Parola district, Jalgaon Maharashtra ṁ, Sri Nath Tai Maharaj Ban Math",Maharashtra Guru Lineages,Girnar & Nath Traditions,Tertiary,Medium,"Spiritual region maps to Maharashtra Guru Lineages. Tier proposed as Tertiary because placement is contextual, inferred, or lower-confidence.",,,,,Modern Guru Centers,(No Sampradaya),"Pune, Maharashtra, India
Undirkhed, Jalgaon, Maharashtra, India"
recZxEDfwSCOpkXyC,Sri Tajuddin Baba (Auliya) of Nagpur,Maharashtra Guru Lineages,Needs Research,Featured,High,Virtual curatorial Five Perfect Masters family for the Meher Baba era; Hazrat Tajuddin Baba is one of the five perfect masters. Tier proposed as Featured because the record appears to anchor or lead a family cluster.,Virtual curatorial Five Perfect Masters family for the Meher Baba era; Hazrat Tajuddin Baba is one of the five perfect masters.,FAM-024,CUR-FAM-FIVE-PERFECT-MASTERS,3,Gajanan Maharaj & Vidarbha Saints,(No Sampradaya),"Nagpur, Maharashtra, India"
recbVJyIpBv0QzhYT,Sri Tapaswini Subhadra Tai Kapate of Aurangabad,Maharashtra Guru Lineages,Needs Research,Tertiary,Medium,"Spiritual region maps to Maharashtra Guru Lineages. Tier proposed as Tertiary because placement is contextual, inferred, or lower-confidence.",,,,,Maharashtra General,(No Sampradaya),"Aurangabad, Maharashtra, India"
recV8xezfabpzSS0B,Sri Upasani Maharaj of Shirdi,Maharashtra Guru Lineages,Needs Research,Featured,High,Virtual curatorial Five Perfect Masters family for the Meher Baba era; Upasni Maharaj is one of the five perfect masters. Tier proposed as Featured because the record appears to anchor or lead a family cluster.,Virtual curatorial Five Perfect Masters family for the Meher Baba era; Upasni Maharaj is one of the five perfect masters.,FAM-007,CUR-FAM-FIVE-PERFECT-MASTERS,8,Maharashtra General,Advaita Vedanta,"Sakori, Maharashtra, India"
recJXZNx2WpNhxM8f,Sri Vakildas Maharaj of Mumbai,Maharashtra Guru Lineages,Needs Research,Tertiary,Medium,"Spiritual region maps to Maharashtra Guru Lineages. Tier proposed as Tertiary because placement is contextual, inferred, or lower-confidence.",,,,,Modern Guru Centers,(No Sampradaya),"Mumbai, Maharashtra, India"
recCGUZ0GOInZQ8y3,"Sri Vena Bai Swami of Miraj, Kolhapur (Veena Bai) ",Maharashtra Guru Lineages,Varkari,Secondary,High,Family override from FAM-012 (Sri Samarth Ramdas Family); family placement takes priority over geography. Tier proposed as Secondary because the record is a close family/lineage member or direct section fit.,Organize inside Maharashtra Guru Lineages using FAM-012 family context before geography.,FAM-012,,5,"Varkari Heartland
Datta Sampradaya Belt",(No Sampradaya),"Miraj, Maharashtra, India
Kolhapur, Maharashtra, India"
reckIAnRCfjle4JRW,Sri Vidhyanand Maharaj of Belapur ,Maharashtra Guru Lineages,Needs Research,Tertiary,Medium,"Spiritual region maps to Maharashtra Guru Lineages. Tier proposed as Tertiary because placement is contextual, inferred, or lower-confidence.",,,,,Modern Guru Centers,(No Sampradaya),"Belapur, Maharashtra, India"
rec0yiz9d45vJ6cPc,"Sri Visnudas Maharaj of Mahurgad, Maharashtra ",Maharashtra Guru Lineages,Needs Research,Tertiary,Medium,"Spiritual region maps to Maharashtra Guru Lineages. Tier proposed as Tertiary because placement is contextual, inferred, or lower-confidence.",,,,,Maharashtra General,(No Sampradaya),"Mahurgad, Maharashtra, India"
recBoVUB4hxdIIb1Q,Sri Yakobhu Sithar of Mumbai,Maharashtra Guru Lineages,Needs Research,Tertiary,Medium,"Spiritual region maps to Maharashtra Guru Lineages. Tier proposed as Tertiary because placement is contextual, inferred, or lower-confidence.",,,,,Modern Guru Centers,(No Sampradaya),"Mumbai, Maharashtra, India"
recops2O0wjNvudCR,Vasudev Maharaj,Maharashtra Guru Lineages,Needs Research,Secondary,Medium,Family override from FAM-021 (Sri Gajanan Maharaj Family); family placement takes priority over geography. Tier proposed as Secondary because the record is a close family/lineage member or direct section fit.,Organize inside Maharashtra Guru Lineages using FAM-021 family context before geography.,FAM-021,,3,,(No Sampradaya),
reclumnW5MtrewhEz,Vidya Nilangekar of Pune,Maharashtra Guru Lineages,Needs Research,Tertiary,Medium,"Spiritual region maps to Maharashtra Guru Lineages. Tier proposed as Tertiary because placement is contextual, inferred, or lower-confidence.",,,,,Modern Guru Centers,(No Sampradaya),"Pune, Maharashtra, India"
reciyrgOojXeOfKz7,Acharya Sri Nirmal Saga Ji Maharaj,Needs Research,,Tertiary,Low,"No strong family, sampradaya, or spiritual-region section could be inferred. Tier proposed as Tertiary because placement is contextual, inferred, or lower-confidence.",,,,,,(No Sampradaya),
reciZN7K0OfQrQmja,Bhramaananda swami,Needs Research,,Tertiary,Low,"No strong family, sampradaya, or spiritual-region section could be inferred. Tier proposed as Tertiary because placement is contextual, inferred, or lower-confidence.",,,,,,(No Sampradaya),
recV2LxEpbPKlNygx,Brahmrishi Sri Vishwatma Bawra Ji Maharaj of Chandigarh ,Needs Research,,Tertiary,Low,"No strong family, sampradaya, or spiritual-region section could be inferred. Tier proposed as Tertiary because placement is contextual, inferred, or lower-confidence.",,,,,Chandigarh General,(No Sampradaya),"Chandigarh, India"
recqmLqmvvMlTI9Q0,https://sites.google.com/site/mukatanandgirimaharaj/about-us,Needs Research,,Tertiary,Low,"Record name appears to be a URL or raw Airtable record ID rather than a saint name; do not use as a museum placement until cleaned. Tier proposed as Tertiary because placement is contextual, inferred, or lower-confidence.",Data cleanup needed: this row appears to contain a source URL or raw record ID in the saint name field.,FAM-014,,4,,(No Sampradaya),
reczjSJvPXutRo4qy,Invisible Saint ,Needs Research,,Tertiary,Low,"No strong family, sampradaya, or spiritual-region section could be inferred. Tier proposed as Tertiary because placement is contextual, inferred, or lower-confidence.",,,,,,(No Sampradaya),
recxqQtsjSsVdFlw7,Jatashakan Ashram,Needs Research,,Tertiary,Low,"No strong family, sampradaya, or spiritual-region section could be inferred. Tier proposed as Tertiary because placement is contextual, inferred, or lower-confidence.",,,,,,(No Sampradaya),
recPoRUcHgwzVLQaQ,Luang Pho Suea Dam of (Thailand?),Needs Research,,Tertiary,Low,"No strong family, sampradaya, or spiritual-region section could be inferred. Tier proposed as Tertiary because placement is contextual, inferred, or lower-confidence.",,,,,,(No Sampradaya),
rec1iHJEqLnLP7ImA,Mahant of Bodhgaya ,Needs Research,,Tertiary,Low,"No strong family, sampradaya, or spiritual-region section could be inferred. Tier proposed as Tertiary because placement is contextual, inferred, or lower-confidence.",,,,,Bihar General,(No Sampradaya),"Bodhgaya, Bihar, India"
recMvcItnlNqMFR0E,"Mahant Sri Narmada Bharati of Parvati Gufa Mandir, Bhojpur, Bhopal, Madhya Pradesh",Needs Research,,Tertiary,Low,"No strong family, sampradaya, or spiritual-region section could be inferred. Tier proposed as Tertiary because placement is contextual, inferred, or lower-confidence.",,,,,Central India,(No Sampradaya),"Bhopal, Madhya Pradesh, India"
recJf1dK9RiDcD2sE,Mata Sri Bhagwati Devi Sharma of Gayatri Pariwar ,Needs Research,,Tertiary,Low,"No strong family, sampradaya, or spiritual-region section could be inferred. Tier proposed as Tertiary because placement is contextual, inferred, or lower-confidence.",,,,,,(No Sampradaya),
recdhv8TXHDxqefjq,Nadege of Paris,Needs Research,,Tertiary,Low,"No strong family, sampradaya, or spiritual-region section could be inferred. Tier proposed as Tertiary because placement is contextual, inferred, or lower-confidence.",,,,,,(No Sampradaya),
rec2nk9yAQbf5ni72,Pandavas,Needs Research,,Tertiary,Low,"No strong family, sampradaya, or spiritual-region section could be inferred. Tier proposed as Tertiary because placement is contextual, inferred, or lower-confidence.",,,,,,(No Sampradaya),
recxEz0VEdK2EF6G6,Param Pujya Sri Manik Prabhu of Manik Nagar,Needs Research,,Tertiary,Low,"No strong family, sampradaya, or spiritual-region section could be inferred. Tier proposed as Tertiary because placement is contextual, inferred, or lower-confidence.",,,,,Karnataka General,(No Sampradaya),"Maniknagar, Humnabad, Karnataka, India"
reclWuYOI3Vpeyh0S,Prabhupadacharya Sri Phanilal Goswami,Needs Research,,Tertiary,Low,"No strong family, sampradaya, or spiritual-region section could be inferred. Tier proposed as Tertiary because placement is contextual, inferred, or lower-confidence.",,,,,,(No Sampradaya),
rec4xOqRUEzWnxTdw,rec4xOqRUEzWnxTdw,Needs Research,,Tertiary,Low,"Record name appears to be a URL or raw Airtable record ID rather than a saint name; do not use as a museum placement until cleaned. Tier proposed as Tertiary because placement is contextual, inferred, or lower-confidence.",Data cleanup needed: this row appears to contain a source URL or raw record ID in the saint name field.,,,,,(No Sampradaya),
recPWVPc3i5A0KH7h,recPWVPc3i5A0KH7h,Needs Research,,Tertiary,Low,"Record name appears to be a URL or raw Airtable record ID rather than a saint name; do not use as a museum placement until cleaned. Tier proposed as Tertiary because placement is contextual, inferred, or lower-confidence.",Data cleanup needed: this row appears to contain a source URL or raw record ID in the saint name field.,,,,,(No Sampradaya),
recq8jg20kMAD2Erc,recq8jg20kMAD2Erc,Needs Research,,Tertiary,Low,"Record name appears to be a URL or raw Airtable record ID rather than a saint name; do not use as a museum placement until cleaned. Tier proposed as Tertiary because placement is contextual, inferred, or lower-confidence.",Data cleanup needed: this row appears to contain a source URL or raw record ID in the saint name field.,,,,,(No Sampradaya),
recTIJVFjrG7OSvlI,recTIJVFjrG7OSvlI,Needs Research,,Tertiary,Low,"Record name appears to be a URL or raw Airtable record ID rather than a saint name; do not use as a museum placement until cleaned. Tier proposed as Tertiary because placement is contextual, inferred, or lower-confidence.",Data cleanup needed: this row appears to contain a source URL or raw record ID in the saint name field.,,,,,(No Sampradaya),
rec7vDgsYUxOO5FT5,"Sadguru Sri Brahmanand of Saunshi, Hubli",Needs Research,,Tertiary,Low,"No strong family, sampradaya, or spiritual-region section could be inferred. Tier proposed as Tertiary because placement is contextual, inferred, or lower-confidence.",,,,,Veerashaiva / Lingayat Belt,(No Sampradaya),"Hubli, Karnataka, India"
rec0zQhrS8awtcrWA,Sadguru Sri Nampally Baba of Hyderabad ,Needs Research,,Tertiary,Low,"No strong family, sampradaya, or spiritual-region section could be inferred. Tier proposed as Tertiary because placement is contextual, inferred, or lower-confidence.",,,,,Telangana General,(No Sampradaya),"Hyderabad, Telangana, India"
reczP3YscrJXar1R9,Sadguru Sri Rajyalakshmi Devi of Karnataka ,Needs Research,,Tertiary,Low,"No strong family, sampradaya, or spiritual-region section could be inferred. Tier proposed as Tertiary because placement is contextual, inferred, or lower-confidence.",,,,,Karnataka General,(No Sampradaya),Karnataka
recNlyBE7yovFETmX,"Sadguru Sri Siddharoodha Swami of Hubli, Karnataka ",Needs Research,,Tertiary,Low,"No strong family, sampradaya, or spiritual-region section could be inferred. Tier proposed as Tertiary because placement is contextual, inferred, or lower-confidence.",,,,,Veerashaiva / Lingayat Belt,(No Sampradaya),"Hubli, Karnataka, India"
recPVdWXlmx1J9XNd,"Sadguru Sri Swami Abhedananda ji Maharaj of Trivandrum, Kerala ",Needs Research,,Tertiary,Low,"No strong family, sampradaya, or spiritual-region section could be inferred. Tier proposed as Tertiary because placement is contextual, inferred, or lower-confidence.",,,,,Southern Kerala,(No Sampradaya),"Thiruvananthapuram, Kerala, India"
recK53Fzs4bwp72EI,Sri 1008 Param Adaniya Param Pujanya Brahmagyani Brahmanisht Brahmaveda Sant Devji Maharaj of Kangra ,Needs Research,,Tertiary,Low,"No strong family, sampradaya, or spiritual-region section could be inferred. Tier proposed as Tertiary because placement is contextual, inferred, or lower-confidence.",,,,,Kangra Shakti Region,(No Sampradaya),"Kangra, Himachal Pradesh, India"
recSvsKfiO40HowDi,Sri Abhilash Das of ?? ,Needs Research,,Tertiary,Low,"No strong family, sampradaya, or spiritual-region section could be inferred. Tier proposed as Tertiary because placement is contextual, inferred, or lower-confidence.",,,,,,(No Sampradaya),
rectxzbiD3OeRYLrv,"Sri Aditya Sabrup (Lal Baba) of Tara Mandir, Kangra",Needs Research,,Tertiary,Low,"No strong family, sampradaya, or spiritual-region section could be inferred. Tier proposed as Tertiary because placement is contextual, inferred, or lower-confidence.",Family FAM-036 is present but not mapped to a stronger section override; review family tree if this placement feels off.,FAM-036,,2,Kangra Shakti Region,(No Sampradaya),"Tara Devi Mandir, Kangra, Himachal Pradesh, India"
reckMGpuoqWaE04AU,Sri Advaitanand of Chandigarh ,Needs Research,,Tertiary,Low,"No strong family, sampradaya, or spiritual-region section could be inferred. Tier proposed as Tertiary because placement is contextual, inferred, or lower-confidence.",,,,,Chandigarh General,(No Sampradaya),"Chandigarh, India"
recTE62EGHSGRxhPh,"Sri Amma of Haripad, Kerala ",Needs Research,,Tertiary,Low,"No strong family, sampradaya, or spiritual-region section could be inferred. Tier proposed as Tertiary because placement is contextual, inferred, or lower-confidence.",,,,,Bhakti Kerala,(No Sampradaya),"Haripad, Kerala, India"
recM9krzwGlNxRMXi,Sri Andrew Swami ,Needs Research,,Tertiary,Low,"No strong family, sampradaya, or spiritual-region section could be inferred. Tier proposed as Tertiary because placement is contextual, inferred, or lower-confidence.",,,,,,(No Sampradaya),
rec2yoKF0KcnAO5Ur,Sri Arlanand Saraswati Maharaj of Kangra,Needs Research,,Tertiary,Low,"No strong family, sampradaya, or spiritual-region section could be inferred. Tier proposed as Tertiary because placement is contextual, inferred, or lower-confidence.",,,,,Kangra Shakti Region,(No Sampradaya),"Kangra, Himachal Pradesh, India"
recESP6UwZFGSwKxe,Sri Asaram Bapu of ??? ,Needs Research,,Tertiary,Low,"No strong family, sampradaya, or spiritual-region section could be inferred. Tier proposed as Tertiary because placement is contextual, inferred, or lower-confidence.",,,,,,(No Sampradaya),
reccm2bBJwzblqfjI,"Sri Avadhoota Nadananda of Puvapalli Illam in Travancore, Kerala",Needs Research,,Tertiary,Low,"No strong family, sampradaya, or spiritual-region section could be inferred. Tier proposed as Tertiary because placement is contextual, inferred, or lower-confidence.",,,,,Kerala General,(No Sampradaya),Kerala
recaUBzuJUeWPZghI,Sri Baba Khehar Singh ,Needs Research,,Tertiary,Low,"No strong family, sampradaya, or spiritual-region section could be inferred. Tier proposed as Tertiary because placement is contextual, inferred, or lower-confidence.",,,,,,(No Sampradaya),
recrPWc8bPOHLOaME,Sri Baba Thakur Singh of ???,Needs Research,,Tertiary,Low,"No strong family, sampradaya, or spiritual-region section could be inferred. Tier proposed as Tertiary because placement is contextual, inferred, or lower-confidence.",,,,,,(No Sampradaya),
recMZz192pFJvWICf,"Sri Ballu Mama of Admapur, Kolhapur, Maharashtra",Needs Research,,Tertiary,Low,"No strong family, sampradaya, or spiritual-region section could be inferred. Tier proposed as Tertiary because placement is contextual, inferred, or lower-confidence.",,,,,"Veerashaiva / Lingayat Belt
Devi Traditions",(No Sampradaya),"Akkol, Karnataka, India
Admapur, Maharashtra, India"
recMJ0KxfPz2L55qj,"Sri Bankim Karnkar of Potaka, Jharkhand",Needs Research,,Tertiary,Low,"No strong family, sampradaya, or spiritual-region section could be inferred. Tier proposed as Tertiary because placement is contextual, inferred, or lower-confidence.",,,,,Jharkhand General,(No Sampradaya),Jharkhand
recZVjRaD1CUy64Os,"Sri Baswalinga Swami of Hubli, Karnataka",Needs Research,,Tertiary,Low,"No strong family, sampradaya, or spiritual-region section could be inferred. Tier proposed as Tertiary because placement is contextual, inferred, or lower-confidence.",,,,,Veerashaiva / Lingayat Belt,(No Sampradaya),"Hubli, Karnataka, India"
recf8XHI5pUyP6Gdq,Sri Bhadra Maharishi of Bhadrachalam,Needs Research,,Tertiary,Low,"No strong family, sampradaya, or spiritual-region section could be inferred. Tier proposed as Tertiary because placement is contextual, inferred, or lower-confidence.",,,,,Telangana General,(No Sampradaya),"Bhadrachalam, Telangana, India"
recMMZ1MhrZWeJQzR,Sri Bhagavat Sharan Baba of Pisawa woods,Needs Research,,Tertiary,Low,"No strong family, sampradaya, or spiritual-region section could be inferred. Tier proposed as Tertiary because placement is contextual, inferred, or lower-confidence.",,,,,,(No Sampradaya),
recLs6T066cSNJb35,Sri Bhakta Narasimha ,Needs Research,,Tertiary,Low,"No strong family, sampradaya, or spiritual-region section could be inferred. Tier proposed as Tertiary because placement is contextual, inferred, or lower-confidence.",,,,,,(No Sampradaya),
recqTSYY3AZJelvNJ,Sri Bhakti Vedanta Narayan Maharaj  ,Needs Research,,Tertiary,Low,"No strong family, sampradaya, or spiritual-region section could be inferred. Tier proposed as Tertiary because placement is contextual, inferred, or lower-confidence.",,,,,,(No Sampradaya),
recKtizoUkcDgeBQ8,Sri Bhakti Vilas Tirtha Goswami Maharaj ,Needs Research,,Tertiary,Low,"No strong family, sampradaya, or spiritual-region section could be inferred. Tier proposed as Tertiary because placement is contextual, inferred, or lower-confidence.",,,,,,(No Sampradaya),
recgFVQEe6W4lm5Ax,Sri Bholanand Saraswati Maharaj of Kangra,Needs Research,,Tertiary,Low,"No strong family, sampradaya, or spiritual-region section could be inferred. Tier proposed as Tertiary because placement is contextual, inferred, or lower-confidence.",,,,,Kangra Shakti Region,(No Sampradaya),"Kangra, Himachal Pradesh, India"
recXemzcQzePEO7Ds,Sri Brahmacharini ,Needs Research,,Tertiary,Low,"No strong family, sampradaya, or spiritual-region section could be inferred. Tier proposed as Tertiary because placement is contextual, inferred, or lower-confidence.",,,,,,(No Sampradaya),
recjOwQ0YKGIQUU9G,Sri Brahmarishi Mohan ji of ??,Needs Research,,Tertiary,Low,"No strong family, sampradaya, or spiritual-region section could be inferred. Tier proposed as Tertiary because placement is contextual, inferred, or lower-confidence.",,,,,,(No Sampradaya),
recfFbz81to17Ahvn,Sri Chandrashekara Swami of Hubli,Needs Research,,Tertiary,Low,"No strong family, sampradaya, or spiritual-region section could be inferred. Tier proposed as Tertiary because placement is contextual, inferred, or lower-confidence.",,,,,Veerashaiva / Lingayat Belt,(No Sampradaya),"Hubli, Karnataka, India"
recAzfIwKLhCIKfMI,Sri Chaytanya Muni of Chyavan Rishi Ashram,Needs Research,,Tertiary,Low,"No strong family, sampradaya, or spiritual-region section could be inferred. Tier proposed as Tertiary because placement is contextual, inferred, or lower-confidence.",,,,,,(No Sampradaya),
recycW2GnQ4n8xXV0,"Sri Dashrath Manjhi of Gaya, Bihar ",Needs Research,,Tertiary,Low,"No strong family, sampradaya, or spiritual-region section could be inferred. Tier proposed as Tertiary because placement is contextual, inferred, or lower-confidence.",,,,,Bihar General,(No Sampradaya),"Gaya, Bihar, India"
reclgGlgEze6aQUzo,"Sri Dhuniwale Dadaji of Kheri Ghat, Narmada and Khandwa, Madhya Pradesh",Needs Research,,Tertiary,Low,"No strong family, sampradaya, or spiritual-region section could be inferred. Tier proposed as Tertiary because placement is contextual, inferred, or lower-confidence.",,,,,Madhya Pradesh General,(No Sampradaya),Madhya Pradesh
recadPLhZJbgStVTL,Sri Digambar Saraswati Giri ji Maharaj Tapasvi of ??,Needs Research,,Tertiary,Low,"No strong family, sampradaya, or spiritual-region section could be inferred. Tier proposed as Tertiary because placement is contextual, inferred, or lower-confidence.",,,,,,(No Sampradaya),
recsMylAeFSJtM7mM,Sri Dr. Nirmala Didi (Brahma Kumari) ,Needs Research,,Tertiary,Low,"No strong family, sampradaya, or spiritual-region section could be inferred. Tier proposed as Tertiary because placement is contextual, inferred, or lower-confidence.",,,,,,Brahma Kumaris,
recNPHOM32FPJbH4o,Sri Eshwar Shastri Dixit ,Needs Research,,Tertiary,Low,"No strong family, sampradaya, or spiritual-region section could be inferred. Tier proposed as Tertiary because placement is contextual, inferred, or lower-confidence.",Family FAM-041 is present but not mapped to a stronger section override; review family tree if this placement feels off.,FAM-041,,2,,(No Sampradaya),
recMVtEp0VnYTwZWC,Sri Florea Baba of ???,Needs Research,,Tertiary,Low,"No strong family, sampradaya, or spiritual-region section could be inferred. Tier proposed as Tertiary because placement is contextual, inferred, or lower-confidence.",,,,,,(No Sampradaya),
recOpJaRXT7beIfSK,Sri Girijanand Ji Maharaj of Guptakashi,Needs Research,,Tertiary,Low,"No strong family, sampradaya, or spiritual-region section could be inferred. Tier proposed as Tertiary because placement is contextual, inferred, or lower-confidence.",,,,,Mandakini Valley,(No Sampradaya),"Guptakashi, Uttarakhand, India"
recd0cjF8Py7tpDfI,Sri Girijanandaji Saraswati Maharaj of (??Jyotimat?) ,Needs Research,,Tertiary,Low,"No strong family, sampradaya, or spiritual-region section could be inferred. Tier proposed as Tertiary because placement is contextual, inferred, or lower-confidence.",,,,,,(No Sampradaya),
recijNKdW2wF5Lhw1,Sri Hanuman Swami of Delhi,Needs Research,,Tertiary,Low,"No strong family, sampradaya, or spiritual-region section could be inferred. Tier proposed as Tertiary because placement is contextual, inferred, or lower-confidence.",,,,,Delhi General,(No Sampradaya),"Delhi, India"
recq30YpPvbBeNWvy,Sri Haridasa Sastriji Maharaj (Guru of Satyanarayana Das) ,Needs Research,,Tertiary,Low,"No strong family, sampradaya, or spiritual-region section could be inferred. Tier proposed as Tertiary because placement is contextual, inferred, or lower-confidence.",,,,,,(No Sampradaya),
recjA6M4REhXbtb1Z,Sri Hihtdasji Maharaj ,Needs Research,,Tertiary,Low,"No strong family, sampradaya, or spiritual-region section could be inferred. Tier proposed as Tertiary because placement is contextual, inferred, or lower-confidence.",,,,,,(No Sampradaya),
recmJYAWUQGsQhKDP,Sri Jagadguru Swami Sathyananda Saraswati of Thiruvananthpuram,Needs Research,,Tertiary,Low,"No strong family, sampradaya, or spiritual-region section could be inferred. Tier proposed as Tertiary because placement is contextual, inferred, or lower-confidence.",,,,,Southern Kerala,(No Sampradaya),"Thiruvananthapuram, Kerala, India"
recmuslI1NvDbEYRI,"Sri Jhooladas Ji Maharaj of Rewa, M.P. ",Needs Research,,Tertiary,Low,"No strong family, sampradaya, or spiritual-region section could be inferred. Tier proposed as Tertiary because placement is contextual, inferred, or lower-confidence.",,,,,Madhya Pradesh General,(No Sampradaya),Madhya Pradesh
rechRC5Z1UtRNaLmD,"Sri Jyotilal Bandyopadhyay of Bukeshwar, Kerala(?)",Needs Research,,Tertiary,Low,"No strong family, sampradaya, or spiritual-region section could be inferred. Tier proposed as Tertiary because placement is contextual, inferred, or lower-confidence.",,,,,Kerala General,(No Sampradaya),Kerala
recmpyNSROVuJxdEs,Sri Kancha Bhagavan Das of ??? ,Needs Research,,Tertiary,Low,"No strong family, sampradaya, or spiritual-region section could be inferred. Tier proposed as Tertiary because placement is contextual, inferred, or lower-confidence.",,,,,,(No Sampradaya),
rec3HT7rDR1erZTnh,"Sri Kewalpuri Baba of Himachal Pradesh, Mahavali Shiv Mandir,",Needs Research,,Tertiary,Low,"No strong family, sampradaya, or spiritual-region section could be inferred. Tier proposed as Tertiary because placement is contextual, inferred, or lower-confidence.",,,,,Himachal Pradesh General,(No Sampradaya),Himachal Pradesh
rec2kQu9FUpLwcr1U,Sri Kuldip Giri of Guptakashi,Needs Research,,Tertiary,Low,"No strong family, sampradaya, or spiritual-region section could be inferred. Tier proposed as Tertiary because placement is contextual, inferred, or lower-confidence.",,,,,Mandakini Valley,(No Sampradaya),"Guptakashi, Uttarakhand, India"
recyhz7fhVbudWcOu,Sri Kuman Poreiton (Mauna Baba) of Assam,Needs Research,,Tertiary,Low,"No strong family, sampradaya, or spiritual-region section could be inferred. Tier proposed as Tertiary because placement is contextual, inferred, or lower-confidence.",Family FAM-053 is present but not mapped to a stronger section override; review family tree if this placement feels off.,FAM-053,,2,Assam General,(No Sampradaya),Assam
recKiuU0AttNpHSWj,Sri Madhan Mohan Das,Needs Research,,Tertiary,Low,"No strong family, sampradaya, or spiritual-region section could be inferred. Tier proposed as Tertiary because placement is contextual, inferred, or lower-confidence.",,,,,,(No Sampradaya),
recbYJHFy6fKjRep6,Sri Madhavananda ji Swami of Hubli,Needs Research,,Tertiary,Low,"No strong family, sampradaya, or spiritual-region section could be inferred. Tier proposed as Tertiary because placement is contextual, inferred, or lower-confidence.",,,,,Veerashaiva / Lingayat Belt,(No Sampradaya),"Hubli, Karnataka, India"
rec22myGeXtFWce1G,"Sri Mahant Ramdulare Damajj Maharaj of Sri Sita Ram Mandir, Akhil Bharati Sri Panch Ramanandji Kaaki Amhara, Ujjain, Madhya Pradesh",Needs Research,,Tertiary,Low,"No strong family, sampradaya, or spiritual-region section could be inferred. Tier proposed as Tertiary because placement is contextual, inferred, or lower-confidence.",,,,,Shaiva-Ujjain Region,(No Sampradaya),"Ujjain, Madhya Pradesh, India"
recOYRXmecpwN3Unl,Sri Mahapurusha Madhavdev of Majuli/ Assam,Needs Research,,Tertiary,Low,"No strong family, sampradaya, or spiritual-region section could be inferred. Tier proposed as Tertiary because placement is contextual, inferred, or lower-confidence.",,,,,Assam General,(No Sampradaya),Assam
recaNtSLYQh5Fm4lN,Sri Mahapurusha Sankardev of Majuli/ Assam,Needs Research,,Tertiary,Low,"No strong family, sampradaya, or spiritual-region section could be inferred. Tier proposed as Tertiary because placement is contextual, inferred, or lower-confidence.",,,,,Assam General,(No Sampradaya),Assam
recV9C9kIiVVqlPpw,"Sri Maharshri Sahi Swami ji Maharaj of Patna, Bihar (Ram Lakhan Path, Ashok Nagar, Lohia Nagar, Patna)",Needs Research,,Tertiary,Low,"No strong family, sampradaya, or spiritual-region section could be inferred. Tier proposed as Tertiary because placement is contextual, inferred, or lower-confidence.",,,,,Bihar General,(No Sampradaya),"Patna, Bihar, India"
rec5nItvGYsM5rwtG,Sri Maheshwar Yogi ,Needs Research,,Tertiary,Low,"No strong family, sampradaya, or spiritual-region section could be inferred. Tier proposed as Tertiary because placement is contextual, inferred, or lower-confidence.",,,,,,(No Sampradaya),
recaJbcW7q1Y5f4bC,Sri Mallesh Baba of Hyderabad ,Needs Research,,Tertiary,Low,"No strong family, sampradaya, or spiritual-region section could be inferred. Tier proposed as Tertiary because placement is contextual, inferred, or lower-confidence.",,,,,Telangana General,(No Sampradaya),"Hyderabad, Telangana, India"
recoPhGVZxY6UthiD,"Sri Mangaldas ji Maharaj of Ujjain, Madhya Pradesh",Needs Research,,Tertiary,Low,"No strong family, sampradaya, or spiritual-region section could be inferred. Tier proposed as Tertiary because placement is contextual, inferred, or lower-confidence.",,,,,Shaiva-Ujjain Region,(No Sampradaya),"Ujjain, Madhya Pradesh, India"
rec4h3DhRd94Ee8yz,Sri Mataji Nirmala Devi ,Needs Research,,Tertiary,Low,"No strong family, sampradaya, or spiritual-region section could be inferred. Tier proposed as Tertiary because placement is contextual, inferred, or lower-confidence.",,,,,,(No Sampradaya),
reczKrjEcAZkNCXBr,Sri Mounaguru Swamigal,Needs Research,,Tertiary,Low,"No strong family, sampradaya, or spiritual-region section could be inferred. Tier proposed as Tertiary because placement is contextual, inferred, or lower-confidence.",,,,,,(No Sampradaya),
recyk3KlMHvT4dYKJ,"Sri Muddiappa of Hampi, Katakapalli, Andhra Pradesh ",Needs Research,,Tertiary,Low,"No strong family, sampradaya, or spiritual-region section could be inferred. Tier proposed as Tertiary because placement is contextual, inferred, or lower-confidence.",,,,,Vijayanagara Heritage,(No Sampradaya),"Andhra Pradesh
Hampi, Karnataka, India"
recbpMLEM3TQYxbwd,Sri Naagalinga Swami Sidhar of Puducherry,Needs Research,,Tertiary,Low,"No strong family, sampradaya, or spiritual-region section could be inferred. Tier proposed as Tertiary because placement is contextual, inferred, or lower-confidence.",,,,,Puducherry General,(No Sampradaya),"Puducherry, Puducherry, India"
recXb858AhfykGq4w,Sri Narayan Giri Maharaj ,Needs Research,,Tertiary,Low,"No strong family, sampradaya, or spiritual-region section could be inferred. Tier proposed as Tertiary because placement is contextual, inferred, or lower-confidence.",,,,,,(No Sampradaya),
recfylPUpZDCVEeQp,Sri Narayandas Bapu of Munjiya Ashram,Needs Research,,Tertiary,Low,"No strong family, sampradaya, or spiritual-region section could be inferred. Tier proposed as Tertiary because placement is contextual, inferred, or lower-confidence.",,,,,,(No Sampradaya),
recRWteZMKTbR4ckh,Sri Narotamanandji Maharaj ,Needs Research,,Tertiary,Low,"No strong family, sampradaya, or spiritual-region section could be inferred. Tier proposed as Tertiary because placement is contextual, inferred, or lower-confidence.",,,,,,(No Sampradaya),
recYzOjOFHMcGEsJV,Sri Palani Swami of Palani ,Needs Research,,Tertiary,Low,"No strong family, sampradaya, or spiritual-region section could be inferred. Tier proposed as Tertiary because placement is contextual, inferred, or lower-confidence.",,,,,Murugan Tradition,(No Sampradaya),"Palani, Tamil Nadu, India"
recGRMgYhGmK61WAC,Sri Panchan Das of Chandigarh ,Needs Research,,Tertiary,Low,"No strong family, sampradaya, or spiritual-region section could be inferred. Tier proposed as Tertiary because placement is contextual, inferred, or lower-confidence.",,,,,Chandigarh General,(No Sampradaya),"Chandigarh, India"
recIqK1WjTXyiSSGr,Sri Paramahamsa Advaitananda Saraswati ji,Needs Research,,Tertiary,Low,"No strong family, sampradaya, or spiritual-region section could be inferred. Tier proposed as Tertiary because placement is contextual, inferred, or lower-confidence.",,,,,,(No Sampradaya),
recG5hPbr3Rgvx80V,"Sri Paramahamsa Swami Sandipendra of Baglamukhi Temple, Agar, Madhya Pradesh",Needs Research,,Tertiary,Low,"No strong family, sampradaya, or spiritual-region section could be inferred. Tier proposed as Tertiary because placement is contextual, inferred, or lower-confidence.",,,,,Madhya Pradesh General,(No Sampradaya),Madhya Pradesh
rectqE1YWAEVoP9z3,Sri Parampujya Appaji of Belgaon ,Needs Research,,Tertiary,Low,"No strong family, sampradaya, or spiritual-region section could be inferred. Tier proposed as Tertiary because placement is contextual, inferred, or lower-confidence.",,,,,Veerashaiva / Lingayat Belt,(No Sampradaya),"Belagavi, Karnataka, India"
recaCk9vTAVLCjjFE,Sri Partha Baba of Pental near Katra (Vaishno Devi Place),Needs Research,,Tertiary,Low,"No strong family, sampradaya, or spiritual-region section could be inferred. Tier proposed as Tertiary because placement is contextual, inferred, or lower-confidence.",,,,,Jammu and Kashmir General,(No Sampradaya),"Vaishno Devi, Katra, Jammu and Kashmir, India"
recqlhfsI5UV1pFLn,Sri Prabudhananda Saraswati Maharaj - Swami Gopal Krishna,Needs Research,,Tertiary,Low,"No strong family, sampradaya, or spiritual-region section could be inferred. Tier proposed as Tertiary because placement is contextual, inferred, or lower-confidence.",,,,,,(No Sampradaya),
recz5ca1IAP6fByeW,"Sri Pujya Dadaji of Shimla, Himachal Pradesh",Needs Research,,Tertiary,Low,"No strong family, sampradaya, or spiritual-region section could be inferred. Tier proposed as Tertiary because placement is contextual, inferred, or lower-confidence.",,,,,Shimla Region,(No Sampradaya),"Shimla, Himachal Pradesh, India"
rec1ka8KyvHIO1Iq8,Sri Radha Govind Dasji (Mauni Baba) ,Needs Research,,Tertiary,Low,"No strong family, sampradaya, or spiritual-region section could be inferred. Tier proposed as Tertiary because placement is contextual, inferred, or lower-confidence.",,,,,,(No Sampradaya),
recAG5KsM9dULkWl4,Sri Radha Vallabha Das,Needs Research,,Tertiary,Low,"No strong family, sampradaya, or spiritual-region section could be inferred. Tier proposed as Tertiary because placement is contextual, inferred, or lower-confidence.",,,,,,(No Sampradaya),
rec7YA7eCwApr1I5y,Sri Ram Mangal Dasji Maharaj of ?? ,Needs Research,,Tertiary,Low,"No strong family, sampradaya, or spiritual-region section could be inferred. Tier proposed as Tertiary because placement is contextual, inferred, or lower-confidence.",,,,,,(No Sampradaya),
recS219tOPLmyO8YG,Sri Ram Prasad Das & Sri Madhav Das,Needs Research,,Tertiary,Low,"No strong family, sampradaya, or spiritual-region section could be inferred. Tier proposed as Tertiary because placement is contextual, inferred, or lower-confidence.",,,,,,(No Sampradaya),
recOMJQF11bylWIHR,Sri Ram Shaiyya of ??  ,Needs Research,,Tertiary,Low,"No strong family, sampradaya, or spiritual-region section could be inferred. Tier proposed as Tertiary because placement is contextual, inferred, or lower-confidence.",,,,,,(No Sampradaya),
recmXwcymGPlpQ7sY,Sri Ram Sharma Acharya of Gayatri Pariwar ,Needs Research,,Tertiary,Low,"No strong family, sampradaya, or spiritual-region section could be inferred. Tier proposed as Tertiary because placement is contextual, inferred, or lower-confidence.",,,,,,(No Sampradaya),
recgQf22pongtyYV6,Sri Ramdas Baba ji ,Needs Research,,Tertiary,Low,"No strong family, sampradaya, or spiritual-region section could be inferred. Tier proposed as Tertiary because placement is contextual, inferred, or lower-confidence.",,,,,,(No Sampradaya),
recjdmdb2e3YENF8B,Sri Ramgopaldas Maharaj Mahant of Chyavan Rishi Ashram,Needs Research,,Tertiary,Low,"No strong family, sampradaya, or spiritual-region section could be inferred. Tier proposed as Tertiary because placement is contextual, inferred, or lower-confidence.",,,,,,(No Sampradaya),
recQtg0xeQPQa16wA,Sri Rishi Bakka (Pa-Gang) ,Needs Research,,Tertiary,Low,"No strong family, sampradaya, or spiritual-region section could be inferred. Tier proposed as Tertiary because placement is contextual, inferred, or lower-confidence.",,,,,,(No Sampradaya),
rectoFoUzNw7N6tsf,Sri Rishi Gaew (Cristal Rishi) of Thailand ,Needs Research,,Tertiary,Low,"No strong family, sampradaya, or spiritual-region section could be inferred. Tier proposed as Tertiary because placement is contextual, inferred, or lower-confidence.",,,,,,(No Sampradaya),
recmWirQlF3WoLTYk,Sri Rishi Vashishta (+ Vashishta and Sita cave Devghat Triben Nepal ,Needs Research,,Tertiary,Low,"No strong family, sampradaya, or spiritual-region section could be inferred. Tier proposed as Tertiary because placement is contextual, inferred, or lower-confidence.",,,,,,(No Sampradaya),
recKtDIb88PWMib5O,Sri Rupam Vyas of Ujjain,Needs Research,,Tertiary,Low,"No strong family, sampradaya, or spiritual-region section could be inferred. Tier proposed as Tertiary because placement is contextual, inferred, or lower-confidence.",,,,,Shaiva-Ujjain Region,(No Sampradaya),"Ujjain, Madhya Pradesh, India"
recmnzklbsFkmcOUh,Sri Saibhakt Nana Saheb Nimonkar Deshpande ,Needs Research,,Tertiary,Low,"No strong family, sampradaya, or spiritual-region section could be inferred. Tier proposed as Tertiary because placement is contextual, inferred, or lower-confidence.",,,,,,(No Sampradaya),
recDMECWsfd4aUYQE,Sri Sakerei Siddhar of Palani ,Needs Research,,Tertiary,Low,"No strong family, sampradaya, or spiritual-region section could be inferred. Tier proposed as Tertiary because placement is contextual, inferred, or lower-confidence.",,,,,Murugan Tradition,(No Sampradaya),"Palani, Tamil Nadu, India"
reckCdVWoCChGRSeK,Sri Samadhi Swami of ??? ,Needs Research,,Tertiary,Low,"No strong family, sampradaya, or spiritual-region section could be inferred. Tier proposed as Tertiary because placement is contextual, inferred, or lower-confidence.",,,,,,(No Sampradaya),
recaO09wTIHbVbqdP,Sri Sanatan Das,Needs Research,,Tertiary,Low,"No strong family, sampradaya, or spiritual-region section could be inferred. Tier proposed as Tertiary because placement is contextual, inferred, or lower-confidence.",,,,,,(No Sampradaya),
recCILjO1fpLxkZ4V,Sri Sanatan Das Babaji ,Needs Research,,Tertiary,Low,"No strong family, sampradaya, or spiritual-region section could be inferred. Tier proposed as Tertiary because placement is contextual, inferred, or lower-confidence.",,,,,,(No Sampradaya),
recwwWJB8qthsXbZl,Sri Shankari Mai Jiew (Trilanka Swami),Needs Research,,Tertiary,Low,"No strong family, sampradaya, or spiritual-region section could be inferred. Tier proposed as Tertiary because placement is contextual, inferred, or lower-confidence.",,,,,,(No Sampradaya),
recicFhAX8NxwepVF,"Sri Shiv Narayan Das (Nepali Baba) of Mansa Devi, Chandigarh",Needs Research,,Tertiary,Low,"No strong family, sampradaya, or spiritual-region section could be inferred. Tier proposed as Tertiary because placement is contextual, inferred, or lower-confidence.",,,,,Chandigarh General,(No Sampradaya),"Chandigarh, India"
reczWGQTnjOMWYSYl,"Sri Shiva Kumar Swami of Siddaganga Mutt, Tumkur, Karnataka ",Needs Research,,Tertiary,Low,"No strong family, sampradaya, or spiritual-region section could be inferred. Tier proposed as Tertiary because placement is contextual, inferred, or lower-confidence.",,,,,Veerashaiva / Lingayat Belt,(No Sampradaya),"Tumakuru, Karnataka, India"
recPXP5H1JT02Vdhm,Sri Shreemad Bhakti Bhilash Bharati,Needs Research,,Tertiary,Low,"No strong family, sampradaya, or spiritual-region section could be inferred. Tier proposed as Tertiary because placement is contextual, inferred, or lower-confidence.",,,,,,(No Sampradaya),
recBMlvHWJJajHMnM,Sri Shrimat Sacchidanand Swami Maharaj of Shinor,Needs Research,,Tertiary,Low,"No strong family, sampradaya, or spiritual-region section could be inferred. Tier proposed as Tertiary because placement is contextual, inferred, or lower-confidence.",,,,,Narmada Region,(No Sampradaya),"Shinor, Gujarat, India"
recDzej9PiC98nmwF,"Sri Shukadevananda Maharaj of Kathog, Jwalaji",Needs Research,,Tertiary,Low,"No strong family, sampradaya, or spiritual-region section could be inferred. Tier proposed as Tertiary because placement is contextual, inferred, or lower-confidence.",,,,,Kangra Shakti Region,(No Sampradaya),"Kathog, Jwalamukhi, Himachal Pradesh, India"
recSxrx00UB69r7O8,"Sri Shukadevananda Maharaj of Ramni Dham, Jwalaji",Needs Research,,Tertiary,Low,"No strong family, sampradaya, or spiritual-region section could be inferred. Tier proposed as Tertiary because placement is contextual, inferred, or lower-confidence.",,,,,Kangra Shakti Region,(No Sampradaya),"Ramni Dham, Jwalamukhi, Himachal Pradesh, India"
recZWdPRcYYUN7pET,"Sri Siddha Rudha Swami of Hubli, Karnataka, Maharashtra ",Needs Research,,Tertiary,Low,"No strong family, sampradaya, or spiritual-region section could be inferred. Tier proposed as Tertiary because placement is contextual, inferred, or lower-confidence.",,,,,Veerashaiva / Lingayat Belt,(No Sampradaya),"Hubli, Karnataka, India
Maharashtra"
recV3HOkcF04DozDj,Sri Sigmund Feuerabendt of Bayreuth,Needs Research,,Tertiary,Low,"No strong family, sampradaya, or spiritual-region section could be inferred. Tier proposed as Tertiary because placement is contextual, inferred, or lower-confidence.",,,,,,(No Sampradaya),
recrR2rQ8fUgEKiDR,Sri Sitaram Baba of Bodhgaya ,Needs Research,,Tertiary,Low,"No strong family, sampradaya, or spiritual-region section could be inferred. Tier proposed as Tertiary because placement is contextual, inferred, or lower-confidence.",,,,,Bihar General,(No Sampradaya),"Bodhgaya, Bihar, India"
reckSXcNjAuFpOtK4,Sri Sitaram Bapu of ??,Needs Research,,Tertiary,Low,"No strong family, sampradaya, or spiritual-region section could be inferred. Tier proposed as Tertiary because placement is contextual, inferred, or lower-confidence.",,,,,,(No Sampradaya),
rec7wI21383fcNIve,"Sri Siyaram Baba of Hanuman Temple, Mohammed Badodiya, Madhya Pradesh ",Needs Research,,Tertiary,Low,"No strong family, sampradaya, or spiritual-region section could be inferred. Tier proposed as Tertiary because placement is contextual, inferred, or lower-confidence.",,,,,Madhya Pradesh General,(No Sampradaya),Madhya Pradesh
recd4WTEEaADXaJgj,"Sri Siyaram Baba of Khargone, Madhya Pradesh",Needs Research,,Tertiary,Low,"No strong family, sampradaya, or spiritual-region section could be inferred. Tier proposed as Tertiary because placement is contextual, inferred, or lower-confidence.",,,,,Madhya Pradesh General,(No Sampradaya),Madhya Pradesh
recd7LPsJWfdAH5HU,"Sri Sri 1008 Baba Kalyan Das ji Maharaj (Kaale Baba) of Bilaspur, Himachal Pradesh",Needs Research,,Tertiary,Low,"No strong family, sampradaya, or spiritual-region section could be inferred. Tier proposed as Tertiary because placement is contextual, inferred, or lower-confidence.",,,,,Himachal Pradesh General,(No Sampradaya),"Bilaspur, Himachal Pradesh, India"
recOTh7Spyq1ic759,"Sri Sri 1008 Peer Sri Mahant Rajendra Bharatiji Maharaj of Datt Akhada, Gaadipati, Ujjain, Chipra tat, Madhya Pradesh",Needs Research,,Tertiary,Low,"No strong family, sampradaya, or spiritual-region section could be inferred. Tier proposed as Tertiary because placement is contextual, inferred, or lower-confidence.",,,,,Shaiva-Ujjain Region,(No Sampradaya),"Ujjain, Madhya Pradesh, India"
reckMEo9zwH4wKJJM,"Sri Sri 1008 Sri Dadaji Dhuniwaley (Sri Keshavanandji Maharaj) of Kheri Ghat, Narmada, Madhya Pradesh",Needs Research,,Tertiary,Low,"No strong family, sampradaya, or spiritual-region section could be inferred. Tier proposed as Tertiary because placement is contextual, inferred, or lower-confidence.",,,,,"Narmada Region
Madhya Pradesh General",(No Sampradaya),"Narmada, Madhya Pradesh, India"
recN0yF3WYvNorxNW,"Sri Sri 108 Sri Pardeshi Das of Aktahiya, Rudrapur ",Needs Research,,Tertiary,Low,"No strong family, sampradaya, or spiritual-region section could be inferred. Tier proposed as Tertiary because placement is contextual, inferred, or lower-confidence.",,,,,Uttar Pradesh General,(No Sampradaya),"Aktahiya, Rudrapur, Uttar Pradesh, India"
recQTaLJGkfBoAU2w,"Sri Sri 108 Sri Trilokidas of Gadighat, Mailani, U.P. ",Needs Research,,Tertiary,Low,"No strong family, sampradaya, or spiritual-region section could be inferred. Tier proposed as Tertiary because placement is contextual, inferred, or lower-confidence.",,,,,Uttar Pradesh General,(No Sampradaya),"Gadighat, Mailani, Uttar Pradesh, India"
recNCHFgORFcwkPZW,Sri Sri Indi Swami Kashi Ashram ji Maharaj ,Needs Research,,Tertiary,Low,"No strong family, sampradaya, or spiritual-region section could be inferred. Tier proposed as Tertiary because placement is contextual, inferred, or lower-confidence.",,,,,,(No Sampradaya),
rec90EgAMYeUMCATW,"Sri Sri Ramabhadrananda Swamikal of Allapuzha, Kerala",Needs Research,,Tertiary,Low,"No strong family, sampradaya, or spiritual-region section could be inferred. Tier proposed as Tertiary because placement is contextual, inferred, or lower-confidence.",,,,,Kerala General,(No Sampradaya),Kerala
rec2nZkEPSKUov5Tj,"Sri Sri Sri Sadguru Balanjaneya Swami of Bellary, Karnataka",Needs Research,,Tertiary,Low,"No strong family, sampradaya, or spiritual-region section could be inferred. Tier proposed as Tertiary because placement is contextual, inferred, or lower-confidence.",,,,,Karnataka General,(No Sampradaya),Karnataka
rec8CiqYCE8loBuDl,"Sri Sri Sri Sadhguru Mahadeva Thatha of Sri Kshetra Sangama, Mysuru, Karnataka",Needs Research,,Tertiary,Low,"No strong family, sampradaya, or spiritual-region section could be inferred. Tier proposed as Tertiary because placement is contextual, inferred, or lower-confidence.",,,,,Karnataka General,(No Sampradaya),Karnataka
recZmfYhZM1sxjJ8O,Sri Sri Swami Atamram Nand Puriji Maharaj ,Needs Research,,Tertiary,Low,"No strong family, sampradaya, or spiritual-region section could be inferred. Tier proposed as Tertiary because placement is contextual, inferred, or lower-confidence.",,,,,,(No Sampradaya),
recBpkMpvzm57a1J8,Sri Sri Viyyasanjo Prabhupad Kanupriya Goswami Maharaj ,Needs Research,,Tertiary,Low,"No strong family, sampradaya, or spiritual-region section could be inferred. Tier proposed as Tertiary because placement is contextual, inferred, or lower-confidence.",,,,,,(No Sampradaya),
recV4EgqDCl3KlE5h,Sri Sripad Shukadev Das Goswami ,Needs Research,,Tertiary,Low,"No strong family, sampradaya, or spiritual-region section could be inferred. Tier proposed as Tertiary because placement is contextual, inferred, or lower-confidence.",,,,,,(No Sampradaya),
recBMTxwzsTVoDiOk,Sri Swami Bidhyanand ji Maharaj of ??? and Sri Gopilal ji Goswami,Needs Research,,Tertiary,Low,"No strong family, sampradaya, or spiritual-region section could be inferred. Tier proposed as Tertiary because placement is contextual, inferred, or lower-confidence.",,,,,,(No Sampradaya),
rec5AK5ADSjNNh2Zh,"Sri Swami Brahmapadanand Saraswati of Sri Rama Dasa Ashram, Chengottukonam, Kerala",Needs Research,,Tertiary,Low,"No strong family, sampradaya, or spiritual-region section could be inferred. Tier proposed as Tertiary because placement is contextual, inferred, or lower-confidence.",,,,,Kerala General,(No Sampradaya),Kerala
recHatM8WlLSqKeyy,Sri Swami D.R. Paravatikar Veena Maharaj ,Needs Research,,Tertiary,Low,"No strong family, sampradaya, or spiritual-region section could be inferred. Tier proposed as Tertiary because placement is contextual, inferred, or lower-confidence.",,,,,,(No Sampradaya),
recr2CTcUbP13CgUQ,Sri Swami Ganesh Dasji Maharaj  ,Needs Research,,Tertiary,Low,"No strong family, sampradaya, or spiritual-region section could be inferred. Tier proposed as Tertiary because placement is contextual, inferred, or lower-confidence.",,,,,,(No Sampradaya),
rec0wJK2U7kBE9S7o,Sri Swami Maheshanand ji ,Needs Research,,Tertiary,Low,"No strong family, sampradaya, or spiritual-region section could be inferred. Tier proposed as Tertiary because placement is contextual, inferred, or lower-confidence.",,,,,,(No Sampradaya),
recCMWvEFN2evnzKJ,Sri Swami Manuvaraya ji Maharaj of ??,Needs Research,,Tertiary,Low,"No strong family, sampradaya, or spiritual-region section could be inferred. Tier proposed as Tertiary because placement is contextual, inferred, or lower-confidence.",,,,,,(No Sampradaya),
receipszGYRnJRtAj,Sri Swami Nityananda of Pental near Katra (Vaishno Devi Place),Needs Research,,Tertiary,Low,"No strong family, sampradaya, or spiritual-region section could be inferred. Tier proposed as Tertiary because placement is contextual, inferred, or lower-confidence.",,,,,Jammu and Kashmir General,(No Sampradaya),"Vaishno Devi, Katra, Jammu and Kashmir, India"
recyn3TFIzmxgoC7R,"Sri Swami Sarveshananda Baharti of Maleti Bhanala, Kangra Himachal",Needs Research,,Tertiary,Low,"No strong family, sampradaya, or spiritual-region section could be inferred. Tier proposed as Tertiary because placement is contextual, inferred, or lower-confidence.",,,,,"Kangra Shakti Region
Kullu-Manali Yogic Region",(No Sampradaya),"Maleti Bhanala, Kangra District, Himachal Pradesh, India
Yogniketan Ashram, Manali, Himachal Pradesh, India"
recKz1I0AWfV45lRm,Sri Swarup Damodhar of ??? ,Needs Research,,Tertiary,Low,"No strong family, sampradaya, or spiritual-region section could be inferred. Tier proposed as Tertiary because placement is contextual, inferred, or lower-confidence.",,,,,,(No Sampradaya),
recdGe7mYsiQM0nxM,"Sri Thakkalai Swami of Thiruvananthapuram, Kerala",Needs Research,,Tertiary,Low,"No strong family, sampradaya, or spiritual-region section could be inferred. Tier proposed as Tertiary because placement is contextual, inferred, or lower-confidence.",,,,,Southern Kerala,(No Sampradaya),"Thiruvananthapuram, Kerala, India"
rec5hoT3MY3b5Vb3K,Sri Thangal Karipoor Abdul Salam of ??,Needs Research,,Tertiary,Low,"No strong family, sampradaya, or spiritual-region section could be inferred. Tier proposed as Tertiary because placement is contextual, inferred, or lower-confidence.",,,,,,(No Sampradaya),
recgKrcZzKVVTquDv,"Sri Vatareshwar Sanstan of St. Inez, Panaji, Goa",Needs Research,,Tertiary,Low,"No strong family, sampradaya, or spiritual-region section could be inferred. Tier proposed as Tertiary because placement is contextual, inferred, or lower-confidence.",,,,,Goa General,(No Sampradaya),Goa
rec2YQrUqUzdITsHZ,Sri Vidyadhiraja Chattambi Swami Tiruvadikal,Needs Research,,Tertiary,Low,"No strong family, sampradaya, or spiritual-region section could be inferred. Tier proposed as Tertiary because placement is contextual, inferred, or lower-confidence.",,,,,,(No Sampradaya),
recBhtH9RZKgIOAdl,Sri Vishambardasji Maharaj of Kangra,Needs Research,,Tertiary,Low,"No strong family, sampradaya, or spiritual-region section could be inferred. Tier proposed as Tertiary because placement is contextual, inferred, or lower-confidence.",,,,,Kangra Shakti Region,(No Sampradaya),"Kangra, Himachal Pradesh, India"
recpKvax2OFIJNQWT,"Sri Vishudhanand Ji Saraswati (Khir Baba) of Kangra, Himachal",Needs Research,,Tertiary,Low,"No strong family, sampradaya, or spiritual-region section could be inferred. Tier proposed as Tertiary because placement is contextual, inferred, or lower-confidence.",Family FAM-036 is present but not mapped to a stronger section override; review family tree if this placement feels off.,FAM-036,,2,Himachal Pradesh General,(No Sampradaya),"Bir, Himachal Pradesh, India"
recQq1sZzwupfjFYm,Sri Vishwatmanand Giriji Maharaj ,Needs Research,,Tertiary,Low,"No strong family, sampradaya, or spiritual-region section could be inferred. Tier proposed as Tertiary because placement is contextual, inferred, or lower-confidence.",,,,,,(No Sampradaya),
recYsyXC0Rvgr28JH,Sri Yedehalli Ajji of Mughal Khod,Needs Research,,Tertiary,Low,"No strong family, sampradaya, or spiritual-region section could be inferred. Tier proposed as Tertiary because placement is contextual, inferred, or lower-confidence.",Family FAM-080 is present but not mapped to a stronger section override; review family tree if this placement feels off.,FAM-080,,2,Veerashaiva / Lingayat Belt,(No Sampradaya),"Mughal Khod, Karnataka, India"
recjdimhvlLtDD0Zs,Sri Yellaling Maharaj of Mughal Khod,Needs Research,,Tertiary,Low,"No strong family, sampradaya, or spiritual-region section could be inferred. Tier proposed as Tertiary because placement is contextual, inferred, or lower-confidence.",Family FAM-080 is present but not mapped to a stronger section override; review family tree if this placement feels off.,FAM-080,,2,Veerashaiva / Lingayat Belt,(No Sampradaya),"Mughal Khod, Karnataka, India"
recIE7h4k6e7GJnGa,"Sri Yerriswamy of Chellagurki, Karnataka",Needs Research,,Tertiary,Low,"No strong family, sampradaya, or spiritual-region section could be inferred. Tier proposed as Tertiary because placement is contextual, inferred, or lower-confidence.",,,,,Karnataka General,(No Sampradaya),Karnataka
recXEQEn9vNl1zmig,"Sri Yogi Jagdish Baba of Azamgarh, Uttar Pradesh",Needs Research,,Tertiary,Low,"No strong family, sampradaya, or spiritual-region section could be inferred. Tier proposed as Tertiary because placement is contextual, inferred, or lower-confidence.",,,,,Eastern Uttar Pradesh,(No Sampradaya),"Azamgarh, Uttar Pradesh, India"
rech22HeroVvXWxXO,Tulare,Needs Research,,Tertiary,Low,"No strong family, sampradaya, or spiritual-region section could be inferred. Tier proposed as Tertiary because placement is contextual, inferred, or lower-confidence.",,,,,,(No Sampradaya),
recaTTfjinlSVDk4n,Unknown collection ,Needs Research,,Tertiary,Low,"No strong family, sampradaya, or spiritual-region section could be inferred. Tier proposed as Tertiary because placement is contextual, inferred, or lower-confidence.",,,,,,(No Sampradaya),
recK9i0V5dVwDqzaF,Unknown Saint White cloth and photo (man and cow) with tree under which Shiva Meditated,Needs Research,,Tertiary,Low,"No strong family, sampradaya, or spiritual-region section could be inferred. Tier proposed as Tertiary because placement is contextual, inferred, or lower-confidence.",,,,,,(No Sampradaya),
recsUUsYXvsrkd1ZZ,Vishwaswaroop Murti ,Needs Research,,Tertiary,Low,"No strong family, sampradaya, or spiritual-region section could be inferred. Tier proposed as Tertiary because placement is contextual, inferred, or lower-confidence.",,,,,,(No Sampradaya),
recMWQBcwOY0k8D0S,Guru of Gyan Das ji Maharaj of Ayodhya ,Rama & Avadh,Needs Research,Tertiary,Medium,"Spiritual region maps to Rama & Avadh. Tier proposed as Tertiary because placement is contextual, inferred, or lower-confidence.",,,,,Rama & Avadh,(No Sampradaya),"Ayodhya, Uttar Pradesh, India"
reca65v4knrsB4aT0,"Mahant Sri Kundan Lal Ji Maharaj of Sutagaddi, Naimisharanya",Rama & Avadh,Needs Research,Tertiary,Medium,"Spiritual region maps to Rama & Avadh. Tier proposed as Tertiary because placement is contextual, inferred, or lower-confidence.",,,,,Naimisharanya,(No Sampradaya),"Naimisharanya, Uttar Pradesh, India"
recajYyhShlisOJnn,"Mahant Sri Nitya Gopal Das of Mani Ram Daski Chawani, Ayodhya, Uttar Pradesh ",Rama & Avadh,Needs Research,Tertiary,Medium,"Spiritual region maps to Rama & Avadh. Tier proposed as Tertiary because placement is contextual, inferred, or lower-confidence.",,,,,Rama & Avadh,(No Sampradaya),"Ayodhya, Uttar Pradesh, India"
recLz9ok7TrQcVywL,"Mahant Sri Ramchandra Das Paramahamsa of Ayodhya, Uttar Pradesh",Rama & Avadh,Needs Research,Tertiary,Medium,"Spiritual region maps to Rama & Avadh. Tier proposed as Tertiary because placement is contextual, inferred, or lower-confidence.",,,,,Rama & Avadh,Digambhar Akhara,"Ayodhya, Uttar Pradesh, India"
recsVgLi5BR8WUgC5,Mahant Sri Satyanarayan Das of Chitrakoot ,Rama & Avadh,Needs Research,Tertiary,Low,"Name/place wording suggests Rama & Avadh, but this should be reviewed. Tier proposed as Tertiary because placement is contextual, inferred, or lower-confidence.",,,,,Uttar Pradesh General,(No Sampradaya),"Chitrakoot, Uttar Pradesh, India"
recsDSL4ZC6AAyqLs,Sant Sri Ramdas of Chitrakoot,Rama & Avadh,Needs Research,Tertiary,Low,"Name/place wording suggests Rama & Avadh, but this should be reviewed. Tier proposed as Tertiary because placement is contextual, inferred, or lower-confidence.",,,,,Uttar Pradesh General,(No Sampradaya),"Chitrakoot, Uttar Pradesh, India"
recIjI8boDx7IlPNt,"Sri 1008 Dayaram Das ji Maharaj of Paramahams Ashram, Hanuman Goofa Road, Ayodhya ",Rama & Avadh,Needs Research,Tertiary,Low,"Name/place wording suggests Rama & Avadh, but this should be reviewed. Tier proposed as Tertiary because placement is contextual, inferred, or lower-confidence.",,,,,,(No Sampradaya),
recdPAIgEUkvHfhJ5,Sri Abhiram Das ji Maharaj of Ayodhya ,Rama & Avadh,Needs Research,Tertiary,Medium,"Spiritual region maps to Rama & Avadh. Tier proposed as Tertiary because placement is contextual, inferred, or lower-confidence.",,,,,Rama & Avadh,(No Sampradaya),"Ayodhya, Uttar Pradesh, India"
recKovBLT6U2tDvtm,"Sri Akhileshwardasji of Ayodhya, Uttar Pradesh",Rama & Avadh,Needs Research,Tertiary,Medium,"Spiritual region maps to Rama & Avadh. Tier proposed as Tertiary because placement is contextual, inferred, or lower-confidence.",,,,,Rama & Avadh,(No Sampradaya),"Ayodhya, Uttar Pradesh, India"
recRhaivy8b5JReqr,"Sri Baba Haridas of Sudamakooti, Chitrakoot",Rama & Avadh,Needs Research,Tertiary,Low,"Name/place wording suggests Rama & Avadh, but this should be reviewed. Tier proposed as Tertiary because placement is contextual, inferred, or lower-confidence.",,,,,Uttar Pradesh General,(No Sampradaya),"Chitrakoot, Uttar Pradesh, India"
recXHLV91whcpphdx,"Sri Banvari Dasji Maharaj of Paramahams Ashram, Ayodhya, Uttar Pradesh ",Rama & Avadh,Needs Research,Tertiary,Medium,"Spiritual region maps to Rama & Avadh. Tier proposed as Tertiary because placement is contextual, inferred, or lower-confidence.",,,,,Rama & Avadh,(No Sampradaya),"Ayodhya, Uttar Pradesh, India"
recx2hpjYEcEgUaay,"Sri Dharam Das ji Maharaj of near Hanuman Garhi, Ayodhya, Uttar Pradesh ",Rama & Avadh,Needs Research,Tertiary,Medium,"Spiritual region maps to Rama & Avadh. Tier proposed as Tertiary because placement is contextual, inferred, or lower-confidence.",,,,,Rama & Avadh,(No Sampradaya),"Ayodhya, Uttar Pradesh, India"
recbNMDp29We7cQGI,Sri Divya Kala Ji Maharaj of Ayodhya ,Rama & Avadh,Needs Research,Tertiary,Medium,"Spiritual region maps to Rama & Avadh. Tier proposed as Tertiary because placement is contextual, inferred, or lower-confidence.",,,,,Rama & Avadh,(No Sampradaya),"Ayodhya, Uttar Pradesh, India"
recRpYYMqnDvirUom,"Sri Gopal Das ji Maharaj,Mauni Baba of Paldev past Kailash Ashram,Janki Mandir,Gupt Godavari,  chitrakoot",Rama & Avadh,Needs Research,Tertiary,Low,"Name/place wording suggests Rama & Avadh, but this should be reviewed. Tier proposed as Tertiary because placement is contextual, inferred, or lower-confidence.",,,,,Uttar Pradesh General,(No Sampradaya),"Chitrakoot, Uttar Pradesh, India"
recx5Kig49bpnirqO,"Sri Gyan Das ji Maharaj of Hanuman Garhi, Ayodhya, Uttar Pradesh",Rama & Avadh,Needs Research,Tertiary,Medium,"Spiritual region maps to Rama & Avadh. Tier proposed as Tertiary because placement is contextual, inferred, or lower-confidence.",,,,,Rama & Avadh,(No Sampradaya),"Ayodhya, Uttar Pradesh, India"
recBiZXx2h4Dh3FRT,Sri Hanumanji,Rama & Avadh,Needs Research,Featured,Medium,Spiritual region maps to Rama & Avadh. Explicit archivalist featured saint override: Sri Hanumanji. Tier proposed as Featured because the record appears to anchor or lead a family cluster.,,,,,Rama & Avadh,(No Sampradaya),"Ayodhya, Uttar Pradesh, India"
recUCXeIHP8a7zgas,"Sri Haridas Ji Maharaj of Janaki Kund, Chitrakoot ",Rama & Avadh,Needs Research,Tertiary,Low,"Name/place wording suggests Rama & Avadh, but this should be reviewed. Tier proposed as Tertiary because placement is contextual, inferred, or lower-confidence.",,,,,Uttar Pradesh General,(No Sampradaya),"Chitrakoot, Uttar Pradesh, India"
recvI3Uhz3WXF50w4,Sri Jagadguru Paramahams Acharya Maharaj of Ayodhya ,Rama & Avadh,Needs Research,Tertiary,Medium,"Spiritual region maps to Rama & Avadh. Tier proposed as Tertiary because placement is contextual, inferred, or lower-confidence.",,,,,Rama & Avadh,(No Sampradaya),"Ayodhya, Uttar Pradesh, India"
recH8V7mdq95sahLa,Sri Jagadguru Ramanand Acharya Swami Ramabhadracharya of Chitrakoot ,Rama & Avadh,Needs Research,Tertiary,Low,"Name/place wording suggests Rama & Avadh, but this should be reviewed. Tier proposed as Tertiary because placement is contextual, inferred, or lower-confidence.",,,,,Uttar Pradesh General,(No Sampradaya),"Chitrakoot, Uttar Pradesh, India"
recCyAdNrlxzB5XKq,Sri Kripashankar Bhavanishankar of Chitrakoot,Rama & Avadh,Needs Research,Tertiary,Low,"Name/place wording suggests Rama & Avadh, but this should be reviewed. Tier proposed as Tertiary because placement is contextual, inferred, or lower-confidence.",,,,,Uttar Pradesh General,(No Sampradaya),"Chitrakoot, Uttar Pradesh, India"
recPFkrXFaNMIxgpe,"Sri Mahatyagi Sarveshwar Das of Ayodhya, Uttar Pradesh",Rama & Avadh,Needs Research,Tertiary,Medium,"Spiritual region maps to Rama & Avadh. Tier proposed as Tertiary because placement is contextual, inferred, or lower-confidence.",,,,,Rama & Avadh,(No Sampradaya),"Ayodhya, Uttar Pradesh, India"
rechTVGtYaWDiEgeV,"Sri Narayan Das (Kulhadi) Baba of Sphatakshila, Chitrakoot",Rama & Avadh,Needs Research,Tertiary,Low,"Name/place wording suggests Rama & Avadh, but this should be reviewed. Tier proposed as Tertiary because placement is contextual, inferred, or lower-confidence.",,,,,Uttar Pradesh General,(No Sampradaya),"Chitrakoot, Uttar Pradesh, India"
recTPkHQoelfyY5dk,"Sri Narayanacharya of Achari Mandir, Ayodhya, Uttar Pradesh",Rama & Avadh,Needs Research,Tertiary,Medium,"Spiritual region maps to Rama & Avadh. Tier proposed as Tertiary because placement is contextual, inferred, or lower-confidence.",,,,,Rama & Avadh,(No Sampradaya),"Ayodhya, Uttar Pradesh, India"
recMxxgYin72WeScy,"Sri Pahalwan Das Ji Maharaj of Ram Shaiyya, Chitrakoot ",Rama & Avadh,Needs Research,Tertiary,Low,"Name/place wording suggests Rama & Avadh, but this should be reviewed. Tier proposed as Tertiary because placement is contextual, inferred, or lower-confidence.",,,,,Uttar Pradesh General,(No Sampradaya),"Chitrakoot, Uttar Pradesh, India"
recrx8rsgiiMQf8gx,"Sri Paramahamsa Ramcharan Das ji Maharaj of Ayodhya, Uttar Pradesh ",Rama & Avadh,Needs Research,Tertiary,Medium,"Spiritual region maps to Rama & Avadh. Tier proposed as Tertiary because placement is contextual, inferred, or lower-confidence.",,,,,Rama & Avadh,(No Sampradaya),"Ayodhya, Uttar Pradesh, India"
recgodKdI9jfZDRgG,Sri Pratapanand Saraswati of Naimisharanya,Rama & Avadh,Needs Research,Tertiary,Medium,"Spiritual region maps to Rama & Avadh. Tier proposed as Tertiary because placement is contextual, inferred, or lower-confidence.",,,,,Naimisharanya,(No Sampradaya),"Naimisharanya, Uttar Pradesh, India"
recW4czBU0Eyrg2hC,"Sri Ram Desikacharya Ji Maharaj of Purani Lanka, Chitrakoot ",Rama & Avadh,Needs Research,Tertiary,Low,"Name/place wording suggests Rama & Avadh, but this should be reviewed. Tier proposed as Tertiary because placement is contextual, inferred, or lower-confidence.",,,,,Uttar Pradesh General,(No Sampradaya),"Chitrakoot, Uttar Pradesh, India"
recWDJfidfYkEYtWC,Sri Ram Harshan Dasji Maharaj of Ayodhya,Rama & Avadh,Needs Research,Tertiary,Medium,"Spiritual region maps to Rama & Avadh. Tier proposed as Tertiary because placement is contextual, inferred, or lower-confidence.",,,,,Rama & Avadh,(No Sampradaya),"Ayodhya, Uttar Pradesh, India"
recBnB3h9PcZYQ1km,Sri Ram Harshan Dasji Maharaj of Ayodhya ,Rama & Avadh,Needs Research,Tertiary,Medium,"Spiritual region maps to Rama & Avadh. Tier proposed as Tertiary because placement is contextual, inferred, or lower-confidence.",,,,,Rama & Avadh,(No Sampradaya),"Ayodhya, Uttar Pradesh, India"
recFVY9yiqwROEf5n,"Sri Ram Shankar Das ji Maharaj of Ram Vallabh Kunj Ashram, Ayodhya, Uttar Pradesh ",Rama & Avadh,Needs Research,Tertiary,Medium,"Spiritual region maps to Rama & Avadh. Tier proposed as Tertiary because placement is contextual, inferred, or lower-confidence.",,,,,Rama & Avadh,(No Sampradaya),"Ayodhya, Uttar Pradesh, India"
recy9OaQmCVfjfKdK,"Sri Ram Vacan Das ji Maharaj of Sri Ram Janki Station, Ayodhya, Uttar Pradesh",Rama & Avadh,Needs Research,Tertiary,Medium,"Spiritual region maps to Rama & Avadh. Tier proposed as Tertiary because placement is contextual, inferred, or lower-confidence.",,,,,Rama & Avadh,(No Sampradaya),"Ayodhya, Uttar Pradesh, India"
recQZKY6JlRy7W4tz,"Sri Siddha Baba of Tulsi Goofa, Ram Ghat, Chitrakoot ",Rama & Avadh,Needs Research,Secondary,Low,"Name/place wording suggests Rama & Avadh, but this should be reviewed. Tier proposed as Secondary because the record is a close family/lineage member or direct section fit.",Family FAM-050 is present but not mapped to a stronger section override; review family tree if this placement feels off.,FAM-050,,2,Uttar Pradesh General,(No Sampradaya),"Chitrakoot, Uttar Pradesh, India"
recxBnhBorHWZg8dk,Sri Sitaram Das ji Maharaj of Chitrakoot,Rama & Avadh,Needs Research,Tertiary,Low,"Name/place wording suggests Rama & Avadh, but this should be reviewed. Tier proposed as Tertiary because placement is contextual, inferred, or lower-confidence.",,,,,Uttar Pradesh General,(No Sampradaya),"Chitrakoot, Uttar Pradesh, India"
recl1aYtJv4ERajp4,"Sri Sri 1008 Paramahamsa Sri Ramchandra Ji Maharaj of Chhawani, Naimisharanya",Rama & Avadh,Needs Research,Tertiary,Medium,"Spiritual region maps to Rama & Avadh. Tier proposed as Tertiary because placement is contextual, inferred, or lower-confidence.",,,,,Naimisharanya,(No Sampradaya),"Naimisharanya, Uttar Pradesh, India"
recIUFpO2Qy0MRJWw,"Sri Sri 108 Ram Santosh Das ji Maharaj of Basdev ghat, Ayodhya ",Rama & Avadh,Needs Research,Tertiary,Medium,"Spiritual region maps to Rama & Avadh. Tier proposed as Tertiary because placement is contextual, inferred, or lower-confidence.",,,,,Rama & Avadh,(No Sampradaya),"Ayodhya, Uttar Pradesh, India"
recv7zXTs4KFZpmFo,Sri Sri 108 Sri Baba Purushottam Dasji Maharaj of Naimisharanya,Rama & Avadh,Needs Research,Tertiary,Medium,"Spiritual region maps to Rama & Avadh. Tier proposed as Tertiary because placement is contextual, inferred, or lower-confidence.",,,,,Naimisharanya,(No Sampradaya),"Naimisharanya, Uttar Pradesh, India"
recU2c10D4sEshtFf,"Sri Sri 108 Sri Mithila Bihari Sharan Ji Maharaj of Saryu Bihar Kunj, Ayodhya, Uttar Pradesh ",Rama & Avadh,Needs Research,Tertiary,Medium,"Spiritual region maps to Rama & Avadh. Tier proposed as Tertiary because placement is contextual, inferred, or lower-confidence.",,,,,Rama & Avadh,(No Sampradaya),"Ayodhya, Uttar Pradesh, India"
recFQUEeA16FgGPSM,"Sri Sri 108 Sri Sant Sharan Ji Maharaj of Sri Saryu Bihar Kunj, Ayodhya, Uttar Pradesh ",Rama & Avadh,Needs Research,Tertiary,Medium,"Spiritual region maps to Rama & Avadh. Tier proposed as Tertiary because placement is contextual, inferred, or lower-confidence.",,,,,Rama & Avadh,(No Sampradaya),"Ayodhya, Uttar Pradesh, India"
recpMZXoBJW46F9v1,"Sri Sri 108 Sri Sita Vallabha Ji Maharaj of Sri Saryu Poihar Kanj, Ayodhya, Uttar Pradesh",Rama & Avadh,Needs Research,Tertiary,Medium,"Spiritual region maps to Rama & Avadh. Tier proposed as Tertiary because placement is contextual, inferred, or lower-confidence.",,,,,Rama & Avadh,(No Sampradaya),"Ayodhya, Uttar Pradesh, India"
reciUvVDyZiym916I,Sri Swami Balaram Prapannacharya of Chitrakoot,Rama & Avadh,Needs Research,Tertiary,Low,"Name/place wording suggests Rama & Avadh, but this should be reviewed. Tier proposed as Tertiary because placement is contextual, inferred, or lower-confidence.",,,,,Uttar Pradesh General,(No Sampradaya),"Chitrakoot, Uttar Pradesh, India"
recMUEcnvOplLQtHN,Sri Swami Hariharanand Sarawati Ji Maharaj of Naimisharanya,Rama & Avadh,Needs Research,Tertiary,Medium,"Spiritual region maps to Rama & Avadh. Tier proposed as Tertiary because placement is contextual, inferred, or lower-confidence.",,,,,Naimisharanya,(No Sampradaya),"Naimisharanya, Uttar Pradesh, India"
recBgNdLpQrhMkSvx,"Sri Swami Ji Maharaj (Dharkundi Baba) of Sri Paramahamsa Ashram,Dharkundi, Satna, Chitrakoot",Rama & Avadh,Needs Research,Tertiary,Low,"Name/place wording suggests Rama & Avadh, but this should be reviewed. Tier proposed as Tertiary because placement is contextual, inferred, or lower-confidence.",,,,,Uttar Pradesh General,(No Sampradaya),"Chitrakoot, Uttar Pradesh, India"
recSPWq50n8YKz7tG,Sri Swami Madhusudana Dasji of Naimisharanya,Rama & Avadh,Needs Research,Tertiary,Medium,"Spiritual region maps to Rama & Avadh. Tier proposed as Tertiary because placement is contextual, inferred, or lower-confidence.",,,,,Naimisharanya,(No Sampradaya),"Naimisharanya, Uttar Pradesh, India"
rec1FF59paR7mqho6,Sri Swami Rampyare Das ji Maharaj of Chitrakoot,Rama & Avadh,Needs Research,Tertiary,Low,"Name/place wording suggests Rama & Avadh, but this should be reviewed. Tier proposed as Tertiary because placement is contextual, inferred, or lower-confidence.",,,,,Uttar Pradesh General,(No Sampradaya),"Chitrakoot, Uttar Pradesh, India"
rec2qVXux7hzL9YZN,"Sri Triveni Ram Das ji Maharaj of Sri Bade Hanumanji Temple, Janki Ghat, Ayodhya, Uttar Pradesh",Rama & Avadh,Needs Research,Tertiary,Medium,"Spiritual region maps to Rama & Avadh. Tier proposed as Tertiary because placement is contextual, inferred, or lower-confidence.",,,,,Rama & Avadh,(No Sampradaya),"Ayodhya, Uttar Pradesh, India"
recdZg8uX2d0sX8py,Sri Vaishnavdas Mahatyagi of Ayodhya,Rama & Avadh,Needs Research,Tertiary,Medium,"Spiritual region maps to Rama & Avadh. Tier proposed as Tertiary because placement is contextual, inferred, or lower-confidence.",,,,,Rama & Avadh,(No Sampradaya),"Ayodhya, Uttar Pradesh, India"
rechKeEs92cvp6v9f,"Sri Valmiki Ashram in Lalapoor, Chitrakoot (Valmiki Ashram) ",Rama & Avadh,Needs Research,Tertiary,Low,"Name/place wording suggests Rama & Avadh, but this should be reviewed. Tier proposed as Tertiary because placement is contextual, inferred, or lower-confidence.",,,,,Uttar Pradesh General,(No Sampradaya),"Chitrakoot, Uttar Pradesh, India"
reclSoV1Sfcra860e,"St Indrani Devi of Prachin Shayee Mandir, Ayodhya ",Rama & Avadh,Needs Research,Tertiary,Medium,"Spiritual region maps to Rama & Avadh. Tier proposed as Tertiary because placement is contextual, inferred, or lower-confidence.",,,,,Rama & Avadh,(No Sampradaya),"Ayodhya, Uttar Pradesh, India"
recgK2dgjekLTOKvR,"Tyagi Sri Prabhu Das ji Maharaj of Pancamukhi, Gujarati Mandir, Ayodhya, Uttar Pradesh",Rama & Avadh,Needs Research,Tertiary,Medium,"Spiritual region maps to Rama & Avadh. Tier proposed as Tertiary because placement is contextual, inferred, or lower-confidence.",,,,,Rama & Avadh,(No Sampradaya),"Ayodhya, Uttar Pradesh, India"
recABPrtD68P30Ofc,"Sri Avadoota Swami Pranavananda of ??, Andhra Pradesh",Ramana & Arunachala,Andhra Avadhuta & Datta-Advaita Lineages,Secondary,High,Family override from FAM-011 (Sri Ramana Maharishi Family); family placement takes priority over geography. Tier proposed as Secondary because the record is a close family/lineage member or direct section fit.,Organize inside Ramana & Arunachala using FAM-011 family context before geography.,FAM-011,,5,Andhra Pradesh General,(No Sampradaya),Andhra Pradesh
recUh2hHSi6jf2GKE,"Sri Bhagawan Sri Satyananda Maharshula Vaaru of Nellore, Andhra Pradesh ",Ramana & Arunachala,Andhra Avadhuta & Datta-Advaita Lineages,Tertiary,High,"Sampradaya maps directly to Ramana & Arunachala. Tier proposed as Tertiary because placement is contextual, inferred, or lower-confidence.",,,,,Coastal Andhra,Ramana Maharshi,"Nellore, Andhra Pradesh, India"
recHodc9GuD8FIVXk,"Sri Brahmananda ji Maharaj of (near) Nellore, Andhra Pradesh",Ramana & Arunachala,Andhra Avadhuta & Datta-Advaita Lineages,Secondary,High,Family override from FAM-011 (Sri Ramana Maharishi Family); family placement takes priority over geography. Tier proposed as Secondary because the record is a close family/lineage member or direct section fit.,Organize inside Ramana & Arunachala using FAM-011 family context before geography.,FAM-011,,5,Coastal Andhra,Ramana Maharshi,"Nellore, Andhra Pradesh, India"
recaZAFD5zqsXXWrK,"Sri Nirvishiananda Giri of ??, Andhra Pradesh ",Ramana & Arunachala,Andhra Avadhuta & Datta-Advaita Lineages,Secondary,High,Family override from FAM-011 (Sri Ramana Maharishi Family); family placement takes priority over geography. Tier proposed as Secondary because the record is a close family/lineage member or direct section fit.,Organize inside Ramana & Arunachala using FAM-011 family context before geography.,FAM-011,,5,Andhra Pradesh General,Ramana Maharshi,Andhra Pradesh
recrxPZFWGMXNLjkh,"Sri Radhe Ma of Tiruvannamalai, Tamil Nadu",Ramana & Arunachala,,Tertiary,High,"Spiritual region maps to Shaiva Siddhanta & Tamil Traditions. Explicit archivalist movement override: Sri Radhe Ma of Tiruvannamalai belongs only in Ramana & Arunachala. Section overridden to Ramana & Arunachala. Tier proposed as Tertiary because placement is contextual, inferred, or lower-confidence.",Explicit archivalist movement override: Sri Radhe Ma of Tiruvannamalai belongs only in Ramana & Arunachala.,,,,Shaiva Siddhanta Heartland,(No Sampradaya),"Tiruvannamalai, Tamil Nadu, India"
recq1Hm4YN4lo8Nfw,Sri Ramana Maharishi of Arunachala,Ramana & Arunachala,Shaiva Siddhanta & Tamil Traditions,Featured,High,Family override from FAM-011 (Sri Ramana Maharishi Family); family placement takes priority over geography. Tier proposed as Featured because the record appears to anchor or lead a family cluster.,Organize inside Ramana & Arunachala using FAM-011 family context before geography.,FAM-011,,5,Shaiva Siddhanta Heartland,(No Sampradaya),"Arunachala, Tiruvannamalai, Tamil Nadu, India"
recnTSlt2x2pAPPAA,Sri Ramana Maharishi of Arunachala ,Ramana & Arunachala,Shaiva Siddhanta & Tamil Traditions,Featured,High,Family override from FAM-011 (Sri Ramana Maharishi Family); family placement takes priority over geography. Tier proposed as Featured because the record appears to anchor or lead a family cluster.,Organize inside Ramana & Arunachala using FAM-011 family context before geography.,FAM-011,,5,Shaiva Siddhanta Heartland,(No Sampradaya),"Arunachala, Tiruvannamalai, Tamil Nadu, India"
recoF07pYRQ2VIA3E,Mahant Sri Bhagwan Das of Vrindavan ,Ramanandi,Braj & Krishna Bhakti,Secondary,Medium,Family override from FAM-015 (Sri Sudama Dasji Maharaj Family); family placement takes priority over geography. Tier proposed as Secondary because the record is a close family/lineage member or direct section fit.,Organize inside Ramanandi using FAM-015 family context before geography.,FAM-015,,3,Braj Mandal,(No Sampradaya),"Vrindavan, Uttar Pradesh, India"
rec87xFN9peRkTdhY,Mahant Sri Sri Sri 108 Sri Ramcharan Das Tyagiji Maharaj of Varanasi ,Ramanandi,Kashi & Ascetic Lineages,Secondary,High,Sampradaya maps directly to Ramanandi. Tier proposed as Secondary because the record is a close family/lineage member or direct section fit.,Family FAM-029 is present but not mapped to a stronger section override; review family tree if this placement feels off.,FAM-029,,2,Kashi Region,Ramanandi Sampradaya,"Varanasi, Uttar Pradesh, India"
rec9Ngjyb8yO4W7Md,Sant (Sri) Ganeshyam Miśra of Varanasi ,Ramanandi,Kashi & Ascetic Lineages,Tertiary,High,"Sampradaya maps directly to Ramanandi. Tier proposed as Tertiary because placement is contextual, inferred, or lower-confidence.",,,,,Kashi Region,Satuwa Baba,"Varanasi, Uttar Pradesh, India"
recJVyEGZQ3PdhXGN,"Sri 1008 Baba Vankhandi Rishi Ji Maharaj of Pushkar of Pushkar, Rajasthan",Ramanandi,Gujarat & Swaminarayan Traditions,Tertiary,High,"Sampradaya maps directly to Ramanandi. Tier proposed as Tertiary because placement is contextual, inferred, or lower-confidence.",,,,,Pushkar Tradition,Ramanandi Sampradaya,"Pushkar, Rajasthan, India"
recEIaqG3AkCmP6mS,"Sri 108 Sri Narayan Das ji Bhakta Mali Mamaji of Kadamkunha, Patna, Bihar",Ramanandi,Needs Research,Tertiary,High,"Sampradaya maps directly to Ramanandi. Tier proposed as Tertiary because placement is contextual, inferred, or lower-confidence.",,,,,Bihar General,Ramanandi Sampradaya,"Patna, Bihar, India"
recvtWm0B1R3MVPxd,"Sri Abba Babu of Abba Babu Ashram, Dwaraka ",Ramanandi,Braj & Krishna Bhakti,Tertiary,High,"Sampradaya maps directly to Ramanandi. Tier proposed as Tertiary because placement is contextual, inferred, or lower-confidence.",,,,,Krishna-Dwarka Region,Ramanandi Sampradaya - Tyagi,"Dwarka, Gujarat, India"
receIcFOu2DsFW4xk,"Sri Ananta Swami Sri Kanti Sharan Ji of Satguru Kutir, behind Punjabi Ashram, Chitrakoot ",Ramanandi,Rama & Avadh,Tertiary,High,"Sampradaya maps directly to Ramanandi. Tier proposed as Tertiary because placement is contextual, inferred, or lower-confidence.",,,,,Uttar Pradesh General,Ramanandi Sampradaya,"Chitrakoot, Uttar Pradesh, India"
reczjHZcOeZW194uy,"Sri Awadh Bhushan Das Ji of Sri Ramanand Ashram, Chitrakoot ",Ramanandi,Rama & Avadh,Tertiary,High,"Sampradaya maps directly to Ramanandi. Tier proposed as Tertiary because placement is contextual, inferred, or lower-confidence.",,,,,Uttar Pradesh General,Ramanandi Sampradaya,"Chitrakoot, Uttar Pradesh, India"
recLsRC0bhkL9JO8E,Sri Ayodhya Dasji  Maharaj ,Ramanandi,Rama & Avadh,Secondary,Medium,Family override from FAM-017 (Sri DevRaha Baba Family); family placement takes priority over geography. Tier proposed as Secondary because the record is a close family/lineage member or direct section fit.,Organize inside Ramanandi using FAM-017 family context before geography.,FAM-017,,3,,(No Sampradaya),
rec5AxgKNzgnmRgvH,Sri DevRaha Baba of Vrindavan,Ramanandi,Braj & Krishna Bhakti,Featured,Medium,Family override from FAM-017 (Sri DevRaha Baba Family); family placement takes priority over geography. Tier proposed as Featured because the record appears to anchor or lead a family cluster.,Organize inside Ramanandi using FAM-017 family context before geography.,FAM-017,,3,Braj Mandal,(No Sampradaya),"Vrindavan, Uttar Pradesh, India"
recp9Qd482IPagFW7,"Sri Gangadas Guru Changadas Kabir Saheb of Ravara Hanuman, Dwaraka ",Ramanandi,Braj & Krishna Bhakti,Tertiary,High,"Sampradaya maps directly to Ramanandi. Tier proposed as Tertiary because placement is contextual, inferred, or lower-confidence.",,,,,Krishna-Dwarka Region,Sampradaya Tyagi Naga,"Dwarka, Gujarat, India"
rec9ZzP5upI0SxD8s,"Sri Gautam Maharaj of Sri Sutikshan Ashram, Chitrakoot ",Ramanandi,Rama & Avadh,Tertiary,High,"Sampradaya maps directly to Ramanandi. Tier proposed as Tertiary because placement is contextual, inferred, or lower-confidence.",,,,,Uttar Pradesh General,Ramanandi Sampradaya,"Chitrakoot, Uttar Pradesh, India"
recrFB4BzrxVE7gr6,"Sri Goswami Tulsidas ji of Tulsi Ghat, Varanasi ",Ramanandi,Kashi & Ascetic Lineages,Featured,High,Sampradaya maps directly to Ramanandi. Explicit archivalist featured saint override: Sri Goswami Tulsidas. Tier proposed as Featured because the record appears to anchor or lead a family cluster.,Family FAM-050 is present but not mapped to a stronger section override; review family tree if this placement feels off.,FAM-050,,2,Kashi Region,Ramanandi Sampradaya,"Varanasi, Uttar Pradesh, India"
recYVUj671wJ6NpoO,"Sri Jwala Giri Mata of Tulsidas Janma Sthal (birthplace), Rajapur, Chitrakoot ",Ramanandi,Rama & Avadh,Tertiary,High,"Sampradaya maps directly to Ramanandi. Tier proposed as Tertiary because placement is contextual, inferred, or lower-confidence.",,,,,Uttar Pradesh General,Ramanandi Sampradaya,"Chitrakoot, Uttar Pradesh, India"
recQSPzGD8p4ZGPDh,Sri Kabhir Devji of Varanasi,Ramanandi,Kashi & Ascetic Lineages,Featured,High,Virtual curatorial Ramanandacharya family: Kabhir Devji shares Ramanandacharya as common guru with Ravidas; Ramanandacharya is absent from the saint table because relics are not present. Explicit archivalist featured saint override: Sri Kabir Dev Ji. Tier proposed as Featured because the record appears to anchor or lead a family cluster.,Virtual curatorial Ramanandacharya family: Kabhir Devji shares Ramanandacharya as common guru with Ravidas; Ramanandacharya is absent from the saint table because relics are not present.,,CUR-FAM-RAMANANDACHARYA,,Kashi Region,(No Sampradaya),"Varanasi, Uttar Pradesh, India"
recLn3bLLWAWw2Q0v,Sri Madhusudan of Bodhgaya ,Ramanandi,Needs Research,Secondary,Medium,Family override from FAM-017 (Sri DevRaha Baba Family); family placement takes priority over geography. Tier proposed as Secondary because the record is a close family/lineage member or direct section fit.,Organize inside Ramanandi using FAM-017 family context before geography.,FAM-017,,3,Bihar General,(No Sampradaya),"Bodhgaya, Bihar, India"
recmarxKCZnFGzlo0,Sri Mira Bai of Rajasthan,Ramanandi,Gujarat & Swaminarayan Traditions,Featured,High,"Virtual curatorial Ramanandacharya family: Mira Bai is treated as a disciple of Ravidas; Ravidas and Kabhir Devji are treated as disciples of Ramanandacharya, the founder of the Ramanandi Sampradaya, whose relics are not in the table. Explicit archivalist featured saint override: Mira Bai. Tier proposed as Featured because the record appears to anchor or lead a family cluster.","Virtual curatorial Ramanandacharya family: Mira Bai is treated as a disciple of Ravidas; Ravidas and Kabhir Devji are treated as disciples of Ramanandacharya, the founder of the Ramanandi Sampradaya, whose relics are not in the table.",FAM-061,CUR-FAM-RAMANANDACHARYA,2,Rajasthan General,(No Sampradaya),Rajasthan
rec0qrw5sFsUtxeiC,"Sri Pujya Sri Ramji Bapu of Ramji Iksha Goshala, Girnar",Ramanandi,Girnar & Nath Traditions,Tertiary,High,"Sampradaya maps directly to Ramanandi. Tier proposed as Tertiary because placement is contextual, inferred, or lower-confidence.",,,,,Girnar & Nath Tradition,Ramanandi Sampradaya,"Girnar, Gujarat, India"
recoJDmYfi6mW01ol,"Sri Purushottam Bapu of Harihar Ashram, Chaurasi dhuni, Bhet Dwaraka , Gujarat ",Ramanandi,Braj & Krishna Bhakti; Gujarat & Swaminarayan Traditions,Tertiary,High,"Sampradaya maps directly to Ramanandi. Tier proposed as Tertiary because placement is contextual, inferred, or lower-confidence.",,,,,Krishna-Dwarka Region,Ramanandi Sampradaya - Tyagi,"Dwarka, Gujarat, India"
recJHxAHzd7oNrbfR,"Sri Ramashray Ji Maharaj Singhasta Bhushan of Akhile Bharti Sri Panch Nirmohi Ani Akhara, ",Ramanandi,Needs Research,Tertiary,High,"Sampradaya maps directly to Ramanandi. Tier proposed as Tertiary because placement is contextual, inferred, or lower-confidence.",,,,,Uttar Pradesh General,Ramanandi Sampradaya,"Chitrakoot, Uttar Pradesh, India"
recNbqE6mDR6cCpY1,"Sri Ramcharan Das Ji of Ram Dham, Chitrakoot ",Ramanandi,Rama & Avadh,Tertiary,High,"Sampradaya maps directly to Ramanandi. Tier proposed as Tertiary because placement is contextual, inferred, or lower-confidence.",,,,,Uttar Pradesh General,Ramanandi Sampradaya,"Chitrakoot, Uttar Pradesh, India"
rece8TkBogU3sVpwc,"Sri Ramdas ji Maharaj of Khuk Chowk, Gomati Ghat, Dwaraka",Ramanandi,Braj & Krishna Bhakti,Tertiary,High,"Sampradaya maps directly to Ramanandi. Tier proposed as Tertiary because placement is contextual, inferred, or lower-confidence.",,,,,Krishna-Dwarka Region,Ramanandi Sampradaya - Tyagi,"Dwarka, Gujarat, India"
recwLihcAMWgrOkeh,Sri Ravidas of Varanasi,Ramanandi,Kashi & Ascetic Lineages,Featured,High,Virtual curatorial Ramanandacharya family: Ravidas shares Ramanandacharya as common guru with Kabhir Devji and is the guru of Mira Bai. Explicit archivalist featured saint override: Sri Ravidas of Varanasi. Tier proposed as Featured because the record appears to anchor or lead a family cluster.,Virtual curatorial Ramanandacharya family: Ravidas shares Ramanandacharya as common guru with Kabhir Devji and is the guru of Mira Bai.,FAM-061,CUR-FAM-RAMANANDACHARYA,2,Kashi Region,(No Sampradaya),"Varanasi, Uttar Pradesh, India"
recQuv0GfFMdzTtHv,Sri Shyam Sundar ji of Vrindavan,Ramanandi,Braj & Krishna Bhakti,Secondary,Medium,Family override from FAM-015 (Sri Sudama Dasji Maharaj Family); family placement takes priority over geography. Tier proposed as Secondary because the record is a close family/lineage member or direct section fit.,Organize inside Ramanandi using FAM-015 family context before geography.,FAM-015,,3,Braj Mandal,(No Sampradaya),"Brahma Kund, Vrindavan, Uttar Pradesh, India"
recuvvLe4Vx6aXFIm,"Sri Sri 1008 Bade Phalhari Ji Maharaj of Sri Jugal Vinod Kuti Ashram, Janki Kund, Chitrakoot",Ramanandi,Rama & Avadh,Tertiary,High,"Sampradaya maps directly to Ramanandi. Tier proposed as Tertiary because placement is contextual, inferred, or lower-confidence.",,,,,Uttar Pradesh General,Ramanandi Sampradaya,"Chitrakoot, Uttar Pradesh, India"
recvptB0goxXrefu2,"Sri Sri 1008 Sri Ramdev Das Tyagi of Khaki Chowk, Janaki Kund, Choti Goofa, Chitrakoot",Ramanandi,Rama & Avadh,Tertiary,High,"Sampradaya maps directly to Ramanandi. Tier proposed as Tertiary because placement is contextual, inferred, or lower-confidence.",,,,,Uttar Pradesh General,Ramanandi Sampradaya,"Chitrakoot, Uttar Pradesh, India"
recBuu7AIt4Awzg0d,"Sri Sri 1008 Sri Tyagi Ji Maharaj (Premdas Mahatyagi) of Paishni Goofa, Chitrakoot",Ramanandi,Rama & Avadh,Tertiary,High,"Sampradaya maps directly to Ramanandi. Tier proposed as Tertiary because placement is contextual, inferred, or lower-confidence.",,,,,Uttar Pradesh General,Ramanandi Sampradaya,"Chitrakoot, Uttar Pradesh, India"
recYIE2g8p2NxItsz,"Sri Sri 108 Mahant Sukadev Das ji Maharaj of Sri Braj Kedarnath Dham, Bilond, Kaman, Deeg, Rajasthan",Ramanandi,Braj & Krishna Bhakti; Girnar & Nath Traditions,Tertiary,High,"Sampradaya maps directly to Ramanandi. Tier proposed as Tertiary because placement is contextual, inferred, or lower-confidence.",,,,,Krishna-Braj Extension,Ramanandi Sampradaya,"Deeg, Rajasthan, India"
rec59JkY6SOUSX9A1,"Sri Sri 108 Sri Shyamdas ji Mahatyagi of Sri RamJanki Mandir, Janki Kund,Chitrakoot ",Ramanandi,Rama & Avadh,Tertiary,High,"Sampradaya maps directly to Ramanandi. Tier proposed as Tertiary because placement is contextual, inferred, or lower-confidence.",,,,,Uttar Pradesh General,Ramanandi Sampradaya,"Chitrakoot, Uttar Pradesh, India"
recQ5FbqUDFO6tDzG,"Sri Sri 108 Sri Siyaram Das Ji Mahatyagi of Sri RamJanki Mandir, Janki Kund, Chitrakoot ",Ramanandi,Rama & Avadh,Tertiary,High,"Sampradaya maps directly to Ramanandi. Tier proposed as Tertiary because placement is contextual, inferred, or lower-confidence.",,,,,Uttar Pradesh General,Ramanandi Sampradaya,"Chitrakoot, Uttar Pradesh, India"
rec5C2z9xBit3ohbJ,Sri Sudama Dasji Maharaj,Ramanandi,Needs Research,Secondary,Medium,Family override from FAM-015 (Sri Sudama Dasji Maharaj Family); family placement takes priority over geography. Explicit archivalist tier override: Sri Sudama Dasji Maharaj should be secondary. Tier proposed as Secondary because the record is a close family/lineage member or direct section fit.,Organize inside Ramanandi using FAM-015 family context before geography.,FAM-015,,3,,Ramanandi Sampradaya,
recDuHx7xC2QZSJOQ,"Sri Swami Sukhnandan Sharan Maharaj of Bhakti Yoga Ashram, Chitrakoot ",Ramanandi,Rama & Avadh,Tertiary,High,"Sampradaya maps directly to Ramanandi. Tier proposed as Tertiary because placement is contextual, inferred, or lower-confidence.",,,,,Uttar Pradesh General,Ramanandi Sampradaya,"Chitrakoot, Uttar Pradesh, India"
recjWmSDuyps8BTdQ,"Sri Trishul Baba of Sundarpur, Varanasi (Hanuman Mandir) ",Ramanandi,Kashi & Ascetic Lineages,Tertiary,High,"Sampradaya maps directly to Ramanandi. Tier proposed as Tertiary because placement is contextual, inferred, or lower-confidence.",,,,,Kashi Region,"Sampradaya Tyagi Naga
Aghori","Varanasi, Uttar Pradesh, India"
recAWiaewet8pwK53,Sri Yogi Parashuram ,Ramanandi,Needs Research,Tertiary,High,"Sampradaya maps directly to Ramanandi. Tier proposed as Tertiary because placement is contextual, inferred, or lower-confidence.",,,,,,Ramanandi Sampradaya,
receeTTYzFn1nRAom,Badrinarayana deity of Badrinath ,Rishikesh-Haridwar & Himalayan Monastic Lineages,Girnar & Nath Traditions,Featured,Medium,Spiritual region maps to Rishikesh-Haridwar & Himalayan Monastic Lineages. Explicit archivalist featured saint override: Badrinarayana deity of Badrinath. Tier proposed as Featured because the record appears to anchor or lead a family cluster.,,,,,Char Dham & Upper Himalaya,(No Sampradaya),"Badrinath, Uttarakhand, India"
recZv7jQ3c04uXa3f,Mahamandaleshwar 1008 Swami Vishnu Puriji Maharaj of Haridwar ,Rishikesh-Haridwar & Himalayan Monastic Lineages,Needs Research,Tertiary,Medium,"Spiritual region maps to Rishikesh-Haridwar & Himalayan Monastic Lineages. Tier proposed as Tertiary because placement is contextual, inferred, or lower-confidence.",,,,,Rishikesh-Haridwar Spiritual Corridor,(No Sampradaya),"Haridwar, Uttarakhand, India"
recRyh5sEg7vSy9az,Mahamandaleshwar Anant Sri Vibhushit Balyogi Swami Arjun Puriji Maharaj of Haridwar,Rishikesh-Haridwar & Himalayan Monastic Lineages,Needs Research,Tertiary,Medium,"Spiritual region maps to Rishikesh-Haridwar & Himalayan Monastic Lineages. Tier proposed as Tertiary because placement is contextual, inferred, or lower-confidence.",,,,,Rishikesh-Haridwar Spiritual Corridor,(No Sampradaya),"Haridwar, Uttarakhand, India"
rec0I0KR24EzhDo2b,Mahamandaleshwar Sri Mayogashakti of Haridwar ,Rishikesh-Haridwar & Himalayan Monastic Lineages,Needs Research,Tertiary,Medium,"Spiritual region maps to Rishikesh-Haridwar & Himalayan Monastic Lineages. Tier proposed as Tertiary because placement is contextual, inferred, or lower-confidence.",,,,,Rishikesh-Haridwar Spiritual Corridor,(No Sampradaya),"Haridwar, Uttarakhand, India"
recu6EVkuESrb0aWu,Mahant Sri Badamdasji Maharaj of Haridwar ,Rishikesh-Haridwar & Himalayan Monastic Lineages,Needs Research,Tertiary,Medium,"Spiritual region maps to Rishikesh-Haridwar & Himalayan Monastic Lineages. Tier proposed as Tertiary because placement is contextual, inferred, or lower-confidence.",,,,,Rishikesh-Haridwar Spiritual Corridor,(No Sampradaya),"Haridwar, Uttarakhand, India"
recJuPKSRPAw0EzMh,Mahant Sri Mukunda Acharya Swāmi of Badrinath,Rishikesh-Haridwar & Himalayan Monastic Lineages,Girnar & Nath Traditions,Tertiary,Medium,"Spiritual region maps to Rishikesh-Haridwar & Himalayan Monastic Lineages. Tier proposed as Tertiary because placement is contextual, inferred, or lower-confidence.",,,,,Char Dham & Upper Himalaya,(No Sampradaya),"Badrinath, Uttarakhand, India"
recoRltXupeZas8zP,Mahavatar Kriya Babaji,Rishikesh-Haridwar & Himalayan Monastic Lineages,Needs Research,Featured,High,Family override from FAM-004 (Mahavatar Kriya Babaji Family); family placement takes priority over geography. Explicit archivalist featured saint override: Sri Mahavatar Babaji. Tier proposed as Featured because the record appears to anchor or lead a family cluster.,Organize inside Rishikesh-Haridwar & Himalayan Monastic Lineages using FAM-004 family context before geography.,FAM-004,,11,Char Dham & Upper Himalaya,Kriya Yoga,"Badrinath, Uttarakhand, India"
recWVngE5PhuxTQ5w,"Parampujya Mahamandaleshwar 108 Swami Vivekanand ji Maharaj of Bhagwad Dham Ashram, Haridwar (?)",Rishikesh-Haridwar & Himalayan Monastic Lineages,Needs Research,Tertiary,Medium,"Spiritual region maps to Rishikesh-Haridwar & Himalayan Monastic Lineages. Tier proposed as Tertiary because placement is contextual, inferred, or lower-confidence.",,,,,Rishikesh-Haridwar Spiritual Corridor,(No Sampradaya),"Haridwar, Uttarakhand, India"
recePIf387x4YGvNg,Sri 1008 Swami Sri Akhandanandji Maharaj of Haridwar ,Rishikesh-Haridwar & Himalayan Monastic Lineages,Needs Research,Tertiary,Medium,"Spiritual region maps to Rishikesh-Haridwar & Himalayan Monastic Lineages. Tier proposed as Tertiary because placement is contextual, inferred, or lower-confidence.",,,,,Rishikesh-Haridwar Spiritual Corridor,(No Sampradaya),"Haridwar, Uttarakhand, India"
recI9vNewSjgz1HYE,Sri Akhil Brahmanand Nayika Parivajakacharya Paramahamsa Yogini Vishwamata Sadguru Om Malati Devi of Miraj,Rishikesh-Haridwar & Himalayan Monastic Lineages,Varkari,Secondary,High,Family override from FAM-009 (Sri Swami Shivananda Saraswati Family); family placement takes priority over geography. Tier proposed as Secondary because the record is a close family/lineage member or direct section fit.,Organize inside Rishikesh-Haridwar & Himalayan Monastic Lineages using FAM-009 family context before geography.,FAM-009,,5,Varkari Heartland,(No Sampradaya),"Miraj, Maharashtra, India"
reccOHbK0BcyzNftg,Sri Baba Sitaramanada Swami ,Rishikesh-Haridwar & Himalayan Monastic Lineages,Needs Research,Secondary,Medium,Family override from FAM-018 (Sri Haidakhan Babaji Family); family placement takes priority over geography. Tier proposed as Secondary because the record is a close family/lineage member or direct section fit.,Organize inside Rishikesh-Haridwar & Himalayan Monastic Lineages using FAM-018 family context before geography.,FAM-018,,3,,(No Sampradaya),
rec3E1tuKGh8MOhwW,Sri Barfani Das Baba of Badrinath,Rishikesh-Haridwar & Himalayan Monastic Lineages,Girnar & Nath Traditions,Tertiary,Medium,"Spiritual region maps to Rishikesh-Haridwar & Himalayan Monastic Lineages. Tier proposed as Tertiary because placement is contextual, inferred, or lower-confidence.",,,,,Char Dham & Upper Himalaya,(No Sampradaya),"Badrinath, Uttarakhand, India"
rec3yq5XtTNoYDxJi,"Sri Bhakti Maa (Mauni Maa) of Mauni Maa Ashram, Naukluchiatal lake, Uttarakhand",Rishikesh-Haridwar & Himalayan Monastic Lineages,Needs Research,Tertiary,Medium,"Spiritual region maps to Rishikesh-Haridwar & Himalayan Monastic Lineages. Tier proposed as Tertiary because placement is contextual, inferred, or lower-confidence.",,,,,Uttarakhand General,(No Sampradaya),Uttarakhand
recFmrOxVMA0umuTh,"Sri Bhakti Priya of Gangotri, Uttarakhand",Rishikesh-Haridwar & Himalayan Monastic Lineages,Needs Research,Tertiary,Medium,"Spiritual region maps to Rishikesh-Haridwar & Himalayan Monastic Lineages. Tier proposed as Tertiary because placement is contextual, inferred, or lower-confidence.",,,,,Char Dham & Upper Himalaya,(No Sampradaya),"Gangotri, Uttarakhand, India"
rec8CzHCFrZ3P5v06,Sri Bhramachaitanya Gondolekar Maharaj,Rishikesh-Haridwar & Himalayan Monastic Lineages,Needs Research,Secondary,Medium,Family override from FAM-022 (Sri Swami Chinmayananda Family); family placement takes priority over geography. Tier proposed as Secondary because the record is a close family/lineage member or direct section fit.,Organize inside Rishikesh-Haridwar & Himalayan Monastic Lineages using FAM-022 family context before geography.,FAM-022,,3,,(No Sampradaya),
recA7jUI6lTbFS4VY,Sri Brahmalin 108 Swami Trivenipuriji Maharaj of Haridwar,Rishikesh-Haridwar & Himalayan Monastic Lineages,Needs Research,Tertiary,Medium,"Spiritual region maps to Rishikesh-Haridwar & Himalayan Monastic Lineages. Tier proposed as Tertiary because placement is contextual, inferred, or lower-confidence.",,,,,Rishikesh-Haridwar Spiritual Corridor,(No Sampradaya),"Haridwar, Uttarakhand, India"
recQT5TNa4KPmOafN,Sri Dandhi Swami Maharaj of Rishikesh ,Rishikesh-Haridwar & Himalayan Monastic Lineages,Needs Research,Tertiary,Medium,"Spiritual region maps to Rishikesh-Haridwar & Himalayan Monastic Lineages. Tier proposed as Tertiary because placement is contextual, inferred, or lower-confidence.",,,,,Rishikesh-Haridwar Spiritual Corridor,(No Sampradaya),"Rishikesh, Uttarakhand, India"
recv5AeDjNqa6rSbp,"Sri Danvantara Giri of Dunagiri Temple, Malla, Surana, Dwarahat",Rishikesh-Haridwar & Himalayan Monastic Lineages,Needs Research,Tertiary,Medium,"Spiritual region maps to Rishikesh-Haridwar & Himalayan Monastic Lineages. Tier proposed as Tertiary because placement is contextual, inferred, or lower-confidence.",,,,,Kumaon Saints,(No Sampradaya),"Dwarahat, Uttarakhand, India"
recUCW4T6Le8f3ZdX,"Sri Daya Mata of Salt Lake City, Utha, USA ",Rishikesh-Haridwar & Himalayan Monastic Lineages,Global & Diaspora Lineages,Secondary,High,Family override from FAM-004 (Mahavatar Kriya Babaji Family); family placement takes priority over geography. Tier proposed as Secondary because the record is a close family/lineage member or direct section fit.,Organize inside Rishikesh-Haridwar & Himalayan Monastic Lineages using FAM-004 family context before geography.,FAM-004,,11,Global,Kriya Yoga,USA
recEQkjmS9ditf46F,Sri Digambar Hariom Bharti of Kedarnath,Rishikesh-Haridwar & Himalayan Monastic Lineages,Girnar & Nath Traditions,Tertiary,Medium,"Spiritual region maps to Rishikesh-Haridwar & Himalayan Monastic Lineages. Tier proposed as Tertiary because placement is contextual, inferred, or lower-confidence.",,,,,Char Dham & Upper Himalaya,(No Sampradaya),"Kedarnath, Uttarakhand, India"
recKWHDMv3ejIwDDI,Sri Digambar Subaj Giri of Badrinath & Haridwar ,Rishikesh-Haridwar & Himalayan Monastic Lineages,Girnar & Nath Traditions,Tertiary,Medium,"Spiritual region maps to Rishikesh-Haridwar & Himalayan Monastic Lineages. Tier proposed as Tertiary because placement is contextual, inferred, or lower-confidence.",,,,,"Char Dham & Upper Himalaya
Rishikesh-Haridwar Spiritual Corridor",(No Sampradaya),"Badrinath, Uttarakhand, India
Haridwar, Uttarakhand, India"
recIc9E1BwdIFc4OD,"Sri Durga Mata of Iron Mountain, Michigan, USA ",Rishikesh-Haridwar & Himalayan Monastic Lineages,Global & Diaspora Lineages,Secondary,High,Family override from FAM-004 (Mahavatar Kriya Babaji Family); family placement takes priority over geography. Tier proposed as Secondary because the record is a close family/lineage member or direct section fit.,Organize inside Rishikesh-Haridwar & Himalayan Monastic Lineages using FAM-004 family context before geography.,FAM-004,,11,Global,Kriya Yoga,USA
reckSOP93swGpRjsT,Sri Ganesh Baba (Shri Mahant Ganesh Giriji Maharaj ,Rishikesh-Haridwar & Himalayan Monastic Lineages,Needs Research,Tertiary,High,"Sampradaya maps directly to Rishikesh-Haridwar & Himalayan Monastic Lineages. Tier proposed as Tertiary because placement is contextual, inferred, or lower-confidence.",,,,,,Kriya Yoga,
recfnKOjMiG6f1CTw,Sri Gangavarti of Bhadrinath,Rishikesh-Haridwar & Himalayan Monastic Lineages,Girnar & Nath Traditions,Secondary,Medium,Spiritual region maps to Rishikesh-Haridwar & Himalayan Monastic Lineages. Tier proposed as Secondary because the record is a close family/lineage member or direct section fit.,Family FAM-046 is present but not mapped to a stronger section override; review family tree if this placement feels off.,FAM-046,,2,Char Dham & Upper Himalaya,(No Sampradaya),"Badrinath, Uttarakhand, India"
recLPboyEJSXcyDhx,"Sri Haidakhan Babaji of Haidakhan, Uttarakhand",Rishikesh-Haridwar & Himalayan Monastic Lineages,Needs Research,Featured,Medium,Family override from FAM-018 (Sri Haidakhan Babaji Family); family placement takes priority over geography. Tier proposed as Featured because the record appears to anchor or lead a family cluster.,Organize inside Rishikesh-Haridwar & Himalayan Monastic Lineages using FAM-018 family context before geography.,FAM-018,,3,Kumaon Saints,(No Sampradaya),"Haidakhan, Uttarakhand, India"
recW9wfkoPE6IPhnm,Sri Hari Om Baba of Badrinath,Rishikesh-Haridwar & Himalayan Monastic Lineages,Girnar & Nath Traditions,Tertiary,Medium,"Spiritual region maps to Rishikesh-Haridwar & Himalayan Monastic Lineages. Tier proposed as Tertiary because placement is contextual, inferred, or lower-confidence.",,,,,Char Dham & Upper Himalaya,(No Sampradaya),"Badrinath, Uttarakhand, India"
rec9T6tpXGtrCWdxV,"Sri Hariharananda Giri of Karar Ashram, Puri ",Rishikesh-Haridwar & Himalayan Monastic Lineages,Gaudiya Vaishnava,Secondary,High,Family override from FAM-004 (Mahavatar Kriya Babaji Family); family placement takes priority over geography. Tier proposed as Secondary because the record is a close family/lineage member or direct section fit.,Organize inside Rishikesh-Haridwar & Himalayan Monastic Lineages using FAM-004 family context before geography.,FAM-004,,11,Gaudiya Vaishnava Heartland,Gaudiya Vaishnava,"Mayapur, West Bengal, India"
recxiIGSVaGfnTRC8,Sri Kanaya Baba of Puri (Gudicha Mandir) ,Rishikesh-Haridwar & Himalayan Monastic Lineages,Jagannath-Puri & Odisha,Tertiary,High,"Sampradaya maps directly to Rishikesh-Haridwar & Himalayan Monastic Lineages. Tier proposed as Tertiary because placement is contextual, inferred, or lower-confidence.",,,,,Jagannath-Puri Tradition,Kriya Yoga,"Puri, Odisha, India"
recpvbCF5wXQRhZDf,"Sri Krishna Anandabharati Paramahamsa of Badrinath, Uttarakhand, Babaji cave",Rishikesh-Haridwar & Himalayan Monastic Lineages,Girnar & Nath Traditions,Tertiary,Medium,"Spiritual region maps to Rishikesh-Haridwar & Himalayan Monastic Lineages. Tier proposed as Tertiary because placement is contextual, inferred, or lower-confidence.",,,,,Char Dham & Upper Himalaya,(No Sampradaya),"Badrinath, Uttarakhand, India"
recx6n6mmw1tEEnFF,Sri Lahiri Mahasaya of Varanasi ,Rishikesh-Haridwar & Himalayan Monastic Lineages,Kashi & Ascetic Lineages,Featured,High,Family override from FAM-004 (Mahavatar Kriya Babaji Family); family placement takes priority over geography. Explicit archivalist featured saint override: Sri Lahiri Mahasaya of Varanasi. Tier proposed as Featured because the record appears to anchor or lead a family cluster.,Organize inside Rishikesh-Haridwar & Himalayan Monastic Lineages using FAM-004 family context before geography.,FAM-004,,11,Kashi Region,Kriya Yoga,"Varanasi, Uttar Pradesh, India"
recyTkbGdrdvC5hto,Sri Maa Bhavamayee Paramahansa of Puri ,Rishikesh-Haridwar & Himalayan Monastic Lineages,Jagannath-Puri & Odisha,Secondary,High,Family override from FAM-009 (Sri Swami Shivananda Saraswati Family); family placement takes priority over geography. Tier proposed as Secondary because the record is a close family/lineage member or direct section fit.,Organize inside Rishikesh-Haridwar & Himalayan Monastic Lineages using FAM-009 family context before geography.,FAM-009,,5,Jagannath-Puri Tradition,(No Sampradaya),"Puri, Odisha, India"
reciEdN6T8SZYRsQZ,"Sri Madhavgiri Maharaj of Aurangabad, Tapovan, Nashik, Maharashtra ",Rishikesh-Haridwar & Himalayan Monastic Lineages,Needs Research,Tertiary,Medium,"Spiritual region maps to Rishikesh-Haridwar & Himalayan Monastic Lineages. Tier proposed as Tertiary because placement is contextual, inferred, or lower-confidence.",,,,,"Rishikesh-Haridwar Spiritual Corridor
Maharashtra General",(No Sampradaya),"Tapovan, Uttarakhand, India
Nashik, Maharashtra, India
Aurangabad, Maharashtra, India"
recy4cCbJokFP3Mye,"Sri Mahamandaleshwar Swami Balkrishna Yati ji Maharaj of Laxmi Mata Temple, near Haldwani, Uttarakhand ",Rishikesh-Haridwar & Himalayan Monastic Lineages,Needs Research,Tertiary,Medium,"Spiritual region maps to Rishikesh-Haridwar & Himalayan Monastic Lineages. Tier proposed as Tertiary because placement is contextual, inferred, or lower-confidence.",,,,,Kumaon Saints,(No Sampradaya),"Haldwani, Uttarakhand, India"
recrqzrWmuf1nKDGW,"Sri Mahant Narayan Dasji Maharaj of Tapovan, Nashik",Rishikesh-Haridwar & Himalayan Monastic Lineages,Needs Research,Tertiary,Medium,"Spiritual region maps to Rishikesh-Haridwar & Himalayan Monastic Lineages. Tier proposed as Tertiary because placement is contextual, inferred, or lower-confidence.",,,,,Rishikesh-Haridwar Spiritual Corridor,(No Sampradaya),"Tapovan, Uttarakhand, India"
rec3ISaYxUAssvXzO,Sri Maharaj Lal Babaji of Bhavishya Badri,Rishikesh-Haridwar & Himalayan Monastic Lineages,Needs Research,Tertiary,Medium,"Spiritual region maps to Rishikesh-Haridwar & Himalayan Monastic Lineages. Tier proposed as Tertiary because placement is contextual, inferred, or lower-confidence.",,,,,Char Dham & Upper Himalaya,(No Sampradaya),"Bhavishya Badri, Uttarakhand, India"
recMQQQzFR0cD6IZd,Sri Mahendra Das Baba of Vrindavan,Rishikesh-Haridwar & Himalayan Monastic Lineages,Braj & Krishna Bhakti,Secondary,Medium,Family override from FAM-018 (Sri Haidakhan Babaji Family); family placement takes priority over geography. Tier proposed as Secondary because the record is a close family/lineage member or direct section fit.,Organize inside Rishikesh-Haridwar & Himalayan Monastic Lineages using FAM-018 family context before geography.,FAM-018,,3,Braj Mandal,(No Sampradaya),"Vrindavan, Uttar Pradesh, India"
recwX7dFfmlq9FfAh,"Sri Motilal Mukhabadhyay, Mukarji  of Serampur ",Rishikesh-Haridwar & Himalayan Monastic Lineages,Gaudiya Vaishnava,Secondary,High,Family override from FAM-004 (Mahavatar Kriya Babaji Family); family placement takes priority over geography. Tier proposed as Secondary because the record is a close family/lineage member or direct section fit.,Organize inside Rishikesh-Haridwar & Himalayan Monastic Lineages using FAM-004 family context before geography.,FAM-004,,11,Gaudiya Vaishnava Heartland,(No Sampradaya),"Serampur, West Bengal, India"
recQzqybkUv01Tqph,"Sri Muniraj Baba of Haidakhan, Haldwani, Uttarakhand",Rishikesh-Haridwar & Himalayan Monastic Lineages,Needs Research,Tertiary,Medium,"Spiritual region maps to Rishikesh-Haridwar & Himalayan Monastic Lineages. Tier proposed as Tertiary because placement is contextual, inferred, or lower-confidence.",,,,,Kumaon Saints,(No Sampradaya),"Haldwani, Uttarakhand, India"
recyokcxEvhxvtyPk,"Sri Paramahamsa Sant Vedananda Saraswati Maharaj of Vedananda Tapovan, Dwarahat",Rishikesh-Haridwar & Himalayan Monastic Lineages,Needs Research,Secondary,Medium,Spiritual region maps to Rishikesh-Haridwar & Himalayan Monastic Lineages. Tier proposed as Secondary because the record is a close family/lineage member or direct section fit.,Family FAM-063 is present but not mapped to a stronger section override; review family tree if this placement feels off.,FAM-063,,2,"Kumaon Saints
Rishikesh-Haridwar Spiritual Corridor",(No Sampradaya),"Dwarahat, Uttarakhand, India
Tapovan, Uttarakhand, India"
recfmgSikPoBr7PUd,Sri Paramahamsa Swami Parivrajaca Satchidananda Sarasvati (Ayama Baba) of Badrinath,Rishikesh-Haridwar & Himalayan Monastic Lineages,Girnar & Nath Traditions,Tertiary,Medium,"Spiritual region maps to Rishikesh-Haridwar & Himalayan Monastic Lineages. Tier proposed as Tertiary because placement is contextual, inferred, or lower-confidence.",,,,,Char Dham & Upper Himalaya,(No Sampradaya),"Badrinath, Uttarakhand, India"
reciPBtb5T1Js7Lqz,Sri Paramahamsa Yogananda of Gorakhpur ,Rishikesh-Haridwar & Himalayan Monastic Lineages,Girnar & Nath Traditions,Featured,High,Family override from FAM-004 (Mahavatar Kriya Babaji Family); family placement takes priority over geography. Explicit archivalist featured saint override: Sri Paramahamsa Yogananda of Gorakhpur. Tier proposed as Featured because the record appears to anchor or lead a family cluster.,Organize inside Rishikesh-Haridwar & Himalayan Monastic Lineages using FAM-004 family context before geography.,FAM-004,,11,Gorakh Tradition,Kriya Yoga,"Gorakpur, Uttar Pradesh, India"
recMZzMDDR3zIs3w7,Sri Pilot Baba of Sasaram/Haridwar,Rishikesh-Haridwar & Himalayan Monastic Lineages,Needs Research,Tertiary,Medium,"Spiritual region maps to Rishikesh-Haridwar & Himalayan Monastic Lineages. Tier proposed as Tertiary because placement is contextual, inferred, or lower-confidence.",,,,,Rishikesh-Haridwar Spiritual Corridor,(No Sampradaya),"Sasaram, Bihar, India
Haridwar, Uttarakhand, India"
recUsQPvYMKcz4d3F,Sri Rajeshwarji Maharaj of Haridwar ,Rishikesh-Haridwar & Himalayan Monastic Lineages,Needs Research,Tertiary,Medium,"Spiritual region maps to Rishikesh-Haridwar & Himalayan Monastic Lineages. Tier proposed as Tertiary because placement is contextual, inferred, or lower-confidence.",,,,,Rishikesh-Haridwar Spiritual Corridor,(No Sampradaya),"Haridwar, Uttarakhand, India"
rec7YxwtERAX8Gc0g,Sri Santosh Puri Maharaj of Haridwar  ,Rishikesh-Haridwar & Himalayan Monastic Lineages,Needs Research,Tertiary,Medium,"Spiritual region maps to Rishikesh-Haridwar & Himalayan Monastic Lineages. Tier proposed as Tertiary because placement is contextual, inferred, or lower-confidence.",,,,,Rishikesh-Haridwar Spiritual Corridor,(No Sampradaya),"Haridwar, Uttarakhand, India"
recE9ntzuel2YFTo7,"Sri Shivanath ji Maharaj of Bhavishya Badri, Uttharkhand ",Rishikesh-Haridwar & Himalayan Monastic Lineages,Girnar & Nath Traditions,Tertiary,Medium,"Spiritual region maps to Rishikesh-Haridwar & Himalayan Monastic Lineages. Tier proposed as Tertiary because placement is contextual, inferred, or lower-confidence.",,,,,Uttarakhand General,(No Sampradaya),Uttarakhand
recX41e1y6rSwuzVS,"Sri Sitaram Baba of Sidh Sot, Kangari, Haridwar",Rishikesh-Haridwar & Himalayan Monastic Lineages,Needs Research,Tertiary,Medium,"Spiritual region maps to Rishikesh-Haridwar & Himalayan Monastic Lineages. Tier proposed as Tertiary because placement is contextual, inferred, or lower-confidence.",,,,,Rishikesh-Haridwar Spiritual Corridor,(No Sampradaya),"Haridwar, Uttarakhand, India"
rec1UL3ctqGPZ5ybW,"Sri Sitaram Baba of Sidh Sot, Kangari, Haridwar ",Rishikesh-Haridwar & Himalayan Monastic Lineages,Needs Research,Tertiary,Medium,"Spiritual region maps to Rishikesh-Haridwar & Himalayan Monastic Lineages. Tier proposed as Tertiary because placement is contextual, inferred, or lower-confidence.",,,,,Rishikesh-Haridwar Spiritual Corridor,(No Sampradaya),"Haridwar, Uttarakhand, India"
recIBLoUbLLQQTSbP,"Sri Sombari Baba of Kakri Dham Temple, Kakrighat, Almora, Uttarakhand ",Rishikesh-Haridwar & Himalayan Monastic Lineages,Needs Research,Tertiary,Medium,"Spiritual region maps to Rishikesh-Haridwar & Himalayan Monastic Lineages. Tier proposed as Tertiary because placement is contextual, inferred, or lower-confidence.",,,,,Kumaon Saints,(No Sampradaya),"Almora, Uttarakhand, India"
rec6IqZR7ahPTDfEI,Sri Sri 1008 Hanuman Das Babaji of Haridwar,Rishikesh-Haridwar & Himalayan Monastic Lineages,Needs Research,Tertiary,Medium,"Spiritual region maps to Rishikesh-Haridwar & Himalayan Monastic Lineages. Tier proposed as Tertiary because placement is contextual, inferred, or lower-confidence.",,,,,Rishikesh-Haridwar Spiritual Corridor,(No Sampradaya),"Haridwar, Uttarakhand, India"
recLVwMPBTBcxHJG1,"Sri Sri Bhupendranath Sanyal of Puri, Orissa ",Rishikesh-Haridwar & Himalayan Monastic Lineages,Jagannath-Puri & Odisha; Girnar & Nath Traditions,Secondary,High,Family override from FAM-004 (Mahavatar Kriya Babaji Family); family placement takes priority over geography. Tier proposed as Secondary because the record is a close family/lineage member or direct section fit.,Organize inside Rishikesh-Haridwar & Himalayan Monastic Lineages using FAM-004 family context before geography.,FAM-004,,11,Jagannath-Puri Tradition,(No Sampradaya),"Puri, Odisha, India"
recKFP79mZ8Fyhvao,Sri Sri Hanuman Das Babaji of Vrindavan,Rishikesh-Haridwar & Himalayan Monastic Lineages,Ramanandi; Braj & Krishna Bhakti,Secondary,High,Family override from FAM-004 (Mahavatar Kriya Babaji Family); family placement takes priority over geography. Tier proposed as Secondary because the record is a close family/lineage member or direct section fit.,Organize inside Rishikesh-Haridwar & Himalayan Monastic Lineages using FAM-004 family context before geography.,FAM-004,,11,Braj Mandal,Ramanandi Sampradaya,"Vrindavan, Uttar Pradesh, India"
rec9g1wVf8tZM1RTr,"Sri Sri Swami Sevak Ji Maharaj of Kainchi Dham, Bowali, Uttarkhand",Rishikesh-Haridwar & Himalayan Monastic Lineages,Needs Research,Tertiary,Medium,"Spiritual region maps to Rishikesh-Haridwar & Himalayan Monastic Lineages. Tier proposed as Tertiary because placement is contextual, inferred, or lower-confidence.",,,,,Uttarakhand General,(No Sampradaya),Uttarakhand
recFjWjXyxkIFkeMr,Sri Swami Bhoomanand ji Maharaj of Uttarkashi,Rishikesh-Haridwar & Himalayan Monastic Lineages,Needs Research,Secondary,Medium,Spiritual region maps to Rishikesh-Haridwar & Himalayan Monastic Lineages. Tier proposed as Secondary because the record is a close family/lineage member or direct section fit.,Family FAM-077 is present but not mapped to a stronger section override; review family tree if this placement feels off.,FAM-077,,2,Char Dham & Upper Himalaya,(No Sampradaya),"Uttarkashi, Uttarakhand, India"
recMlR5jy61TvaRlN,Sri Swami Chaitanyanand ji of Uttarkashi,Rishikesh-Haridwar & Himalayan Monastic Lineages,Needs Research,Tertiary,Medium,"Spiritual region maps to Rishikesh-Haridwar & Himalayan Monastic Lineages. Tier proposed as Tertiary because placement is contextual, inferred, or lower-confidence.",,,,,Char Dham & Upper Himalaya,(No Sampradaya),"Uttarkashi, Uttarakhand, India"
recosc27YgiELa175,Sri Swami Chidananda Saraswati of Rishikesh,Rishikesh-Haridwar & Himalayan Monastic Lineages,Needs Research,Secondary,High,Family override from FAM-009 (Sri Swami Shivananda Saraswati Family); family placement takes priority over geography. Tier proposed as Secondary because the record is a close family/lineage member or direct section fit.,Organize inside Rishikesh-Haridwar & Himalayan Monastic Lineages using FAM-009 family context before geography.,FAM-009,,5,Rishikesh-Haridwar Spiritual Corridor,(No Sampradaya),"Rishikesh, Uttarakhand, India"
reckvQNbpExEDFhIS,"Sri Swami Chinmayananda of Tapovan Ashram, Dharamshala ",Rishikesh-Haridwar & Himalayan Monastic Lineages,Needs Research,Featured,Medium,Family override from FAM-022 (Sri Swami Chinmayananda Family); family placement takes priority over geography. Tier proposed as Featured because the record appears to anchor or lead a family cluster.,Organize inside Rishikesh-Haridwar & Himalayan Monastic Lineages using FAM-022 family context before geography.,FAM-022,,3,Rishikesh-Haridwar Spiritual Corridor,(No Sampradaya),"Tapovan, Rishikesh, Uttarakhand, India"
recfC3aq74ATZisCg,Sri Swami Dharmaraj Bharati Mouni Baba of Badrinath,Rishikesh-Haridwar & Himalayan Monastic Lineages,Girnar & Nath Traditions,Secondary,Medium,Spiritual region maps to Rishikesh-Haridwar & Himalayan Monastic Lineages. Tier proposed as Secondary because the record is a close family/lineage member or direct section fit.,Family FAM-046 is present but not mapped to a stronger section override; review family tree if this placement feels off.,FAM-046,,2,Char Dham & Upper Himalaya,(No Sampradaya),"Badrinath, Uttarakhand, India"
recUTlwjCvniL1hEv,"Sri Swami Kriyananda of Azuga, Romania",Rishikesh-Haridwar & Himalayan Monastic Lineages,Global & Diaspora Lineages,Secondary,High,Family override from FAM-004 (Mahavatar Kriya Babaji Family); family placement takes priority over geography. Tier proposed as Secondary because the record is a close family/lineage member or direct section fit.,Organize inside Rishikesh-Haridwar & Himalayan Monastic Lineages using FAM-004 family context before geography.,FAM-004,,11,Global,Kriya Yoga,"Azuga, Romania
Assisi, Italy"
recDrYiUzauA9xVdI,Sri Swami Prakashanand Saraswati of Rishikesh  ,Rishikesh-Haridwar & Himalayan Monastic Lineages,Needs Research,Tertiary,Medium,"Spiritual region maps to Rishikesh-Haridwar & Himalayan Monastic Lineages. Tier proposed as Tertiary because placement is contextual, inferred, or lower-confidence.",,,,,Rishikesh-Haridwar Spiritual Corridor,(No Sampradaya),"Rishikesh, Uttarakhand, India"
rec5FAiSbTqv34E1g,Sri Swami Premananda Saraswati Maha Mrityumjay of Haridwar ,Rishikesh-Haridwar & Himalayan Monastic Lineages,Needs Research,Tertiary,Medium,"Spiritual region maps to Rishikesh-Haridwar & Himalayan Monastic Lineages. Tier proposed as Tertiary because placement is contextual, inferred, or lower-confidence.",,,,,Rishikesh-Haridwar Spiritual Corridor,(No Sampradaya),"Haridwar, Uttarakhand, India"
recwcuvazSHfWVS3a,Sri Swami Purushottamanandji Maharaj of Rishikesh ,Rishikesh-Haridwar & Himalayan Monastic Lineages,Needs Research,Tertiary,Medium,"Spiritual region maps to Rishikesh-Haridwar & Himalayan Monastic Lineages. Tier proposed as Tertiary because placement is contextual, inferred, or lower-confidence.",,,,,Rishikesh-Haridwar Spiritual Corridor,(No Sampradaya),"Rishikesh, Uttarakhand, India"
recridc3rHHt53itd,Sri Swami Rama of Rishikesh ,Rishikesh-Haridwar & Himalayan Monastic Lineages,Needs Research,Tertiary,Medium,"Spiritual region maps to Rishikesh-Haridwar & Himalayan Monastic Lineages. Tier proposed as Tertiary because placement is contextual, inferred, or lower-confidence.",,,,,Rishikesh-Haridwar Spiritual Corridor,(No Sampradaya),"Rishikesh, Uttarakhand, India"
recMeQJMJiKrTT5LA,Sri Swāmi Ramdas of Badrinath,Rishikesh-Haridwar & Himalayan Monastic Lineages,Girnar & Nath Traditions,Tertiary,Medium,"Spiritual region maps to Rishikesh-Haridwar & Himalayan Monastic Lineages. Tier proposed as Tertiary because placement is contextual, inferred, or lower-confidence.",,,,,Char Dham & Upper Himalaya,(No Sampradaya),"Badrinath, Uttarakhand, India"
rec7VNSpAzsbmRzkq,Sri Swami Satyamitranand Giri ji of Haridwar,Rishikesh-Haridwar & Himalayan Monastic Lineages,Needs Research,Tertiary,Medium,"Spiritual region maps to Rishikesh-Haridwar & Himalayan Monastic Lineages. Tier proposed as Tertiary because placement is contextual, inferred, or lower-confidence.",,,,,Rishikesh-Haridwar Spiritual Corridor,(No Sampradaya),"Haridwar, Uttarakhand, India"
recSvNj9vdvRTFkhs,"Sri Swami Shantanand Saraswati of Rishikesh, Uttarkhand",Rishikesh-Haridwar & Himalayan Monastic Lineages,Needs Research,Tertiary,Medium,"Spiritual region maps to Rishikesh-Haridwar & Himalayan Monastic Lineages. Tier proposed as Tertiary because placement is contextual, inferred, or lower-confidence.",,,,,Rishikesh-Haridwar Spiritual Corridor,(No Sampradaya),"Rishikesh, Uttarakhand, India"
rec8qDaH8zmGtELbj,Sri Swami Shivananda Saraswati of Rishikesh ,Rishikesh-Haridwar & Himalayan Monastic Lineages,Needs Research,Featured,High,Family override from FAM-009 (Sri Swami Shivananda Saraswati Family); family placement takes priority over geography. Explicit archivalist featured saint override: Sri Swami Shivananda of Rishikesh. Tier proposed as Featured because the record appears to anchor or lead a family cluster.,Organize inside Rishikesh-Haridwar & Himalayan Monastic Lineages using FAM-009 family context before geography.,FAM-009,,5,Rishikesh-Haridwar Spiritual Corridor,(No Sampradaya),"Rishikesh, Uttarakhand, India"
recG1QmsdJh1MWEY9,Sri Swami Shravananda ji of Uttarkashi ,Rishikesh-Haridwar & Himalayan Monastic Lineages,Needs Research,Tertiary,Medium,"Spiritual region maps to Rishikesh-Haridwar & Himalayan Monastic Lineages. Tier proposed as Tertiary because placement is contextual, inferred, or lower-confidence.",,,,,Char Dham & Upper Himalaya,(No Sampradaya),"Uttarkashi, Uttarakhand, India"
recH8o102sJ3mQ7aT,Sri Swami SriYukteshwar Giri of Serampur,Rishikesh-Haridwar & Himalayan Monastic Lineages,Gaudiya Vaishnava,Featured,High,Family override from FAM-004 (Mahavatar Kriya Babaji Family); family placement takes priority over geography. Explicit archivalist featured saint override: Sri Swami SriYukteshwar Giri of Serampur. Tier proposed as Featured because the record appears to anchor or lead a family cluster.,Organize inside Rishikesh-Haridwar & Himalayan Monastic Lineages using FAM-004 family context before geography.,FAM-004,,11,"Gaudiya Vaishnava Heartland
Modern Guru Centers",Kriya Yoga,"Serampur, West Bengal, India
Pune, Maharashtra, India"
reco0ilcpoRpLH4gZ,Sri Swami Swarupanand ji Maharaj of Uttarkashi ,Rishikesh-Haridwar & Himalayan Monastic Lineages,Needs Research,Tertiary,Medium,"Spiritual region maps to Rishikesh-Haridwar & Himalayan Monastic Lineages. Tier proposed as Tertiary because placement is contextual, inferred, or lower-confidence.",,,,,Char Dham & Upper Himalaya,(No Sampradaya),"Uttarkashi, Uttarakhand, India"
rec4VCRxr1DoVIv0w,Sri Swami Vigyanand Puri of Haridwar,Rishikesh-Haridwar & Himalayan Monastic Lineages,Needs Research,Tertiary,Medium,"Spiritual region maps to Rishikesh-Haridwar & Himalayan Monastic Lineages. Tier proposed as Tertiary because placement is contextual, inferred, or lower-confidence.",,,,,Rishikesh-Haridwar Spiritual Corridor,(No Sampradaya),"Haridwar, Uttarakhand, India"
reci9mOaQMMeNqeeW,Sri Swami Vishnudevananda Saraswati of Kerala,Rishikesh-Haridwar & Himalayan Monastic Lineages,Needs Research,Secondary,High,Family override from FAM-009 (Sri Swami Shivananda Saraswati Family); family placement takes priority over geography. Tier proposed as Secondary because the record is a close family/lineage member or direct section fit.,Organize inside Rishikesh-Haridwar & Himalayan Monastic Lineages using FAM-009 family context before geography.,FAM-009,,5,Kerala General,Shivananda,Kerala
rechSjVXrbU5P8Ss3,"Sri Swami Vitthalanand Saraswati of Dwarahat, Almora, Uttarkhand",Rishikesh-Haridwar & Himalayan Monastic Lineages,Needs Research,Tertiary,Medium,"Spiritual region maps to Rishikesh-Haridwar & Himalayan Monastic Lineages. Tier proposed as Tertiary because placement is contextual, inferred, or lower-confidence.",,,,,Uttarakhand General,(No Sampradaya),Uttarakhand
reco5amho3BdJbBku,Sri Tapovan Maharaj of Uttarkashi,Rishikesh-Haridwar & Himalayan Monastic Lineages,Needs Research,Tertiary,Medium,"Spiritual region maps to Rishikesh-Haridwar & Himalayan Monastic Lineages. Tier proposed as Tertiary because placement is contextual, inferred, or lower-confidence.",,,,,Char Dham & Upper Himalaya,(No Sampradaya),"Uttarkashi, Uttarakhand, India"
recZIUYP9Lvl4Z1Hq,Sri Tukamayi of Hingoli,Rishikesh-Haridwar & Himalayan Monastic Lineages,Girnar & Nath Traditions,Secondary,Medium,Family override from FAM-022 (Sri Swami Chinmayananda Family); family placement takes priority over geography. Tier proposed as Secondary because the record is a close family/lineage member or direct section fit.,Organize inside Rishikesh-Haridwar & Himalayan Monastic Lineages using FAM-022 family context before geography.,FAM-022,,3,Nath & Shaiva Maharashtra,(No Sampradaya),"Hingoli, Maharashtra, India"
recGTvaJlA6Ql1Nw0,Sri Vanamali Devi Mataji of Rishikesh,Rishikesh-Haridwar & Himalayan Monastic Lineages,Needs Research,Tertiary,Medium,"Spiritual region maps to Rishikesh-Haridwar & Himalayan Monastic Lineages. Tier proposed as Tertiary because placement is contextual, inferred, or lower-confidence.",,,,,Rishikesh-Haridwar Spiritual Corridor,(No Sampradaya),"Rishikesh, Uttarakhand, India
Tapovan, Uttarakhand, India"
rec7U1NIIWwz8Nypx,"Sri Vankhandi Baba of near Sattel, Uttarkhand (Tiger/Alu Baba)",Rishikesh-Haridwar & Himalayan Monastic Lineages,Needs Research,Tertiary,Medium,"Spiritual region maps to Rishikesh-Haridwar & Himalayan Monastic Lineages. Tier proposed as Tertiary because placement is contextual, inferred, or lower-confidence.",,,,,Kumaon Saints,(No Sampradaya),"Sattal, Uttarakhand, India"
recqXl7GcR045xZDk,"Sri Vedananda Baba of Dwarahat, Almora, Uttarakhand ",Rishikesh-Haridwar & Himalayan Monastic Lineages,Needs Research,Tertiary,Medium,"Spiritual region maps to Rishikesh-Haridwar & Himalayan Monastic Lineages. Tier proposed as Tertiary because placement is contextual, inferred, or lower-confidence.",,,,,Kumaon Saints,(No Sampradaya),"Dwarahat, Uttarakhand, India
Almora, Uttarakhand, India"
recRkYL9U9henaB8c,Sri Vivekanand Puriji Maharaj of Haridwar ,Rishikesh-Haridwar & Himalayan Monastic Lineages,Needs Research,Tertiary,Medium,"Spiritual region maps to Rishikesh-Haridwar & Himalayan Monastic Lineages. Tier proposed as Tertiary because placement is contextual, inferred, or lower-confidence.",,,,,Rishikesh-Haridwar Spiritual Corridor,(No Sampradaya),"Haridwar, Uttarakhand, India"
reccWmjwNsjck41hj,Floating stone from the bridge of Sri Ram at/ from Dhanushkodi 18 B,Shaiva Siddhanta & Tamil Traditions,Rama & Avadh,Tertiary,Medium,"Spiritual region maps to Shaiva Siddhanta & Tamil Traditions. Tier proposed as Tertiary because placement is contextual, inferred, or lower-confidence.",,,,,Southern Pilgrimage Circuit,(No Sampradaya),"Dhanushkodi, Tamil Nadu, India"
reczY78HfusPpmd3Z,Mahant Sri Mohandas Baba of Rameshwaram,Shaiva Siddhanta & Tamil Traditions,Rama & Avadh,Tertiary,Medium,"Spiritual region maps to Shaiva Siddhanta & Tamil Traditions. Tier proposed as Tertiary because placement is contextual, inferred, or lower-confidence.",,,,,Southern Pilgrimage Circuit,(No Sampradaya),"Rameshwaram, Tamil Nadu, India"
recr3tnPgC4PvLq0s,"Sri Annai Siddha Rajakumar Guruji of Brammarishi Hill, Elambalur, Perambalur, Tamil Nadu",Shaiva Siddhanta & Tamil Traditions,Needs Research,Tertiary,Medium,"Spiritual region maps to Shaiva Siddhanta & Tamil Traditions. Tier proposed as Tertiary because placement is contextual, inferred, or lower-confidence.",,,,,Tamil Nadu General,(No Sampradaya),Tamil Nadu
rec4IIyCW1scfG1my,Sri Ayyanarayana Guru of Kanyakumari,Shaiva Siddhanta & Tamil Traditions,Needs Research,Tertiary,Medium,"Spiritual region maps to Shaiva Siddhanta & Tamil Traditions. Tier proposed as Tertiary because placement is contextual, inferred, or lower-confidence.",,,,,Southern Pilgrimage Circuit,(No Sampradaya),"Kanyakumari, Tamil Nadu, India"
recNQ4jvd5f2OIqDX,Sri Bajrang Das Babaji of Rameshwaram ,Shaiva Siddhanta & Tamil Traditions,Rama & Avadh,Tertiary,Medium,"Spiritual region maps to Shaiva Siddhanta & Tamil Traditions. Tier proposed as Tertiary because placement is contextual, inferred, or lower-confidence.",,,,,Southern Pilgrimage Circuit,(No Sampradaya),"Rameshwaram, Tamil Nadu, India"
recengHtKeNL5ybIf,Sri Balaram of Chennai,Shaiva Siddhanta & Tamil Traditions,Needs Research,Tertiary,Medium,"Spiritual region maps to Shaiva Siddhanta & Tamil Traditions. Tier proposed as Tertiary because placement is contextual, inferred, or lower-confidence.",,,,,Chennai Spiritual Sphere,(No Sampradaya),"Chennai, Tamil Nadu, India"
rec1zHMns6EOTfUe7,Sri Chidambar Mahaswami Dixit ,Shaiva Siddhanta & Tamil Traditions,Needs Research,Tertiary,High,"No strong family, sampradaya, or spiritual-region section could be inferred. Needs-research override: Sri Chidambar Mahaswami Dixit should be proposed for Shaiva Siddhanta & Tamil Traditions, but remain tertiary. Section overridden to Shaiva Siddhanta & Tamil Traditions. Tier proposed as Tertiary because placement is contextual, inferred, or lower-confidence.","Needs-research override: Sri Chidambar Mahaswami Dixit should be proposed for Shaiva Siddhanta & Tamil Traditions, but remain tertiary.",FAM-041,,2,,(No Sampradaya),
recbGOAeQvw2ZNTmE,Sri Chinnakunji Amma Avadhoota Siddhar of Velampatty,Shaiva Siddhanta & Tamil Traditions,Needs Research,Tertiary,Medium,"Spiritual region maps to Shaiva Siddhanta & Tamil Traditions. Tier proposed as Tertiary because placement is contextual, inferred, or lower-confidence.",,,,,Tamil Nadu General,(No Sampradaya),"Velampatty, Tamil Nadu, India"
recKdtEsgLoYg2Y6x,Sri Egmore Nellore Swami of Chennai,Shaiva Siddhanta & Tamil Traditions,Needs Research,Tertiary,Medium,"Spiritual region maps to Shaiva Siddhanta & Tamil Traditions. Tier proposed as Tertiary because placement is contextual, inferred, or lower-confidence.",,,,,Chennai Spiritual Sphere,(No Sampradaya),"Chennai, Tamil Nadu, India"
rec1Cv9Cob4e2CcPd,Sri Gnanananda Giri Swamigal of Thapovanam (Thirukoilure) ,Shaiva Siddhanta & Tamil Traditions,Needs Research,Tertiary,Medium,"Spiritual region maps to Shaiva Siddhanta & Tamil Traditions. Tier proposed as Tertiary because placement is contextual, inferred, or lower-confidence.",,,,,Shaiva Siddhanta Heartland,(No Sampradaya),"Thapovanam, Thirukoilure, Tamil Nadu, India"
recDhXYkMMpHRMSpZ,Sri Gopal of Mylapore,Shaiva Siddhanta & Tamil Traditions,Needs Research,Tertiary,Medium,"Spiritual region maps to Shaiva Siddhanta & Tamil Traditions. Tier proposed as Tertiary because placement is contextual, inferred, or lower-confidence.",,,,,Chennai Spiritual Sphere,(No Sampradaya),"Mylapore, Tamil Nadu, India"
recxP4lgXzCTsJ95J,"Sri Mahan Maakan Bhramar Maharaj of Trichy, Tamil Nadu",Shaiva Siddhanta & Tamil Traditions,Needs Research,Tertiary,Medium,"Spiritual region maps to Shaiva Siddhanta & Tamil Traditions. Tier proposed as Tertiary because placement is contextual, inferred, or lower-confidence.",,,,,Tamil Nadu General,(No Sampradaya),"Trichy, Tamil Nadu, India"
recHfJEz2jTh79E55,Sri Mahayogi Mauna Swamigal of Tiruvannamalai,Shaiva Siddhanta & Tamil Traditions,Needs Research,Tertiary,Medium,"Spiritual region maps to Shaiva Siddhanta & Tamil Traditions. Tier proposed as Tertiary because placement is contextual, inferred, or lower-confidence.",,,,,Shaiva Siddhanta Heartland,(No Sampradaya),"Tiruvannamalai, Tamil Nadu, India"
recXKntMgFkDVnotJ,"Sri Mahayogi Mouna Baba of Tiruvanamalai, Tamil Nadu",Shaiva Siddhanta & Tamil Traditions,Needs Research,Tertiary,Medium,"Spiritual region maps to Shaiva Siddhanta & Tamil Traditions. Tier proposed as Tertiary because placement is contextual, inferred, or lower-confidence.",,,,,Shaiva Siddhanta Heartland,(No Sampradaya),"Tiruvannamalai, Tamil Nadu, India"
recI0X02xdySqEQru,Sri Manick Vasagar of Tamil Nadu ,Shaiva Siddhanta & Tamil Traditions,Needs Research,Tertiary,Medium,"Spiritual region maps to Shaiva Siddhanta & Tamil Traditions. Tier proposed as Tertiary because placement is contextual, inferred, or lower-confidence.",,,,,Tamil Nadu General,(No Sampradaya),"Tamil Nadu, India"
recgUM6AGSalrcNsu,Sri Mayamma of Salem,Shaiva Siddhanta & Tamil Traditions,Needs Research,Tertiary,Medium,"Spiritual region maps to Shaiva Siddhanta & Tamil Traditions. Tier proposed as Tertiary because placement is contextual, inferred, or lower-confidence.",,,,,Tamil Nadu General,(No Sampradaya),"Salem, Tamil Nadu, India"
recydHJQqqfZMPgYg,Sri Otteri Swami of Chennai,Shaiva Siddhanta & Tamil Traditions,Needs Research,Tertiary,Medium,"Spiritual region maps to Shaiva Siddhanta & Tamil Traditions. Tier proposed as Tertiary because placement is contextual, inferred, or lower-confidence.",,,,,Chennai Spiritual Sphere,(No Sampradaya),"Chennai, Tamil Nadu, India"
recIZYFwtqvfV8e8t,Sri Pamban Swamigal of Rameshwaram ,Shaiva Siddhanta & Tamil Traditions,Rama & Avadh,Featured,Medium,Spiritual region maps to Shaiva Siddhanta & Tamil Traditions. Explicit archivalist featured saint override: Sri Pamban Swamigal of Rameshwaram. Tier proposed as Featured because the record appears to anchor or lead a family cluster.,,,,,Southern Pilgrimage Circuit,(No Sampradaya),"Rameshwaram, Tamil Nadu, India"
rec9KXdwIp7XXzWjM,"Sri Paramahamsa Nithyananda of Tiruvanamalai, Tamil Nadu",Shaiva Siddhanta & Tamil Traditions,Needs Research,Tertiary,Medium,"Spiritual region maps to Shaiva Siddhanta & Tamil Traditions. Tier proposed as Tertiary because placement is contextual, inferred, or lower-confidence.",,,,,Shaiva Siddhanta Heartland,(No Sampradaya),"Tiruvannamalai, Tamil Nadu, India"
recx6QYK3u9ALXVRQ,Sri Pithaji of Chennai,Shaiva Siddhanta & Tamil Traditions,Needs Research,Tertiary,Medium,"Spiritual region maps to Shaiva Siddhanta & Tamil Traditions. Tier proposed as Tertiary because placement is contextual, inferred, or lower-confidence.",,,,,Chennai Spiritual Sphere,(No Sampradaya),"Chennai, Tamil Nadu, India"
recQgs8IkWbts8Bfn,Sri Potty Amma of Koromudi Noyyall ,Shaiva Siddhanta & Tamil Traditions,Needs Research,Tertiary,Medium,"Spiritual region maps to Shaiva Siddhanta & Tamil Traditions. Tier proposed as Tertiary because placement is contextual, inferred, or lower-confidence.",,,,,Tamil Nadu General,(No Sampradaya),"Kodumudi–Noyyal, Tamil Nadu, India"
recolEyzuRZHA0EE3,Sri Prakasham Swamigal of Kumbakonam ,Shaiva Siddhanta & Tamil Traditions,Needs Research,Tertiary,Medium,"Spiritual region maps to Shaiva Siddhanta & Tamil Traditions. Tier proposed as Tertiary because placement is contextual, inferred, or lower-confidence.",,,,,Shaiva Siddhanta Heartland,(No Sampradaya),"Kumbakonam, Tamil Nadu, India"
rec361umwlpvCvVsY,Sri Pramaya Swami of Chennai,Shaiva Siddhanta & Tamil Traditions,Needs Research,Tertiary,Medium,"Spiritual region maps to Shaiva Siddhanta & Tamil Traditions. Tier proposed as Tertiary because placement is contextual, inferred, or lower-confidence.",,,,,Chennai Spiritual Sphere,(No Sampradaya),"Chennai, Tamil Nadu, India"
rec0M1SY5zoFqTxVW,"Sri Ramalinga Swami of Chidambaram, Tamil Nadu ",Shaiva Siddhanta & Tamil Traditions,Needs Research,Tertiary,Medium,"Spiritual region maps to Shaiva Siddhanta & Tamil Traditions. Tier proposed as Tertiary because placement is contextual, inferred, or lower-confidence.",,,,,Shaiva Siddhanta Heartland,(No Sampradaya),"Chidambaram, Tamil Nadu, India"
recOFEIOFhdTwZXa1,"Sri Rangacharya of Chidambaram, Tamil Nadu",Shaiva Siddhanta & Tamil Traditions,Needs Research,Tertiary,Medium,"Spiritual region maps to Shaiva Siddhanta & Tamil Traditions. Tier proposed as Tertiary because placement is contextual, inferred, or lower-confidence.",,,,,Shaiva Siddhanta Heartland,(No Sampradaya),"Chidambaram, Tamil Nadu, India"
recysE390ZHgU7pH5,Sri Shaktivel Swami of Chennai,Shaiva Siddhanta & Tamil Traditions,Needs Research,Tertiary,Medium,"Spiritual region maps to Shaiva Siddhanta & Tamil Traditions. Tier proposed as Tertiary because placement is contextual, inferred, or lower-confidence.",,,,,Chennai Spiritual Sphere,(No Sampradaya),"Chennai, Tamil Nadu, India"
rec4bBEIQVabGHbxe,Sri Shiva Mangaiyarkarsi of Chennai,Shaiva Siddhanta & Tamil Traditions,Needs Research,Tertiary,Medium,"Spiritual region maps to Shaiva Siddhanta & Tamil Traditions. Tier proposed as Tertiary because placement is contextual, inferred, or lower-confidence.",,,,,Chennai Spiritual Sphere,(No Sampradaya),"Chennai, Tamil Nadu, India"
reclxupMEHwVRYTL5,Sri Shivakalyani of Chennai,Shaiva Siddhanta & Tamil Traditions,Needs Research,Tertiary,Medium,"Spiritual region maps to Shaiva Siddhanta & Tamil Traditions. Tier proposed as Tertiary because placement is contextual, inferred, or lower-confidence.",,,,,Chennai Spiritual Sphere,(No Sampradaya),"Chennai, Tamil Nadu, India"
recelwEuCC6ZnY62Y,"Sri Siddha Yoga Shivaprabhakara Swami Brahmananda of Omallur, Kerala ",Shaiva Siddhanta & Tamil Traditions,Needs Research,Featured,High,"No strong family, sampradaya, or spiritual-region section could be inferred. Explicit archivalist featured saint override: Sri Shiva Prabhakar; source row appears as Sri Siddha Yoga Shivaprabhakara Swami Brahmananda. Section also overridden to Shaiva Siddhanta & Tamil Traditions. Tier proposed as Featured because the record appears to anchor or lead a family cluster.",Explicit archivalist featured saint override: Sri Shiva Prabhakar; source row appears as Sri Siddha Yoga Shivaprabhakara Swami Brahmananda.,,,,Kerala General,(No Sampradaya),Kerala
recv2UMjoRvxez5UX,Sri Sitaram Baba of Rameshwaram ,Shaiva Siddhanta & Tamil Traditions,Rama & Avadh,Tertiary,Medium,"Spiritual region maps to Shaiva Siddhanta & Tamil Traditions. Tier proposed as Tertiary because placement is contextual, inferred, or lower-confidence.",,,,,Southern Pilgrimage Circuit,(No Sampradaya),"Rameshwaram, Tamil Nadu, India"
recf0zkoP46LV4NN3,"Sri Siva Mona Siddhar Swami of Kulakkarai Paloma St, Settavarai, Tamil Nadu",Shaiva Siddhanta & Tamil Traditions,Needs Research,Tertiary,Medium,"Spiritual region maps to Shaiva Siddhanta & Tamil Traditions. Tier proposed as Tertiary because placement is contextual, inferred, or lower-confidence.",,,,,Tamil Nadu General,(No Sampradaya),Tamil Nadu
rec1R5MLqTmOGwtRJ,"Sri Somappar Swāmi of Thiruparankundram, Madurai",Shaiva Siddhanta & Tamil Traditions,Needs Research,Tertiary,Medium,"Spiritual region maps to Shaiva Siddhanta & Tamil Traditions. Tier proposed as Tertiary because placement is contextual, inferred, or lower-confidence.",,,,,Southern Pilgrimage Circuit,(No Sampradaya),"Madurai, Tamil Nadu, India"
rec460yxj8I0sLy7W,"Sri Sri Ravi Thatha of Alampatti, near Madurai ",Shaiva Siddhanta & Tamil Traditions,Needs Research,Tertiary,Medium,"Spiritual region maps to Shaiva Siddhanta & Tamil Traditions. Tier proposed as Tertiary because placement is contextual, inferred, or lower-confidence.",,,,,Tamil Nadu General,(No Sampradaya),"Alampatti, Tamil Nadu, India"
recAVeGTLNbxSMVs7,Sri Sri Vijayandeerar of Kumbakonam ,Shaiva Siddhanta & Tamil Traditions,Needs Research,Secondary,Medium,Spiritual region maps to Shaiva Siddhanta & Tamil Traditions. Tier proposed as Secondary because the record is a close family/lineage member or direct section fit.,Family FAM-066 is present but not mapped to a stronger section override; review family tree if this placement feels off.,FAM-066,,2,Shaiva Siddhanta Heartland,(No Sampradaya),"Kumbakonam, Tamil Nadu, India"
recqJBz5vKGPhmb7p,"Sri Srinivasa Ramanujan Iyengar of Erode, Tamil Nadu",Shaiva Siddhanta & Tamil Traditions,Sri Vaishnava & South Indian Vaishnava Traditions,Tertiary,Medium,"Spiritual region maps to Shaiva Siddhanta & Tamil Traditions. Tier proposed as Tertiary because placement is contextual, inferred, or lower-confidence.",,,,,Tamil Nadu General,(No Sampradaya),Tamil Nadu
recpn5I8u052Hy1aN,Sri Vadapalani Paranjoti Baba of Chennai,Shaiva Siddhanta & Tamil Traditions,Needs Research,Tertiary,Medium,"Spiritual region maps to Shaiva Siddhanta & Tamil Traditions. Tier proposed as Tertiary because placement is contextual, inferred, or lower-confidence.",,,,,Chennai Spiritual Sphere,(No Sampradaya),"Chennai, Tamil Nadu, India"
recQGkP3FmlpwYcJV,Sri Yogi Ram Baba Surat Kumar of Arunachala,Shaiva Siddhanta & Tamil Traditions,Needs Research,Tertiary,Medium,"Spiritual region maps to Shaiva Siddhanta & Tamil Traditions. Tier proposed as Tertiary because placement is contextual, inferred, or lower-confidence.",,,,,Shaiva Siddhanta Heartland,(No Sampradaya),"Arunachala, Tiruvannamalai, Tamil Nadu, India"
rec0H3FSQUnqIH95X,Sri Yogi Ramaiah,Shaiva Siddhanta & Tamil Traditions,Needs Research,Tertiary,Medium,"Spiritual region maps to Shaiva Siddhanta & Tamil Traditions. Tier proposed as Tertiary because placement is contextual, inferred, or lower-confidence.",,,,,Shaiva Siddhanta Heartland,(No Sampradaya),"Chettinad, Tamil Nadu, India"
recD6sS3ZtGRPqxjs,Sri Yogi S.A.A.Ramaiah ,Shaiva Siddhanta & Tamil Traditions,Needs Research,Tertiary,Medium,"Spiritual region maps to Shaiva Siddhanta & Tamil Traditions. Tier proposed as Tertiary because placement is contextual, inferred, or lower-confidence.",,,,,Tamil Nadu General,(No Sampradaya),"Chettinad, Tamil Nadu, India"
recZCJCJ0UiqjHQWM,"Mahant Sri Prem Das of Amritsar, Punjab",Sikh & Punjab Traditions,Needs Research,Tertiary,Medium,"Spiritual region maps to Sikh & Punjab Traditions. Tier proposed as Tertiary because placement is contextual, inferred, or lower-confidence.",,,,,Sikh Heartland,(No Sampradaya),"Amritsar, Punjab, India"
rec8jBGlpvHtGxAES,"Mahant Sri Ramdhani Das of Amritsar, Punjab",Sikh & Punjab Traditions,Needs Research,Tertiary,Medium,"Spiritual region maps to Sikh & Punjab Traditions. Tier proposed as Tertiary because placement is contextual, inferred, or lower-confidence.",,,,,Sikh Heartland,(No Sampradaya),"Amritsar, Punjab, India"
recWiDcN7TS3I9hcD,"Sant Amandeep Singh of Amritsar, Punjab",Sikh & Punjab Traditions,Needs Research,Tertiary,Medium,"Spiritual region maps to Sikh & Punjab Traditions. Tier proposed as Tertiary because placement is contextual, inferred, or lower-confidence.",,,,,Sikh Heartland,(No Sampradaya),"Amritsar, Punjab, India"
recbZeUBI1feqilmt,"Sant Baba Amir Singh of Amritsar, Punjab",Sikh & Punjab Traditions,Needs Research,Tertiary,Medium,"Spiritual region maps to Sikh & Punjab Traditions. Tier proposed as Tertiary because placement is contextual, inferred, or lower-confidence.",,,,,Sikh Heartland,(No Sampradaya),"Amritsar, Punjab, India"
receJdtoix1yXOu4k,"Sant Gajo Singh of Amritsar, Punjab",Sikh & Punjab Traditions,Needs Research,Tertiary,Medium,"Spiritual region maps to Sikh & Punjab Traditions. Explicit archivalist tier override: Sant Gajo Singh of Amritsar should be tertiary. Tier proposed as Tertiary because placement is contextual, inferred, or lower-confidence.",Family FAM-033 is present but not mapped to a stronger section override; review family tree if this placement feels off.,FAM-033,,2,Sikh Heartland,(No Sampradaya),"Amritsar, Punjab, India"
recKHsX7NM77DdRwx,"Sant Gyaneshwar Singh of Amritsar, Punjab",Sikh & Punjab Traditions,Needs Research,Tertiary,Medium,"Spiritual region maps to Sikh & Punjab Traditions. Explicit archivalist tier override: Sant Gyaneshwar Singh of Amritsar should be tertiary. Tier proposed as Tertiary because placement is contextual, inferred, or lower-confidence.",Family FAM-033 is present but not mapped to a stronger section override; review family tree if this placement feels off.,FAM-033,,2,Sikh Heartland,(No Sampradaya),"Amritsar, Punjab, India"
recCjkVyG3RuZjMI7,"Sant Sri Hirdaram of Amritsar, Punjab",Sikh & Punjab Traditions,Needs Research,Tertiary,Medium,"Spiritual region maps to Sikh & Punjab Traditions. Tier proposed as Tertiary because placement is contextual, inferred, or lower-confidence.",,,,,Sikh Heartland,(No Sampradaya),"Amritsar, Punjab, India"
recwsA9lNEcTB3ouE,"Sant Sri Kripal Singh of Amritsar, Punjab ",Sikh & Punjab Traditions,Needs Research,Tertiary,Medium,"Spiritual region maps to Sikh & Punjab Traditions. Tier proposed as Tertiary because placement is contextual, inferred, or lower-confidence.",,,,,Sikh Heartland,(No Sampradaya),"Amritsar, Punjab, India"
recMo8X6ehasAq0cW,Sri Baba Harbhajan Singh of Gujranwala,Sikh & Punjab Traditions,"Bengal Shakta, Baul & Modern Saints",Featured,High,"Spiritual region maps to Bengal Shakta, Baul & Modern Saints. Explicit archivalist featured saint override: Baba Harbhajan Singh. Section also overridden to Sikh & Punjab Traditions. Tier proposed as Featured because the record appears to anchor or lead a family cluster.",Explicit archivalist featured saint override: Baba Harbhajan Singh.,,,,South Asia,(No Sampradaya),Pakistan
reclbnfexe2ufNzZ0,"Sri Baba Makhan Singh of Amritsar, Punjab",Sikh & Punjab Traditions,Needs Research,Tertiary,Medium,"Spiritual region maps to Sikh & Punjab Traditions. Tier proposed as Tertiary because placement is contextual, inferred, or lower-confidence.",,,,,Sikh Heartland,(No Sampradaya),"Amritsar, Punjab, India"
recHlBrJtm9qmdUmg,"Sri Baba Rampyare Das ji of Amritsar, Punjab",Sikh & Punjab Traditions,Needs Research,Tertiary,Medium,"Spiritual region maps to Sikh & Punjab Traditions. Tier proposed as Tertiary because placement is contextual, inferred, or lower-confidence.",,,,,Sikh Heartland,(No Sampradaya),"Amritsar, Punjab, India"
recTK1ocZ95MlGZkK,"Sri Balaram Das of Amritsar, Punjab",Sikh & Punjab Traditions,Needs Research,Tertiary,Medium,"Spiritual region maps to Sikh & Punjab Traditions. Tier proposed as Tertiary because placement is contextual, inferred, or lower-confidence.",,,,,Sikh Heartland,(No Sampradaya),"Amritsar, Punjab, India"
rec2233p0spmiPUyD,"Sri Chola Sahib of Gurudwara Dera Baba Nanak, Gurdaspur, Punjab",Sikh & Punjab Traditions,Needs Research,Tertiary,Medium,"Spiritual region maps to Sikh & Punjab Traditions. Tier proposed as Tertiary because placement is contextual, inferred, or lower-confidence.",,,,,Sikh Heartland,(No Sampradaya),"Gurdaspur, Punjab, India"
recXLs4vls62AKpqA,"Sri Dandi Swami Sri Swami Shivabhodhashram ji Maharaj of Jalandhar, Punjab ",Sikh & Punjab Traditions,Needs Research,Tertiary,Medium,"Spiritual region maps to Sikh & Punjab Traditions. Tier proposed as Tertiary because placement is contextual, inferred, or lower-confidence.",,,,,Sikh Heartland,(No Sampradaya),"Jalandhar, Punjab, India"
recmZi2DTfstyRd1l,Sri Guru Arjan Dev Ji of Amritsar ,Sikh & Punjab Traditions,Needs Research,Featured,Medium,Spiritual region maps to Sikh & Punjab Traditions. Explicit archivalist featured saint override: Sri Guru Arjan Dev Ji of Amritsar. Tier proposed as Featured because the record appears to anchor or lead a family cluster.,,,,,Sikh Heartland,(No Sampradaya),"Amritsar, Punjab, India"
rec1r10GziEeP3uA8,Sri Guru Ram Das Ji & Guru Arjan Devji of Amritsar ,Sikh & Punjab Traditions,Needs Research,Featured,Medium,Spiritual region maps to Sikh & Punjab Traditions. Explicit archivalist featured saint override: Sri Guru Ram Das Ji & Guru Arjan Devji of Amritsar. Tier proposed as Featured because the record appears to anchor or lead a family cluster.,,,,,Sikh Heartland,(No Sampradaya),"Amritsar, Punjab, India"
recEIjtg27hzhd8z6,"Sri Keval Puri Baba (Mahawali Baba) of Mahawali, Ropar",Sikh & Punjab Traditions,Needs Research,Tertiary,Medium,"Spiritual region maps to Sikh & Punjab Traditions. Tier proposed as Tertiary because placement is contextual, inferred, or lower-confidence.",,,,,Punjab General,(No Sampradaya),"Mahawali, Rupnagar (Ropar), Punjab, India"
recwWIZph15R28qwZ,"Sri Nirvan Pritam Das of Amritsar, Punjab",Sikh & Punjab Traditions,Needs Research,Tertiary,Medium,"Spiritual region maps to Sikh & Punjab Traditions. Tier proposed as Tertiary because placement is contextual, inferred, or lower-confidence.",,,,,Sikh Heartland,(No Sampradaya),"Amritsar, Punjab, India"
recXhA9VFshBViSZY,"Sri Sadguru Chaman Lal ji of Hoshiarpur, Punjab",Sikh & Punjab Traditions,Needs Research,Tertiary,Medium,"Spiritual region maps to Sikh & Punjab Traditions. Tier proposed as Tertiary because placement is contextual, inferred, or lower-confidence.",,,,,Sikh Heartland,(No Sampradaya),"Hoshiarpur, Punjab, India"
recZm0R9BMRd1zHSB,Sri Swami Sar Sabdanandji of Jalandhar,Sikh & Punjab Traditions,Needs Research,Tertiary,Medium,"Spiritual region maps to Sikh & Punjab Traditions. Tier proposed as Tertiary because placement is contextual, inferred, or lower-confidence.",,,,,Sikh Heartland,(No Sampradaya),"Jalandhar, Punjab, India"
recYR0SgODIIN7N0N,Yogini Mataji of Punjab ,Sikh & Punjab Traditions,Needs Research,Tertiary,Medium,"Spiritual region maps to Sikh & Punjab Traditions. Tier proposed as Tertiary because placement is contextual, inferred, or lower-confidence.",,,,,Punjab General,(No Sampradaya),Punjab
recF72RHq7lpineBk,Chandan Mix from Sri Rangannath and the Acharyas 18 A,Sri Vaishnava & South Indian Vaishnava Traditions,Girnar & Nath Traditions,Tertiary,Medium,"Spiritual region maps to Sri Vaishnava & South Indian Vaishnava Traditions. Tier proposed as Tertiary because placement is contextual, inferred, or lower-confidence.",,,,,Sri Vaishnava Tradition,(No Sampradaya),"Sri Rangam, Tamil Nadu, India"
rec6wVN98kz7D9Sup,Mahamandaleshwar 1008 Sri Parmeshwar Das Tyagi ji of Vrindavan,Sri Vaishnava & South Indian Vaishnava Traditions,Braj & Krishna Bhakti,Tertiary,High,"Sampradaya maps directly to Sri Vaishnava & South Indian Vaishnava Traditions. Tier proposed as Tertiary because placement is contextual, inferred, or lower-confidence.",,,,,Braj Mandal,Sri Sampradaya,"Vrindavan, Uttar Pradesh, India"
recjfoM9WMPaLTuZm,"Mahant Sri Balak Das Ji Guru Lakshman Das Ji of Girnar gate, Junagadh ",Sri Vaishnava & South Indian Vaishnava Traditions,Girnar & Nath Traditions,Tertiary,High,"Sampradaya maps directly to Sri Vaishnava & South Indian Vaishnava Traditions. Tier proposed as Tertiary because placement is contextual, inferred, or lower-confidence.",,,,,Girnar & Nath Tradition,Sri Vaishnava,"Girnar, Gujarat, India"
recYXl5vTquTix4E2,"Paramahamsa Sri Srimat Baba Balia Ji Maharaj of Arilo, Cuttack ",Sri Vaishnava & South Indian Vaishnava Traditions,Jagannath-Puri & Odisha,Tertiary,High,"Sampradaya maps directly to Sri Vaishnava & South Indian Vaishnava Traditions. Tier proposed as Tertiary because placement is contextual, inferred, or lower-confidence.",,,,,Coastal Odisha,Sri Vaishnava,"Arilo, Cuttack, Odisha, India"
rec8IrXY686AIc1rz,Ramanuja Acharya ,Sri Vaishnava & South Indian Vaishnava Traditions,Needs Research,Featured,High,Sampradaya maps directly to Sri Vaishnava & South Indian Vaishnava Traditions. Explicit archivalist featured saint override: Sri Ramanujacharya. Tier proposed as Featured because the record appears to anchor or lead a family cluster.,,,,,Sri Vaishnava Tradition,Sri Vaishnava,"Sri Rangam, Tamil Nadu, India"
rec0voH9qpCS87rrU,"Satguru Sachidanand Sri Sri 1008 Sri Madhav Das Tyagi Ji Maharaj of Vanvasi Ram Mandir, Chitrakoot  ",Sri Vaishnava & South Indian Vaishnava Traditions,Rama & Avadh,Tertiary,High,"Sampradaya maps directly to Sri Vaishnava & South Indian Vaishnava Traditions. Tier proposed as Tertiary because placement is contextual, inferred, or lower-confidence.",,,,,Uttar Pradesh General,Sri Vaishnava,"Chitrakoot, Uttar Pradesh, India"
recinIqCB3u0OTbkR,Sri Ajit Chakraboty of Navadwip,Sri Vaishnava & South Indian Vaishnava Traditions,Gaudiya Vaishnava,Tertiary,High,"Sampradaya maps directly to Sri Vaishnava & South Indian Vaishnava Traditions. Tier proposed as Tertiary because placement is contextual, inferred, or lower-confidence.",,,,,Gaudiya Vaishnava Heartland,Sri Vaishnava,"Navadwip, West Bengal, India"
reczK3qfc2cxdUOLr,Sri Avadhesha Nand Maharaj of Chitrakoot ,Sri Vaishnava & South Indian Vaishnava Traditions,Rama & Avadh,Tertiary,High,"Sampradaya maps directly to Sri Vaishnava & South Indian Vaishnava Traditions. Tier proposed as Tertiary because placement is contextual, inferred, or lower-confidence.",,,,,Uttar Pradesh General,Sri Vaishnava,"Chitrakoot, Uttar Pradesh, India"
rec2kyDkdIYvJ4Wq1,"Sri Bhagawananad Maharaj of Sri Paramhans Ashram, Sati Anashuya Mandir, Chitrakoot, Madhya Pradesh",Sri Vaishnava & South Indian Vaishnava Traditions,Rama & Avadh,Tertiary,High,"Sampradaya maps directly to Sri Vaishnava & South Indian Vaishnava Traditions. Tier proposed as Tertiary because placement is contextual, inferred, or lower-confidence.",,,,,Uttar Pradesh General,Sri Vaishnava,"Chitrakoot, Uttar Pradesh, India"
recLr7AIEMQpNZSHB,"Sri Bhagawanand Raghuvir DasJi (Vanvasi Maharaj) of Vanvasi Ram Mandir,Sati, Chitrakoot ",Sri Vaishnava & South Indian Vaishnava Traditions,Rama & Avadh,Tertiary,High,"Sampradaya maps directly to Sri Vaishnava & South Indian Vaishnava Traditions. Tier proposed as Tertiary because placement is contextual, inferred, or lower-confidence.",,,,,Uttar Pradesh General,Sri Vaishnava,"Chitrakoot, Uttar Pradesh, India"
recs8Ecg4alHn3Y0J,"Sri Bhaskara Ramanuj Das of Puri, Orissa ",Sri Vaishnava & South Indian Vaishnava Traditions,Jagannath-Puri & Odisha,Tertiary,High,"Sampradaya maps directly to Sri Vaishnava & South Indian Vaishnava Traditions. Tier proposed as Tertiary because placement is contextual, inferred, or lower-confidence.",,,,,Jagannath-Puri Tradition,Sri Vaishnava,"Puri, Odisha, India"
recbAT11514nHt91g,"Sri Chandrashekar Swamigal of Kanchipuram, Tamil Nadu ",Sri Vaishnava & South Indian Vaishnava Traditions,Needs Research,Tertiary,Medium,"Spiritual region maps to Sri Vaishnava & South Indian Vaishnava Traditions. Tier proposed as Tertiary because placement is contextual, inferred, or lower-confidence.",,,,,Sri Vaishnava Tradition,(No Sampradaya),"Kanchipuram, Tamil Nadu, India"
recaH9m9pOxhVvylI,Sri Dasanand Swamiji Maharaj of Navadwip ,Sri Vaishnava & South Indian Vaishnava Traditions,Gaudiya Vaishnava,Tertiary,High,"Sampradaya maps directly to Sri Vaishnava & South Indian Vaishnava Traditions. Tier proposed as Tertiary because placement is contextual, inferred, or lower-confidence.",,,,,Gaudiya Vaishnava Heartland,Sri Vaishnava,"Navadwip, West Bengal, India"
recZgVZmhon0PwY14,Sri Dhenurdhar Acharya of Sri Rangam ,Sri Vaishnava & South Indian Vaishnava Traditions,Needs Research,Tertiary,Medium,"Spiritual region maps to Sri Vaishnava & South Indian Vaishnava Traditions. Tier proposed as Tertiary because placement is contextual, inferred, or lower-confidence.",,,,,Sri Vaishnava Tradition,(No Sampradaya),"Sri Rangam, Tamil Nadu, India"
recNPByqGwt8AEDAr,"Sri Hathiram Baba of Dalpatpur, Uparhar, Maya, Ayodhya, Uttar Pradesh",Sri Vaishnava & South Indian Vaishnava Traditions,,Featured,High,Spiritual region maps to Rama & Avadh. Explicit archivalist override: Sri Hathiram Baba should be featured and only recommended for Sri Vaishnava & South Indian Vaishnava Traditions. Section overridden to Sri Vaishnava & South Indian Vaishnava Traditions. Tier proposed as Featured because the record appears to anchor or lead a family cluster.,Explicit archivalist override: Sri Hathiram Baba should be featured and only recommended for Sri Vaishnava & South Indian Vaishnava Traditions.,,,,Rama & Avadh,(No Sampradaya),"Ayodhya, Uttar Pradesh, India"
recjmxp3rHz88F4Zz,"Sri Hatiram Baba of Tirupati, Andhra Pradesh",Sri Vaishnava & South Indian Vaishnava Traditions,,Featured,Medium,Spiritual region maps to Sri Vaishnava & South Indian Vaishnava Traditions. Explicit archivalist override: duplicate Sri Hatiram Baba record should be featured and only recommended for Sri Vaishnava & South Indian Vaishnava Traditions. Tier proposed as Featured because the record appears to anchor or lead a family cluster.,,,,,Tirumala-Vaishnava Region,(No Sampradaya),"Tirupati, Andhra Pradesh, India"
recTSGIp6evFQxMPz,Sri Jagadguru Ramanujacharya Paramahamsa Swāmi Sri Padmanabhacharya ji Phalhari Tridandi Maharaj of Tapovan,Sri Vaishnava & South Indian Vaishnava Traditions,Rishikesh-Haridwar & Himalayan Monastic Lineages,Tertiary,High,"Sampradaya maps directly to Sri Vaishnava & South Indian Vaishnava Traditions. Tier proposed as Tertiary because placement is contextual, inferred, or lower-confidence.",,,,,"Rishikesh-Haridwar Spiritual Corridor
Maharashtra General",Sri Sampradaya,"Tapovan, Uttarakhand, India
Nashik, Maharashtra, India"
rec4oUdLAHoJCrPFT,Sri Jeeyar Swami of Sri Rangam ,Sri Vaishnava & South Indian Vaishnava Traditions,Needs Research,Tertiary,High,"Sampradaya maps directly to Sri Vaishnava & South Indian Vaishnava Traditions. Tier proposed as Tertiary because placement is contextual, inferred, or lower-confidence.",,,,,Sri Vaishnava Tradition,Sri Vaishnava,"Sri Rangam, Tamil Nadu, India"
recO4fhXTTyqptBkl,"Sri Kasireddynayana Swami of Ahobilam, Andhra Pradesh",Sri Vaishnava & South Indian Vaishnava Traditions,Needs Research,Tertiary,Medium,"Spiritual region maps to Sri Vaishnava & South Indian Vaishnava Traditions. Tier proposed as Tertiary because placement is contextual, inferred, or lower-confidence.",,,,,Tirumala-Vaishnava Region,(No Sampradaya),"Ahobilam, Andhra Pradesh, India"
recQ7KiPYafWbViHa,"Sri Lakshman Das Ji Maharaj of Sarva Muni Ashram, Chitrakoot",Sri Vaishnava & South Indian Vaishnava Traditions,Rama & Avadh,Tertiary,High,"Sampradaya maps directly to Sri Vaishnava & South Indian Vaishnava Traditions. Tier proposed as Tertiary because placement is contextual, inferred, or lower-confidence.",,,,,Uttar Pradesh General,Sri Vaishnava,"Chitrakoot, Uttar Pradesh, India"
recoALMJHUOPLhAEK,"Sri Lakshman Das Ji Maharaj of Sarva Muni Ashram, Chitrakoot ",Sri Vaishnava & South Indian Vaishnava Traditions,Rama & Avadh,Tertiary,High,"Sampradaya maps directly to Sri Vaishnava & South Indian Vaishnava Traditions. Tier proposed as Tertiary because placement is contextual, inferred, or lower-confidence.",,,,,Uttar Pradesh General,Sri Vaishnava,"Chitrakoot, Uttar Pradesh, India"
recXeh2bHGsGuFQGf,"Sri Mahant Satya Narayana Ji Maharaj of Santoshi Ahkhara, Chitrakoot ",Sri Vaishnava & South Indian Vaishnava Traditions,Rama & Avadh,Tertiary,High,"Sampradaya maps directly to Sri Vaishnava & South Indian Vaishnava Traditions. Tier proposed as Tertiary because placement is contextual, inferred, or lower-confidence.",,,,,Uttar Pradesh General,Sri Vaishnava,"Chitrakoot, Uttar Pradesh, India"
recpr4hxyt5vPYnPq,"Sri Natawor Das Brahmachari (Jungli Baba) of Baliaponda, Puri ",Sri Vaishnava & South Indian Vaishnava Traditions,Jagannath-Puri & Odisha,Tertiary,High,"Sampradaya maps directly to Sri Vaishnava & South Indian Vaishnava Traditions. Tier proposed as Tertiary because placement is contextual, inferred, or lower-confidence.",,,,,Jagannath-Puri Tradition,Sri Vaishnava,"Puri, Odisha, India"
rec5Vjk9QuklmUB8C,"Sri Nityananda Das Adhikari of Ranir Chaura, Navadwip ",Sri Vaishnava & South Indian Vaishnava Traditions,Gaudiya Vaishnava,Tertiary,High,"Sampradaya maps directly to Sri Vaishnava & South Indian Vaishnava Traditions. Tier proposed as Tertiary because placement is contextual, inferred, or lower-confidence.",,,,,Gaudiya Vaishnava Heartland,Sri Vaishnava,"Navadwip, West Bengal, India"
recD6Eieg2LVbTLIv,Sri Pratap Chandra Goswami of Navadwip,Sri Vaishnava & South Indian Vaishnava Traditions,Gaudiya Vaishnava,Tertiary,High,"Sampradaya maps directly to Sri Vaishnava & South Indian Vaishnava Traditions. Tier proposed as Tertiary because placement is contextual, inferred, or lower-confidence.",,,,,Gaudiya Vaishnava Heartland,Sri Vaishnava,"Navadwip, West Bengal, India"
rec4X9Xuul5WnIpxq,Sri Ragavendarar Swamigal of ?? ,Sri Vaishnava & South Indian Vaishnava Traditions,Needs Research,Featured,High,"No strong family, sampradaya, or spiritual-region section could be inferred. Explicit archivalist featured saint override: Sri Raghavendra Swami; source row appears as Sri Ragavendarar Swamigal of ??. Section also overridden to Sri Vaishnava & South Indian Vaishnava Traditions. Tier proposed as Featured because the record appears to anchor or lead a family cluster.",Explicit archivalist featured saint override: Sri Raghavendra Swami; source row appears as Sri Ragavendarar Swamigal of ??.,FAM-066,,2,,(No Sampradaya),
recC0cHGaTQ1oRQDN,Sri Rajendra Chandra Tarkathirtha of Navadwip Dham ,Sri Vaishnava & South Indian Vaishnava Traditions,Gaudiya Vaishnava,Tertiary,High,"Sampradaya maps directly to Sri Vaishnava & South Indian Vaishnava Traditions. Tier proposed as Tertiary because placement is contextual, inferred, or lower-confidence.",,,,,Gaudiya Vaishnava Heartland,Sri Vaishnava,"Navadwip, West Bengal, India"
recPdSHE4m0c43NBb,Sri Ram Bhuvan Prapannachari Tyagi of Chitrakoot (near Arogya Dham),Sri Vaishnava & South Indian Vaishnava Traditions,Rama & Avadh,Tertiary,High,"Sampradaya maps directly to Sri Vaishnava & South Indian Vaishnava Traditions. Tier proposed as Tertiary because placement is contextual, inferred, or lower-confidence.",,,,,Uttar Pradesh General,Sri Vaishnava,"Chitrakoot, Uttar Pradesh, India"
reck2pfK5k8FWYdc2,"Sri Ram Pyaare Das Ji Maharaj of Bharat Koop, Chitrakoot",Sri Vaishnava & South Indian Vaishnava Traditions,Rama & Avadh,Tertiary,High,"Sampradaya maps directly to Sri Vaishnava & South Indian Vaishnava Traditions. Tier proposed as Tertiary because placement is contextual, inferred, or lower-confidence.",,,,,Uttar Pradesh General,Sri Vaishnava,"Chitrakoot, Uttar Pradesh, India"
recmroqaHV9xi2VpN,"Sri Ramchandra Das Ji (Phalhari Baba) of Vanvasi Ashram,Sri Ram Janaki Mandir,Gupt Godavari, Chitrakoot",Sri Vaishnava & South Indian Vaishnava Traditions,Rama & Avadh,Tertiary,High,"Sampradaya maps directly to Sri Vaishnava & South Indian Vaishnava Traditions. Tier proposed as Tertiary because placement is contextual, inferred, or lower-confidence.",,,,,Uttar Pradesh General,Sri Vaishnava,"Chitrakoot, Uttar Pradesh, India"
rec6IBylSocbDEQFG,Sri Rangannath (Utsava) Murti in Sri Rangam ,Sri Vaishnava & South Indian Vaishnava Traditions,Girnar & Nath Traditions,Tertiary,Medium,"Spiritual region maps to Sri Vaishnava & South Indian Vaishnava Traditions. Tier proposed as Tertiary because placement is contextual, inferred, or lower-confidence.",,,,,Sri Vaishnava Tradition,(No Sampradaya),"Sri Rangam, Tamil Nadu, India"
reczVh0BQLhNLcXPe,"Sri Sorakaya Swami of Tirpuati, Andhra Pradesh",Sri Vaishnava & South Indian Vaishnava Traditions,Needs Research,Tertiary,Medium,"Spiritual region maps to Sri Vaishnava & South Indian Vaishnava Traditions. Tier proposed as Tertiary because placement is contextual, inferred, or lower-confidence.",,,,,Tirumala-Vaishnava Region,(No Sampradaya),"Tirupati, Andhra Pradesh, India"
recoYxF3da5VWPjwt,"Sri Sri 1008 Brajshiromani Paramahamsa Yogiraj Tatambari Baba of Gokul, Mahaban Bangar, Uttar Pradesh",Sri Vaishnava & South Indian Vaishnava Traditions,Braj & Krishna Bhakti,Tertiary,High,"Sampradaya maps directly to Sri Vaishnava & South Indian Vaishnava Traditions. Tier proposed as Tertiary because placement is contextual, inferred, or lower-confidence.",,,,,Braj Mandal,"Ramanuja Sampradaya
Sri Sampradaya","Gokul, Uttar Pradesh, India
Madhya Pradesh"
rec35lffTqxlJVxDr,"Sri Sri 1008 Narayanand Ji Saraswati (Sri Satsangi Maharaj) of Sri Mata Anusuya Ashram, Chitrakoot",Sri Vaishnava & South Indian Vaishnava Traditions,Rama & Avadh,Tertiary,High,"Sampradaya maps directly to Sri Vaishnava & South Indian Vaishnava Traditions. Tier proposed as Tertiary because placement is contextual, inferred, or lower-confidence.",,,,,Uttar Pradesh General,Sri Vaishnava,"Chitrakoot, Uttar Pradesh, India"
recwINghGOFp5uPKh,"Sri Sri 1008 Ramgulam Das Maharaj of Yogmaya Mandir, Sri Aadi Badrinath Dham, Deeg, Rajasthan",Sri Vaishnava & South Indian Vaishnava Traditions,Braj & Krishna Bhakti; Girnar & Nath Traditions,Tertiary,High,"Sampradaya maps directly to Sri Vaishnava & South Indian Vaishnava Traditions. Tier proposed as Tertiary because placement is contextual, inferred, or lower-confidence.",,,,,Krishna-Braj Extension,Sri Sampradaya,"Deeg, Rajasthan, India"
rec0x2snZRPazD6tv,"Sri Sri 1008 Sri Balram Prapannacharya Rajguru of Ramghat, Chitrakoot ",Sri Vaishnava & South Indian Vaishnava Traditions,Rama & Avadh,Tertiary,High,"Sampradaya maps directly to Sri Vaishnava & South Indian Vaishnava Traditions. Tier proposed as Tertiary because placement is contextual, inferred, or lower-confidence.",,,,,Uttar Pradesh General,Ramanuja Sampradaya,"Chitrakoot, Uttar Pradesh, India"
recwn82k1HK5fZ7FU,"Sri Sri 1008 Sri Ram Swarupa Das ji Paramahamsa of Janki Kund, Chitrakoot ",Sri Vaishnava & South Indian Vaishnava Traditions,Rama & Avadh,Tertiary,High,"Sampradaya maps directly to Sri Vaishnava & South Indian Vaishnava Traditions. Tier proposed as Tertiary because placement is contextual, inferred, or lower-confidence.",,,,,Uttar Pradesh General,Sri Vaishnava,"Chitrakoot, Uttar Pradesh, India"
recbyuzMCPLPkv2eN,Sri Sri Ranganarayana Jeeyar Swami of Sri Rangam ,Sri Vaishnava & South Indian Vaishnava Traditions,Needs Research,Tertiary,High,"Sampradaya maps directly to Sri Vaishnava & South Indian Vaishnava Traditions. Tier proposed as Tertiary because placement is contextual, inferred, or lower-confidence.",,,,,Sri Vaishnava Tradition,Sri Vaishnava,"Sri Rangam, Tamil Nadu, India"
recxXTBoFuExLF78H,"Sri Sri Sitaram Charan Maharaj of Janki Kund, Janki Mandir Ashram, Chitrakoot ",Sri Vaishnava & South Indian Vaishnava Traditions,Rama & Avadh,Tertiary,High,"Sampradaya maps directly to Sri Vaishnava & South Indian Vaishnava Traditions. Tier proposed as Tertiary because placement is contextual, inferred, or lower-confidence.",,,,,Uttar Pradesh General,Sri Vaishnava,"Chitrakoot, Uttar Pradesh, India"
recJZk6jvfhmm2Tea,"Sri Srimad Swami Lakshman Ramanuj of Sri Rangam, Phal Hari Jiyarmath ",Sri Vaishnava & South Indian Vaishnava Traditions,Needs Research,Secondary,High,Sampradaya maps directly to Sri Vaishnava & South Indian Vaishnava Traditions. Tier proposed as Secondary because the record is a close family/lineage member or direct section fit.,Family FAM-075 is present but not mapped to a stronger section override; review family tree if this placement feels off.,FAM-075,,2,Sri Vaishnava Tradition,Sri Vaishnava,"Sri Rangam, Tamil Nadu, India"
recK0XRnyXUMJx3Rq,Sri Srivan Satagopa Sri Veeraraghava Satagopa Yatheendra Mahadesikan of Srirangam ,Sri Vaishnava & South Indian Vaishnava Traditions,Needs Research,Tertiary,High,"Sampradaya maps directly to Sri Vaishnava & South Indian Vaishnava Traditions. Tier proposed as Tertiary because placement is contextual, inferred, or lower-confidence.",,,,,Sri Vaishnava Tradition,Sri Vaishnava,"Sri Rangam, Tamil Nadu, India"
rec0a2AfZNYHPpM9U,"Sri Swami Damodara Acharya of Kalyan, Mumbai",Sri Vaishnava & South Indian Vaishnava Traditions,Maharashtra Guru Lineages,Tertiary,High,"Sampradaya maps directly to Sri Vaishnava & South Indian Vaishnava Traditions. Tier proposed as Tertiary because placement is contextual, inferred, or lower-confidence.",,,,,Modern Guru Centers,Sri Sampradaya,"Mumbai, Maharashtra, India"
recxdoVQYwRPEgFXs,"Sri Swami Paramhamsa Ji Maharaj of Sri Sati Anusuya Mandir, Chitrakoot ",Sri Vaishnava & South Indian Vaishnava Traditions,Rama & Avadh,Tertiary,High,"Sampradaya maps directly to Sri Vaishnava & South Indian Vaishnava Traditions. Tier proposed as Tertiary because placement is contextual, inferred, or lower-confidence.",,,,,Uttar Pradesh General,Sri Vaishnava,"Chitrakoot, Uttar Pradesh, India"
recA0piOobiqZ3KfG,"Sri Swami Shukdevanand ji of Shajahanpur, near Lucknow, Uttar Pradesh ",Sri Vaishnava & South Indian Vaishnava Traditions,Needs Research,Tertiary,High,"Sampradaya maps directly to Sri Vaishnava & South Indian Vaishnava Traditions. Tier proposed as Tertiary because placement is contextual, inferred, or lower-confidence.",,,,,Eastern Uttar Pradesh,Sri Vaishnava,"Lucknow, Uttar Pradesh, India"
rec6RzhtQGKjyWUu0,"Sri Tokhra Swami of Dakshineshwar Mandir, Gomti Ghat, Dwaraka ",Sri Vaishnava & South Indian Vaishnava Traditions,Braj & Krishna Bhakti,Tertiary,High,"Sampradaya maps directly to Sri Vaishnava & South Indian Vaishnava Traditions. Tier proposed as Tertiary because placement is contextual, inferred, or lower-confidence.",,,,,Krishna-Dwarka Region,Sri Vaishnava,"Dwarka, Gujarat, India"
recPxXkRTG4CnGxdI,"Sri Vamsi Das Babaji of Navadwip, West Bangal ",Sri Vaishnava & South Indian Vaishnava Traditions,Gaudiya Vaishnava,Tertiary,High,"Sampradaya maps directly to Sri Vaishnava & South Indian Vaishnava Traditions. Tier proposed as Tertiary because placement is contextual, inferred, or lower-confidence.",,,,,Gaudiya Vaishnava Heartland,Sri Vaishnava,"Navadwip, West Bengal, India"
recTyQNB7HIoHgpba,Sri Varada Ramanuja Maha Desikan Denkanikottai Narayana Swamigal of Sri Rangam ,Sri Vaishnava & South Indian Vaishnava Traditions,Needs Research,Tertiary,Medium,"Spiritual region maps to Sri Vaishnava & South Indian Vaishnava Traditions. Tier proposed as Tertiary because placement is contextual, inferred, or lower-confidence.",,,,,Sri Vaishnava Tradition,(No Sampradaya),"Sri Rangam, Tamil Nadu, India"
recPrmQyg2K1KtGJM,Mahant Sri Shiva Dēvī Udasin of Prayagraj,Udasin Saints,Needs Research,Tertiary,Medium,"Spiritual region maps to Udasin Saints. Tier proposed as Tertiary because placement is contextual, inferred, or lower-confidence.",,,,,Prayag Region,(No Sampradaya),"Prayagraj, Uttar Pradesh, India"
recUhNLRTtAmi9JZG,Sri Baba Udasin of Girnar Gate ,Udasin Saints,Girnar & Nath Traditions,Featured,High,Sampradaya maps directly to Udasin Saints. Curatorial cluster anchor: Baba Udasin should feature in the Udasin Saints section. Tier proposed as Featured because the record appears to anchor or lead a family cluster.,,,,,Girnar & Nath Tradition,Udasin Sampradaya,"Girnar, Gujarat, India"
recUdtBAXSU7RWzFl,Sri Kalyan Das Babaji of Amarkantak (Shivalingam Baba) ,Udasin Saints,Datta Tradition,Tertiary,High,"Sampradaya maps directly to Udasin Saints. Tier proposed as Tertiary because placement is contextual, inferred, or lower-confidence.",,,,,Narmada & Datta Region,Udasin Sampradaya,"Amarkantak, Madhya Pradesh, India"
rec4ybE4kwbW2lWQ8,"Sri Mahant Brahmarishi Maharaj of Mulund, Mumbai",Udasin Saints,Maharashtra Guru Lineages,Tertiary,High,"Sampradaya maps directly to Udasin Saints. Tier proposed as Tertiary because placement is contextual, inferred, or lower-confidence.",,,,,Modern Guru Centers,Udasin Sampradaya,"Mumbai, Maharashtra, India"
recJbFlE9bbk8n97G,"Sri Swami Gurusharandas ji Maharaj of Udasin Ashram, Shimla, Himachal Pradesh",Udasin Saints,Needs Research,Tertiary,Medium,"Spiritual region maps to Udasin Saints. Tier proposed as Tertiary because placement is contextual, inferred, or lower-confidence.",,,,,Shimla Region,(No Sampradaya),"Shimla, Himachal Pradesh, India"
recz8ehiRtPIbdX6A,Sri Swami Ramji Maharaj (Udasin Saint) of Uttarkashi,Udasin Saints,Needs Research,Secondary,Medium,Spiritual region maps to Udasin Saints. Tier proposed as Secondary because the record is a close family/lineage member or direct section fit.,Family FAM-077 is present but not mapped to a stronger section override; review family tree if this placement feels off.,FAM-077,,2,Char Dham & Upper Himalaya,(No Sampradaya),"Uttarkashi, Uttarakhand, India"
rec2pnyKDQXTPVdRW,"Sri Thakurdas Udasin Maharaj of Mulund, Mumbai",Udasin Saints,Needs Research,Tertiary,High,"Sampradaya maps directly to Udasin Saints. Tier proposed as Tertiary because placement is contextual, inferred, or lower-confidence.",,,,,Modern Guru Centers,Udasin Sampradaya,"Mumbai, Maharashtra, India"
recvK0pu5daFyC8Z2,"Sri Udasin Bapu of Jamnagar, Gujarat",Udasin Saints,Needs Research,Tertiary,Medium,"Spiritual region maps to Udasin Saints. Tier proposed as Tertiary because placement is contextual, inferred, or lower-confidence.",,,,,Gujarat General,(No Sampradaya),Gujarat
recf7vlRhEe9AnHT8,Namdev (13th century),Varkari,Datta Tradition,Featured,High,"Spiritual region maps to Datta Tradition. Explicit archivalist featured saint override: Namdev (13th century), part of the Namdev duplicate pair. Section also overridden to Varkari. Tier proposed as Featured because the record appears to anchor or lead a family cluster.","Explicit archivalist featured saint override: Namdev (13th century), part of the Namdev duplicate pair.",,,,Datta Sampradaya Belt,(No Sampradaya),"Narsi Village, Hingoli, Maharashtra, India
Punjab"
recfyfpQPlY8zQM2U,"Sant Sri Damaji Pant of Mangalwedha, Maharashtra ",Varkari,Needs Research,Tertiary,Medium,"Spiritual region maps to Varkari. Tier proposed as Tertiary because placement is contextual, inferred, or lower-confidence.",,,,,Varkari Heartland,(No Sampradaya),"Mangalwedha, Maharashtra, India"
rec4Gy3pnr5aPNZn6,Sant Sri Gora Kumbhar of Satyapuri (presently Goraba Ter) Osmanabad district of Maharashtra,Varkari,Needs Research,Featured,Medium,Spiritual region maps to Varkari. Explicit archivalist featured saint override: Sant Sri Gora Kumbhar. Tier proposed as Featured because the record appears to anchor or lead a family cluster.,,,,,Varkari Heartland,(No Sampradaya),"Pandharpur, Maharashtra, India"
recmwxAkZ78N0ELSd,"Sri Ambar Das of Kasegaon, Pandharpur ",Varkari,Needs Research,Tertiary,Medium,"Spiritual region maps to Varkari. Tier proposed as Tertiary because placement is contextual, inferred, or lower-confidence.",,,,,Varkari Heartland,(No Sampradaya),"Pandharpur, Maharashtra, India"
recGRE4SrIKHmJqPs,"Sri Badve Mahajan of Taakpeeth, Pandharpur, Maharashtra ",Varkari,Needs Research,Tertiary,Medium,"Spiritual region maps to Varkari. Tier proposed as Tertiary because placement is contextual, inferred, or lower-confidence.",,,,,Varkari Heartland,(No Sampradaya),"Pandharpur, Maharashtra, India"
recka2nXCe1N5AZHn,Sri Bahina Bai of Shivoori,Varkari,"Bengal Shakta, Baul & Modern Saints",Secondary,Medium,Family override from FAM-019 (Sri Tukaram Maharaj Family); family placement takes priority over geography. Tier proposed as Secondary because the record is a close family/lineage member or direct section fit.,Organize inside Varkari using FAM-019 family context before geography.,FAM-019,,3,South Asia,(No Sampradaya),"Shivapuri, Nepal"
recnQSZEOmAjgCiCO,Sri Balkrishna Digamber Mahajan Badve of Pandharpur ,Varkari,Needs Research,Tertiary,Medium,"Spiritual region maps to Varkari. Tier proposed as Tertiary because placement is contextual, inferred, or lower-confidence.",,,,,Varkari Heartland,(No Sampradaya),"Pandharpur, Maharashtra, India"
recoFDxvENFFnNBOo,"Sri Bhagat Namdev of Gurudwara Ghoman, Gurdaspur, Punjab",Varkari,Sikh & Punjab Traditions,Featured,High,"Spiritual region maps to Sikh & Punjab Traditions. Explicit archivalist featured saint override: Sri Bhagat Namdev, part of the Namdev duplicate pair. Section also overridden to Varkari. Tier proposed as Featured because the record appears to anchor or lead a family cluster.","Explicit archivalist featured saint override: Sri Bhagat Namdev, part of the Namdev duplicate pair.",,,,Punjab General,(No Sampradaya),Punjab
reczMaJfp4ST2ePBd,Sri Bhajalinga Maharaj of Karkamb ,Varkari,Needs Research,Tertiary,Medium,"Spiritual region maps to Varkari. Tier proposed as Tertiary because placement is contextual, inferred, or lower-confidence.",,,,,Varkari Heartland,(No Sampradaya),"Pandharpur, Maharashtra, India"
recbZply12Z8dpGqc,"Sri DhaamJi of Mangalveda, near Pandharpur",Varkari,Needs Research,Tertiary,Medium,"Spiritual region maps to Varkari. Tier proposed as Tertiary because placement is contextual, inferred, or lower-confidence.",,,,,Varkari Heartland,(No Sampradaya),"Mangalwedha, Maharashtra, India"
recgya1bpDO7GnfXR,Sri Dhondopanth Dada Maharaj of Pandharpur ,Varkari,Needs Research,Tertiary,Medium,"Spiritual region maps to Varkari. Tier proposed as Tertiary because placement is contextual, inferred, or lower-confidence.",,,,,Varkari Heartland,(No Sampradaya),"Pandharpur, Maharashtra, India"
recoGHUjw3ejyIp10,Sri Dhunda Maharaj of Pandharpur (Deglurkar),Varkari,Needs Research,Secondary,Medium,Spiritual region maps to Varkari. Tier proposed as Secondary because the record is a close family/lineage member or direct section fit.,Family FAM-044 is present but not mapped to a stronger section override; review family tree if this placement feels off.,FAM-044,,2,Varkari Heartland,(No Sampradaya),"Pandharpur, Maharashtra, India"
recgLNDt6Cm8j1CEs,Sri Digambar Swāmi of Alandi,Varkari,Needs Research,Tertiary,Medium,"Spiritual region maps to Varkari. Tier proposed as Tertiary because placement is contextual, inferred, or lower-confidence.",,,,,Varkari Heartland,(No Sampradaya),"Alandi, Maharashtra, India"
recVaCcbHUvx8FlnC,Sri Eknath Maharaj of Paithan,Varkari,Girnar & Nath Traditions,Featured,Medium,Spiritual region maps to Varkari. Explicit archivalist featured saint override: Sri Eknath Maharaj of Paithan. Tier proposed as Featured because the record appears to anchor or lead a family cluster.,,,,,Varkari Heartland,(No Sampradaya),"Paithan, Maharashtra, India"
rec6a3D8Fdn3qoexV,Sri Gajanan Baba of Karkamb (Close to Pandharpur) ,Varkari,Needs Research,Tertiary,Medium,"Spiritual region maps to Varkari. Tier proposed as Tertiary because placement is contextual, inferred, or lower-confidence.",,,,,Varkari Heartland,(No Sampradaya),"Pandharpur, Maharashtra, India"
recgLw2yBtYPzYLhV,Sri Gunda Maharaj of Pandharpur (Siddha Sihasan Peetha) ,Varkari,Needs Research,Secondary,Medium,Spiritual region maps to Varkari. Tier proposed as Secondary because the record is a close family/lineage member or direct section fit.,Family FAM-051 is present but not mapped to a stronger section override; review family tree if this placement feels off.,FAM-051,,2,Varkari Heartland,(No Sampradaya),"Pandharpur, Maharashtra, India"
recAtq7P7l6ZxatKD,Sri Gunda Narayan Maharaj of Pandharpur,Varkari,Needs Research,Secondary,Medium,Spiritual region maps to Varkari. Tier proposed as Secondary because the record is a close family/lineage member or direct section fit.,Family FAM-051 is present but not mapped to a stronger section override; review family tree if this placement feels off.,FAM-051,,2,Varkari Heartland,(No Sampradaya),"Pandharpur, Maharashtra, India"
recwaqzrPJ8GnzVjC,"Sri Gyaneshwar of Alandi, Pune",Varkari,,Featured,High,Spiritual region maps to Maharashtra Guru Lineages. Explicit archivalist featured saint override: Sri Gyaneshwar of Alandi. Explicit archivalist movement override: Sri Gyaneshwar of Alandi belongs only in Varkari. Section overridden to Varkari. Tier proposed as Featured because the record appears to anchor or lead a family cluster.,Explicit archivalist movement override: Sri Gyaneshwar of Alandi belongs only in Varkari.,FAM-044,,2,Modern Guru Centers,(No Sampradaya),"Pune, Maharashtra, India"
recg5a1VDEaKp6X0T,"Sri Hari Bhakti Parayan Sadguru Sri Baba Maharaj Satarkar of Pandharpur, Maharashtra",Varkari,Needs Research,Tertiary,Medium,"Spiritual region maps to Varkari. Tier proposed as Tertiary because placement is contextual, inferred, or lower-confidence.",,,,,Varkari Heartland,(No Sampradaya),"Pandharpur, Maharashtra, India"
recFKbDXNfxYKWbk3,Sri Hari Das Maharaj of Pandharpur,Varkari,Needs Research,Tertiary,Medium,"Spiritual region maps to Varkari. Tier proposed as Tertiary because placement is contextual, inferred, or lower-confidence.",,,,,Varkari Heartland,(No Sampradaya),"Pandharpur, Maharashtra, India"
recAGoqcP2Mxt4alb,Sri Jaganade Maharaj of Pune ,Varkari,Maharashtra Guru Lineages,Secondary,Medium,Family override from FAM-019 (Sri Tukaram Maharaj Family); family placement takes priority over geography. Tier proposed as Secondary because the record is a close family/lineage member or direct section fit.,Organize inside Varkari using FAM-019 family context before geography.,FAM-019,,3,Modern Guru Centers,Vaikari,"Pune, Maharashtra, India"
rec8MNKAu5qm4Mk94,"Sri Janabai of Gopalpur, Pandharpur ",Varkari,Needs Research,Featured,Medium,Spiritual region maps to Varkari. Explicit archivalist featured saint override: Sri Janabai of Pandharpur. Tier proposed as Featured because the record appears to anchor or lead a family cluster.,,,,,Varkari Heartland,(No Sampradaya),"Pandharpur, Maharashtra, India"
recW5CJHvadVzJNYy,"Sri Jayatirtha (Teekacharya) of Mangalwedha, Maharashtra ",Varkari,Needs Research,Tertiary,Medium,"Spiritual region maps to Varkari. Tier proposed as Tertiary because placement is contextual, inferred, or lower-confidence.",,,,,Varkari Heartland,(No Sampradaya),"Mangalwedha, Maharashtra, India"
recdu33HWMmoZfdQQ,Sri Kaikadi Maharaj of Pandharpur ,Varkari,Needs Research,Tertiary,Medium,"Spiritual region maps to Varkari. Tier proposed as Tertiary because placement is contextual, inferred, or lower-confidence.",,,,,Varkari Heartland,(No Sampradaya),"Pandharpur, Maharashtra, India"
rec5uKfAgf1pXTKbY,"Sri Kanopathra of Pandharpur, Maharashtra ",Varkari,Needs Research,Featured,Medium,Spiritual region maps to Varkari. Explicit archivalist featured saint override: Sri Kanopathra. Tier proposed as Featured because the record appears to anchor or lead a family cluster.,,,,,Varkari Heartland,(No Sampradaya),"Pandharpur, Maharashtra, India"
rec6PS5ijxeNhR01A,Sri Kiriteshwar Maharaj of Solapur ,Varkari,Needs Research,Tertiary,Medium,"Spiritual region maps to Varkari. Tier proposed as Tertiary because placement is contextual, inferred, or lower-confidence.",,,,,Varkari Heartland,(No Sampradaya),"Solapur, Maharashtra, India"
recjktPFaK4eUFgb2,Sri Meerabai Maharaj of Pandharpur ,Varkari,Needs Research,Tertiary,Medium,"Spiritual region maps to Varkari. Tier proposed as Tertiary because placement is contextual, inferred, or lower-confidence.",,,,,Varkari Heartland,(No Sampradaya),"Pandharpur, Maharashtra, India"
recwbU7HkK8kDlaFq,Sri Naamdevji Maharaj of Pandharpur ,Varkari,Needs Research,Tertiary,Medium,"Spiritual region maps to Varkari. Tier proposed as Tertiary because placement is contextual, inferred, or lower-confidence.",,,,,Varkari Heartland,(No Sampradaya),"Pandharpur, Maharashtra, India"
recyneffGvOQBsKXb,Sri Narahari Sonar Maharaj of Pandharpur ,Varkari,Needs Research,Featured,Medium,Spiritual region maps to Varkari. Explicit archivalist featured saint override: Sri Narahari Sonar Maharaj. Tier proposed as Featured because the record appears to anchor or lead a family cluster.,,,,,Varkari Heartland,(No Sampradaya),"Pandharpur, Maharashtra, India"
recY3qLwMZxTLFh4x,"Sri Prasad Maharaj Amalnerkar of Pandharpur, Maharashtra",Varkari,Needs Research,Tertiary,Medium,"Spiritual region maps to Varkari. Tier proposed as Tertiary because placement is contextual, inferred, or lower-confidence.",,,,,Varkari Heartland,(No Sampradaya),"Pandharpur, Maharashtra, India"
recolnVsxWIfcvGSp,"Sri Ragunath Baba of Alandi, Maharashtra",Varkari,Girnar & Nath Traditions,Tertiary,Medium,"Spiritual region maps to Varkari. Tier proposed as Tertiary because placement is contextual, inferred, or lower-confidence.",,,,,Varkari Heartland,(No Sampradaya),"Alandi, Maharashtra, India"
recL4SuWW6DiQPmxo,"Sri Ramabai Mahajan of Pandharpur, Maharashtra ",Varkari,Needs Research,Tertiary,Medium,"Spiritual region maps to Varkari. Tier proposed as Tertiary because placement is contextual, inferred, or lower-confidence.",,,,,Varkari Heartland,(No Sampradaya),"Pandharpur, Maharashtra, India"
recrDQqKe8QchSUwH,Sri Sadguru Dattatreya Shit Sagar Maharaj Yewati of Karkamb ,Varkari,Needs Research,Tertiary,Medium,"Spiritual region maps to Varkari. Tier proposed as Tertiary because placement is contextual, inferred, or lower-confidence.",,,,,Varkari Heartland,(No Sampradaya),"Pandharpur, Maharashtra, India"
recLSMfzN6MGscqe5,"Sri Sakharam Maharaj of Pandharpur, Maharashtra ",Varkari,Needs Research,Tertiary,Medium,"Spiritual region maps to Varkari. Tier proposed as Tertiary because placement is contextual, inferred, or lower-confidence.",,,,,Varkari Heartland,(No Sampradaya),"Pandharpur, Maharashtra, India"
rec22Ac7vT7uMvSnx,Sri Sankali Babaji of Pandharpur  ,Varkari,Needs Research,Tertiary,Medium,"Spiritual region maps to Varkari. Tier proposed as Tertiary because placement is contextual, inferred, or lower-confidence.",,,,,Varkari Heartland,(No Sampradaya),"Pandharpur, Maharashtra, India"
recVXtvEukZGghvSl,"Sri Savata Mali of Aran, Maharashtra ",Varkari,,Tertiary,High,"Spiritual region maps to Maharashtra Guru Lineages. Explicit archivalist movement override: Sri Savata Mali belongs only in Varkari. Section overridden to Varkari. Tier proposed as Tertiary because placement is contextual, inferred, or lower-confidence.",Explicit archivalist movement override: Sri Savata Mali belongs only in Varkari.,,,,Maharashtra General,(No Sampradaya),Maharashtra
reciCL7qa0nHMpwAS,Sri Sevagiri Maharaj of Pusegaon,Varkari,Needs Research,Tertiary,Medium,"Spiritual region maps to Varkari. Tier proposed as Tertiary because placement is contextual, inferred, or lower-confidence.",,,,,Varkari Heartland,(No Sampradaya),"Pusegaon, Maharashtra, India"
recUlVLZdIKi5abyf,Sri Siddheshwar Maharaj of Solapur,Varkari,Needs Research,Tertiary,Medium,"Spiritual region maps to Varkari. Tier proposed as Tertiary because placement is contextual, inferred, or lower-confidence.",,,,,Varkari Heartland,(No Sampradaya),"Solapur, Maharashtra, India"
rec6U9l7JTPzzg7FW,"Sri Sundargiri Maharaj of Pusey Gaaon, Satara, Maharashtra ",Varkari,Needs Research,Tertiary,Medium,"Spiritual region maps to Varkari. Tier proposed as Tertiary because placement is contextual, inferred, or lower-confidence.",,,,,Varkari Heartland,(No Sampradaya),"Pusegaon, Maharashtra, India"
recR7ywQQ9iQeOC6m,Sri Swami Narayanand Saraswati of Pandharpur or Balyogi Maharaj,Varkari,Needs Research,Tertiary,Medium,"Spiritual region maps to Varkari. Tier proposed as Tertiary because placement is contextual, inferred, or lower-confidence.",,,,,Varkari Heartland,(No Sampradaya),"Pandharpur, Maharashtra, India"
recWgvLbWAL1hMY40,Sri Tampure Maharaj of Pandharpur ,Varkari,Needs Research,Tertiary,Medium,"Spiritual region maps to Varkari. Tier proposed as Tertiary because placement is contextual, inferred, or lower-confidence.",,,,,Varkari Heartland,(No Sampradaya),"Pandharpur, Maharashtra, India
Solapur, Maharashtra, India"
recnGc8AjeiSKvU0F,"Sri Tukaram Maharaj of Dehru, Pune ",Varkari,Needs Research,Featured,Medium,Family override from FAM-019 (Sri Tukaram Maharaj Family); family placement takes priority over geography. Explicit archivalist featured saint override: Sri Tukaram Maharaj of Pune. Tier proposed as Featured because the record appears to anchor or lead a family cluster.,Organize inside Varkari using FAM-019 family context before geography.,FAM-019,,3,"Varkari Heartland
Modern Guru Centers",(No Sampradaya),"Dehu, Pune, Maharashtra, India"
rec7uMJLec4SDErel,Sri Vallabhacharya of Pandharpur ,Varkari,Needs Research,Tertiary,Medium,"Spiritual region maps to Varkari. Tier proposed as Tertiary because placement is contextual, inferred, or lower-confidence.",,,,,"Varkari Heartland
Swaminarayan & Modern Gujarat",(No Sampradaya),"Pandharpur, Maharashtra, India
Ahmedabad, Gujarat, India"
rec6XzopLLlm06Rtt,Sri Vitthalananda Saraswati (Vitthal Babaji) of Pandharpur/ Kurvapur,Varkari,Needs Research,Secondary,Medium,Spiritual region maps to Varkari. Tier proposed as Secondary because the record is a close family/lineage member or direct section fit.,Family FAM-063 is present but not mapped to a stronger section override; review family tree if this placement feels off.,FAM-063,,2,"Varkari Heartland
Datta Sampradaya Belt",(No Sampradaya),"Pandharpur, Maharashtra, India
Kurvapur, Karnataka, India"
recug7GcLwKoKstZy,"Sri Vivekanand Waskar Maharaj of Pandharpur, Maharashtra ",Varkari,Needs Research,Tertiary,Medium,"Spiritual region maps to Varkari. Tier proposed as Tertiary because placement is contextual, inferred, or lower-confidence.",,,,,Varkari Heartland,(No Sampradaya),"Pandharpur, Maharashtra, India"
